Age,Income,Credit_Score,Loan_Amount,Employment_Length,Gender,Default
56,70643.11193369149,333,28312.108091984035,37,1,0
69,102363.55980507772,387,51294.704239828265,1,1,0
46,105569.45396398683,315,56838.35556661602,1,1,0
32,160940.04164249636,720,94367.69870429309,18,0,0
60,155027.58129767227,425,27393.16010621131,4,1,0
25,102227.20482010434,307,93732.13568920457,3,1,0
78,172220.12283777885,771,80681.03263110587,27,1,0
38,40562.68494645125,767,73358.51135458284,17,0,0
56,65963.60304120227,809,78900.15664932739,39,1,0
75,169035.76343040526,701,60937.07954212564,40,0,0
36,88038.92695270755,475,25163.921035786097,30,0,0
40,196612.6805828916,666,19760.00191514542,21,1,0
28,103925.59067501037,787,86767.80214918866,10,1,0
28,162548.41213347754,317,72788.80085698748,15,1,0
41,92415.26744882695,355,22107.223993333955,3,1,0
70,96491.63343123747,334,61894.24322156575,20,0,0
53,88918.96651115303,646,45307.10166000816,40,0,0
57,149433.6116919461,331,16706.8618263463,24,0,1
41,118553.219130799,432,53653.85382635927,19,0,1
20,189880.06004630643,498,28870.390154175308,7,1,1
39,65160.25697613886,555,10528.168291599584,8,1,1
70,38101.291775019985,641,47228.87155599567,17,0,0
19,90787.06731785873,530,59420.74665726262,30,0,0
41,131008.28737641968,600,5643.7346277339,34,0,0
61,174943.8086447891,846,40807.182191688684,29,0,1
47,82315.43960245898,325,26508.530063831844,17,1,0
55,137681.6152024031,834,4034.4084800160094,18,0,0
19,83035.76258417944,773,13440.592411539075,40,0,0
77,131099.52493900247,686,14764.381723019378,23,0,0
38,179265.43046551716,584,19104.550563679142,21,0,0
50,61644.375606693626,749,80534.3795723542,13,1,1
29,92763.49557926705,619,44509.694781335784,18,0,0
75,198787.73535735437,455,15561.513234768301,28,0,0
39,176340.26508490293,770,10929.399725861036,21,0,1
78,121635.17442131635,719,30496.10541417487,29,0,0
61,112992.96653376956,412,80003.53635174078,14,0,1
42,71228.06881484258,721,37081.52494602471,20,1,0
66,113097.69698483529,584,16829.83866909987,25,0,1
44,172672.6696903905,353,41007.50197306983,35,0,0
76,143331.4123900005,624,55975.84417141869,11,0,0
80,72207.92507203759,757,3928.834180163371,6,0,0
59,56263.50578963593,564,63136.538342577136,10,1,1
45,67737.53665942924,681,40114.97454846414,38,1,0
77,50556.65625070877,512,1962.861637988244,19,1,0
33,37215.32528426887,632,67715.05049569171,34,0,0
32,95444.51139956989,309,71526.37592070216,3,1,1
79,40393.92879168819,657,63255.1390673096,1,0,0
79,50944.260390878786,502,34851.091542243805,19,1,0
64,118518.4431811075,357,53430.88055253015,19,1,1
79,49627.86926592345,793,39328.6129072101,11,1,0
68,31498.358137562514,809,70361.55128580975,16,1,0
61,77129.99300501934,522,58774.43843713518,17,0,1
72,59657.43775195415,668,9098.112268917524,39,1,0
69,112754.93383898781,717,64666.26226368074,23,1,0
74,38426.07522497767,846,69036.60301944235,7,0,1
20,155318.74178293606,402,37699.51588085524,36,1,0
54,183122.03349832495,460,87702.79231501074,40,1,0
68,153818.33131211498,499,84458.42112965131,29,1,1
24,115908.86673225097,459,18341.485866074046,19,0,1
38,174920.20792199933,435,90522.36454010099,22,0,1
26,145085.30836067133,697,44646.36477801268,36,1,0
56,21899.202041034172,691,72651.21561079504,9,1,0
35,90936.22749941055,405,81595.60368975636,32,0,0
21,173171.34189322402,353,51006.1296858993,23,0,0
42,82254.59443554847,576,40511.091997710755,35,1,0
77,26338.73123459423,410,91629.68549289474,15,0,1
31,154312.33493940902,523,23854.5017406069,27,1,0
67,164366.88865091634,374,26440.037694195304,11,0,0
75,48906.865107795544,805,36800.41108733027,19,0,0
26,116721.28943177262,313,86087.112019086,17,1,1
43,54551.97901923064,781,93940.03815709452,36,1,0
70,149462.1954279464,488,22786.703760731325,25,1,0
19,68879.08193194741,663,86523.1446154933,6,0,0
37,76918.72206139941,538,26562.09298738836,20,1,0
45,172094.75365521826,700,97093.48342823892,31,1,0
64,105738.02339724278,603,60143.38130617665,6,0,0
77,140555.8012192846,390,1701.560277290857,22,0,1
24,92427.14913004417,691,4378.860503046611,19,1,0
61,73641.23429487598,483,15600.968549666139,19,0,0
78,132586.05087643903,316,19569.742624056915,31,1,0
25,47874.36333418783,311,76994.29315983306,25,0,1
64,87139.97040203534,465,23053.82176527804,35,0,1
52,57626.66672946601,445,96945.02038493613,23,0,0
31,145243.09404933418,581,63975.09366309089,0,0,1
34,189957.59090229936,848,69559.23341609826,27,1,0
53,199191.97424285594,468,22563.835409235544,25,0,1
67,101049.82587948634,469,89377.92509541339,33,1,0
57,65455.470134560004,645,67113.6427091732,25,0,1
21,99709.28666917834,798,86576.15680984453,35,1,0
19,172508.49379329028,759,95691.62862589148,4,1,0
79,57081.02213936718,596,13438.456733850047,1,0,0
23,191377.21729752628,441,10562.135796625622,31,1,1
71,81535.83838366717,352,80537.37483237394,33,1,0
59,197444.65870105487,417,86746.47985032285,29,1,0
21,170949.5997561132,664,58792.38066692058,23,1,0
71,165542.69614653027,435,37234.05422730154,27,1,0
46,77222.84127919105,713,65610.33397144715,2,1,0
80,21579.898150627305,376,31260.743186653275,9,0,1
35,88783.9235886778,317,24600.183523193347,5,1,1
43,74325.68653928486,702,49326.375743199285,33,1,0
61,26731.458273583514,504,22399.22893303159,30,1,1
51,110965.74617106734,798,48886.65722320211,12,0,0
27,92545.6360308926,623,95704.04404089363,38,0,0
79,134220.16419347445,580,84138.61952612165,19,0,1
53,131813.53799493497,465,94221.4610305022,31,1,0
31,41734.39446140242,542,80826.5685098885,9,0,0
48,195853.79830279207,778,36120.342658681395,25,0,1
65,53647.65729946044,463,81392.47861660435,18,0,0
32,100149.32445764683,623,92368.65861176819,28,1,0
25,107861.15781807229,850,94756.5429958684,12,0,0
31,166351.30349854162,507,68636.58721781471,33,0,0
40,37861.32729703642,614,21925.297737696204,19,1,0
77,97155.97025753572,603,4933.186183104394,39,1,0
74,133130.39064251672,538,15572.82258785542,17,0,1
79,58728.011892329996,523,96589.1448715006,33,1,0
57,132944.2217778931,387,46747.58559508417,7,0,0
38,186259.6707589375,836,85643.6154683737,15,1,0
33,199553.2636110815,728,47039.37120227082,39,0,0
62,25841.193822321628,519,66420.9407625241,22,1,0
35,62405.881084041954,574,3389.936935111031,31,1,0
64,75855.28084250554,365,25736.62932921731,12,1,0
70,91842.6980800939,722,44190.65872421634,25,0,0
41,63606.28836525813,554,63432.47366826215,37,0,0
43,56627.83901995626,424,17980.597617264673,0,0,0
42,191819.69163515,445,76690.59496277852,1,1,0
77,185333.8884986932,684,37076.06590748749,38,1,0
77,28458.650180561144,746,81926.09165415456,12,0,0
77,80986.34388887267,686,10698.939949111662,26,1,0
62,92926.73966211319,682,68295.90218055483,3,0,0
58,63022.61623986981,576,30039.50498744451,40,0,0
46,133197.12145787157,681,79742.93423813918,19,0,0
32,135268.5343959634,423,40814.87227719864,2,1,0
62,173090.76109914746,566,66869.61359409308,22,0,1
18,153356.46830933922,410,93496.22159501087,1,0,0
42,117663.19885387202,680,3042.0365693626713,15,0,0
24,137645.61860799557,457,2100.56145110299,9,0,1
26,69317.98067774325,847,77257.64596549464,27,0,0
41,126750.11419412438,417,64992.912099299734,17,1,1
18,108060.90585498547,627,30004.992329938832,1,1,0
61,44002.00411694667,367,49945.273574651976,13,0,1
25,63657.96978493473,733,5151.630894288006,19,0,0
41,72504.82112988549,658,20052.114930762837,39,0,0
80,186375.72206946043,742,43025.14107818958,22,0,0
28,61469.5950894601,463,83570.39720592674,6,1,1
68,72063.90250754028,660,48487.0511031484,13,1,0
34,86483.74341609782,418,59049.88794807189,36,0,0
25,139473.69295256966,494,87501.62540738426,7,1,1
52,41282.91064498529,540,31573.072445295682,4,1,1
52,191710.1382488797,808,70369.23278910354,22,0,0
50,175802.8196170576,441,86305.05860914708,40,0,0
76,123898.89314161103,330,21058.954368921495,9,0,0
22,141326.8161364922,522,36291.338349635414,26,0,0
59,22998.884823958877,565,98001.20721504616,34,0,1
56,81010.05956272077,581,98338.6379148249,0,1,0
75,163218.84151905956,680,23099.76309909985,6,1,0
58,33946.93528262946,361,7578.138050370184,7,1,1
45,70816.49015792963,820,27821.239519695235,10,1,0
24,125353.42910017603,370,40375.46377306504,33,0,0
26,66154.34498580953,835,44659.554492185205,27,1,1
25,188116.03534601346,439,62261.82442571194,33,0,1
29,43590.553544772265,615,90050.7732530231,19,1,0
51,163530.98442340014,639,33704.45317880908,27,0,0
50,111430.76454315348,827,85148.46901442164,36,1,0
65,155059.5396475921,840,10254.413171736063,2,1,0
72,75928.75909606053,715,5145.595198348257,8,1,0
40,112608.12841616698,766,50900.473129222664,21,0,1
79,174230.36295017175,674,6906.560109729884,24,0,0
41,104038.0578421588,590,39856.49032218879,1,1,0
54,84749.57514384853,342,89781.0335700542,22,0,1
52,116507.96952549249,352,24906.820584539862,16,1,0
61,149125.29554654605,531,70891.60173736542,24,1,1
57,99841.40218973049,511,30934.17384661662,11,0,1
39,188997.85552560913,307,5447.085468971425,26,0,0
44,73090.24832762156,782,56112.36755962062,19,1,0
52,105583.44911044168,341,83650.49556313842,8,1,0
18,156246.97868145947,632,41537.37638591932,22,1,1
52,144041.79628923646,532,62112.08881935062,35,1,1
54,175455.38943508812,369,90102.33616811487,27,1,0
64,199425.65252259962,315,79179.75676096178,28,1,1
31,96834.49918311612,368,20193.76353988911,31,1,0
20,40007.15836099613,352,73605.01197713557,11,0,0
18,25474.858545434236,678,50687.40949085505,29,0,0
22,150837.84310515889,762,74850.71398072239,10,0,0
43,177322.4608355688,826,49957.0395016996,36,0,0
72,59728.265469995364,362,13667.858246721982,19,0,1
80,48520.64669418307,560,57421.03522223468,10,0,0
31,31196.916474624377,799,49721.26524733665,37,0,0
56,168086.52590909714,420,52274.25163050274,15,1,1
44,76048.74918066518,539,88011.34291094115,34,1,1
26,92305.44069675978,764,89588.8676239189,0,0,0
32,110495.03448973021,406,45900.17356980612,24,1,0
32,171101.58215771912,479,46117.47208672875,26,0,1
43,137149.9798810673,315,52003.50892838898,31,0,0
59,130711.63337440604,654,52439.33855509144,5,0,0
77,51620.97799206393,608,95088.32727373215,40,0,0
30,112374.18050776936,480,65290.64627037185,35,1,0
68,148768.58309215793,473,28468.24249390645,38,0,1
80,195186.9589454885,653,53622.142898445,22,0,0
49,56253.1356584034,653,63095.134707890305,28,0,0
56,21717.803552100795,518,64337.40038038249,29,1,1
66,33554.25804772455,614,58940.168397580084,21,1,1
69,87653.44373275626,733,18595.8793075322,10,0,0
78,167698.03659427768,581,4325.725718871241,25,1,0
49,21285.574718284108,558,34446.46218431859,22,0,1
21,102211.50671945125,304,43324.6933014651,2,1,0
47,79261.510761451,693,7118.619718032574,5,0,0
54,29446.707817950963,635,81681.76646396477,6,0,1
40,101042.53160107111,362,35063.666313517104,38,0,1
56,65854.76732060939,343,91449.64187167196,21,1,1
62,83339.27018246116,452,16286.60067638425,32,1,0
32,147010.75486117275,455,6636.560736794029,39,0,0
60,113879.17710397409,777,48749.29433424585,2,1,0
46,42436.537218706406,574,19723.804345744957,29,1,0
53,193054.61727625504,657,93802.52828220825,23,0,0
30,134463.9378277529,725,2020.0364469201563,2,0,0
49,157856.31661925567,831,41849.34783084446,1,1,0
24,34258.36700150675,782,92748.02936317166,39,0,0
76,28470.5083028034,513,39057.40246624707,18,1,0
68,23500.64906625461,378,10217.818779445615,23,0,0
39,53982.92499922,438,30986.59934331692,19,0,1
45,94593.51158932912,397,50303.028989608916,30,0,0
19,188448.7040125081,497,19330.017046989975,40,0,1
59,102270.73866783973,455,47189.60880918293,30,0,0
62,72245.9189670553,349,83797.97638279792,36,0,0
79,121148.3456335394,778,87389.17904946468,28,0,0
74,40148.22406426206,527,5876.812736362479,3,0,1
70,129711.06038089698,756,16929.432447204774,9,1,0
23,122317.7517794906,821,28253.72344091361,35,1,0
45,162558.74601302773,448,59891.71923787258,34,1,1
45,197603.77009106433,357,36738.48112045424,20,1,0
61,65157.224908899894,461,84560.05043116146,40,1,1
61,111738.16114467692,776,71950.51496001083,0,1,1
37,183595.77313742065,406,10945.146288237313,11,1,0
47,161334.17919611145,726,62831.19274869703,23,1,0
79,107733.13455814536,694,12188.249909350863,1,1,0
28,190166.89693066,485,26248.531294009546,19,0,0
75,30302.60483302569,745,18609.19271988858,15,1,1
72,187579.75154826514,747,18133.13297086979,33,1,0
45,29091.330628905176,386,62023.15695290906,12,0,1
42,118514.85394064318,548,56796.88733286199,17,1,1
56,180279.37064019544,739,18426.78712598496,28,0,0
79,67289.76984103452,556,99027.10773642475,13,0,0
50,105004.72981012854,576,42761.836504461084,29,1,0
18,78379.19824465399,737,10609.863487338725,34,1,0
74,191385.90507374326,815,12936.332678556397,8,0,0
44,168256.20705555636,501,58805.477658932876,36,1,0
79,147620.2720387483,479,97927.87093496381,38,1,1
74,125772.85759071956,624,57623.15906030058,11,1,0
69,167706.52207834666,774,94955.10618504709,20,1,0
30,90608.06747423847,699,44969.15222504465,17,0,0
58,100559.33391909114,516,44148.26926154919,10,0,1
20,151400.30979455507,752,50500.72857227234,26,1,0
56,84395.85739286857,703,70045.12035739997,23,1,0
23,31502.169568707286,539,37393.98067868193,40,1,1
25,33380.229599492865,485,86524.71723521674,33,0,1
44,40765.30423502669,347,3898.857092046477,19,1,0
26,176542.63820185928,685,44536.65530781579,12,1,0
79,105000.75663611678,507,51588.193148011866,7,0,1
54,148318.82648205257,456,61096.19158804652,36,0,0
50,90723.68040888078,524,28331.11932422046,4,1,1
68,66567.9705348142,443,43320.5171275977,6,0,0
59,82494.59016119814,718,48969.23727119161,11,1,0
61,162952.82215709303,410,69004.0878896381,40,0,1
41,132538.90250565886,764,77580.87428884559,3,0,0
32,188775.16039242237,431,74044.90540703494,39,0,0
76,142346.86014383013,633,34816.72217666895,18,0,0
71,122632.69371584491,374,99945.60177620439,0,0,1
49,129835.28161745021,711,85017.86586693076,12,0,0
49,189626.85910431464,818,26742.313941351924,24,1,0
41,161876.1673760071,335,20315.474761609927,33,1,0
58,24327.422725958808,522,32088.10380775566,34,0,1
69,116145.1453044255,829,45782.14044696484,16,0,0
66,143900.91407838167,540,85229.13845364178,25,1,1
79,154765.7261190479,433,78057.86411565891,20,1,1
66,58365.5814765086,690,85273.36622708173,11,0,0
75,176091.9238012434,401,27923.75437612252,15,0,1
69,192051.76649152947,797,59752.66102273178,19,1,0
29,62608.75505207656,810,29041.65716546007,9,0,0
79,178870.78235310424,836,11793.29291122982,22,1,0
56,37456.17725289717,844,68735.57660399338,29,0,0
19,30027.230500744132,642,15156.75756834844,7,0,1
20,43260.28401849489,305,67102.07840894067,4,0,1
66,30393.394304066478,493,65148.4661856355,11,0,1
54,172102.20268803966,436,81214.59599797768,13,1,1
66,30629.02600248895,772,14815.905851792875,11,1,1
73,68899.554445458,515,78564.53470237227,23,1,1
34,38676.141836454146,648,99928.37606867746,16,1,1
76,73175.9665364777,482,85253.20241000432,0,1,0
66,36300.704168165685,467,75429.39555643896,36,1,1
19,140240.58513374254,337,66554.37011477606,10,0,0
19,43998.82694166353,770,42756.366983857515,5,0,0
45,173332.2666509998,751,73319.51662126862,14,1,0
71,167094.38913079537,789,72693.62547890487,40,0,1
40,22459.103384709695,441,63518.329986041535,39,1,1
54,181230.7439927206,402,79831.55945148501,22,1,0
49,25209.97701380607,341,45427.62495425664,22,0,0
50,63136.24129236019,446,13004.018501106673,37,1,0
18,25830.04479967911,365,56347.7050333145,37,0,1
36,80451.82766707687,492,27239.30934242292,11,1,1
79,112495.9746283889,597,39058.87664548587,6,1,0
19,163396.07642272484,337,2724.075490181376,36,1,1
70,80836.6790845705,801,38896.26820387045,15,0,0
61,146988.204441161,727,81071.30950741001,37,0,0
43,53750.80228141646,651,54729.51432688723,39,0,0
49,155107.72221394276,625,1970.2521664631333,34,0,0
23,62479.389063662755,337,47514.53820374488,39,1,0
49,45838.05606987822,396,29853.713116895335,28,0,0
72,53373.59306732978,407,48277.51488431994,38,0,0
21,52771.36319873397,450,41064.57942333983,16,0,0
72,112315.3182878584,373,93265.94273618078,25,0,0
28,172063.5646138663,356,5076.552597338565,19,1,0
73,34328.91385865101,634,68675.2131169113,24,0,1
76,147252.13732881608,551,85251.63303387241,37,1,0
34,137782.36273751437,553,95964.61988039706,38,0,0
80,177053.59132928523,684,18585.986427885295,36,0,0
55,63946.5608912433,755,53599.1753946532,18,0,0
41,101019.77456330533,558,5315.368154403979,20,0,1
22,186648.92739983313,764,50419.168921053766,31,0,0
69,138798.8210243571,333,13420.350864557211,27,0,1
51,89978.31431508744,794,83951.77079517263,38,0,0
23,43654.22891394832,625,12273.13025793112,40,0,0
39,67247.3014221064,537,51815.547678263036,11,0,0
28,124618.78594808899,840,52588.51083028262,14,1,0
80,149270.23056089247,765,97193.39929522894,27,0,0
65,42395.93963334082,603,65843.08870984992,20,0,0
33,127927.50680792972,416,29496.18901460339,15,0,0
50,119063.23019097518,506,24839.13168387571,22,1,1
26,112511.98040432745,780,13696.572358861424,25,1,1
77,144222.16118276143,702,75894.9576808569,14,0,0
76,170740.92711502314,532,69384.90896205153,36,0,0
23,78138.1429718363,583,61377.83560350249,11,1,1
33,180022.1942199727,779,5043.203852048846,3,1,0
46,48914.050271339125,308,76520.05777303515,34,0,0
20,51144.296555209585,678,64546.87013769944,30,1,0
37,68018.97145230632,680,96424.99794293835,26,0,0
77,41515.556518474004,659,59133.010857804395,31,1,0
76,61457.46044291797,475,31091.238759509106,32,0,1
53,39154.11732251203,784,38770.5346667427,12,0,1
36,167915.43505737025,704,18408.229832445017,36,0,0
43,45014.41853959243,332,72568.50403793713,1,0,1
20,154513.56036077422,764,71064.4443421508,37,0,0
80,28624.49622440007,456,20864.351532289947,36,1,1
36,190733.65895250472,501,16690.44299504558,4,0,0
37,148008.8157549979,474,8623.488387017263,17,1,1
49,21223.378745500122,543,91285.5986244941,16,1,0
24,157494.17003603853,568,24073.91353579026,1,1,0
69,112534.74573791336,745,35072.18914842859,34,1,0
58,160285.73066032157,373,28769.946329371574,13,0,1
50,114049.42560030593,395,41948.83565846831,11,1,0
57,135384.47437436384,472,71690.83113886585,32,1,0
56,161539.6979711073,705,87188.96773890217,6,1,0
35,92919.44982581421,454,19077.276203325477,38,0,0
57,20487.466967681376,482,68954.82203037535,8,0,1
18,172990.36927013393,622,35903.65208200603,4,1,0
28,88560.26527243927,588,98072.18966143198,3,1,0
45,109287.69068298495,557,30592.99676912361,31,0,1
74,21397.99558771437,473,1712.1026447781364,4,1,0
42,108576.56186301763,629,52048.35742796467,7,0,0
67,197567.7322829113,530,15922.377343317836,12,1,0
40,70088.17894737853,460,5404.948255021511,3,1,1
48,91175.28864362805,485,70128.65396282314,10,0,1
47,143694.1993643618,442,73493.6689683372,14,0,0
59,166662.86015425855,581,46609.202298533746,17,1,1
52,95130.49232109805,326,68011.66615890115,19,0,0
24,75740.39667223266,545,54285.705376466256,0,1,1
77,188808.6439973121,786,63350.309664471235,0,0,0
33,141886.09400090046,501,60073.69334560816,10,0,1
43,41423.834808765394,320,66916.45364150364,28,0,0
65,32407.018064236752,393,20763.434218643953,28,1,1
74,107038.97314226643,307,27601.95538363332,23,1,1
69,59616.21188850904,771,44556.35180126151,19,1,0
77,65717.25560772562,638,45166.67293249945,29,0,0
66,177984.59218901268,558,77666.75944710353,37,1,0
19,36121.88437693592,354,37371.97226372367,4,0,1
18,148765.54074120015,847,17088.01044985905,9,0,0
65,68805.60560850585,305,25895.131078616512,5,0,0
79,156859.0798527448,676,22258.61673603861,3,0,0
29,150034.04920343804,349,73434.34190634618,3,1,1
22,21330.542259972746,411,47563.62184797222,6,1,1
54,111644.37432588784,445,71154.43909912735,32,1,1
49,45077.50682804835,529,42205.74839500507,8,0,1
76,175920.86550416183,796,89083.8246478866,25,1,1
72,176885.45891523318,605,98368.51046455072,40,0,0
26,95302.24534887644,841,67314.40836155856,20,1,0
58,99991.2113211945,760,86517.44316638567,21,1,0
52,74590.92909281488,525,51285.3934500342,32,1,0
36,148989.13381280558,358,93527.46319503688,32,1,0
65,84559.04534476265,375,83327.06208160997,4,1,0
33,68202.64541407408,727,99186.07860483788,20,1,0
20,97801.59071081148,431,62686.279797450276,26,0,0
37,36467.75330974257,797,78141.46728655463,40,0,0
41,154388.5768359567,604,54743.94585784314,0,0,0
71,22267.352228921653,366,26652.890322870862,15,1,1
73,136007.3110737069,529,36120.761941846016,34,0,1
50,52915.61481587704,632,89506.53605840029,35,1,0
41,61832.72831859436,576,6538.846713263436,31,0,0
69,134413.7597552072,443,59556.50872136641,28,1,1
28,198729.8238409233,550,37875.91921790676,38,1,0
66,159989.14803305911,379,39282.561262550014,22,0,1
25,60651.133800210555,356,88572.54943496296,14,1,1
53,51684.45590740409,665,85528.41508007643,25,1,0
55,175921.91664818066,607,60285.3951816744,36,0,0
57,99953.11062587077,473,28018.965893029057,24,0,0
37,44669.50450906798,761,48070.17827004038,1,0,0
79,175198.05619794887,792,41421.04598513239,11,0,0
52,166896.62352456705,673,36008.184891047036,18,0,0
65,197103.14550148943,648,11175.772277172346,31,1,1
79,183753.8636082831,366,54768.27478481671,22,1,1
42,173322.2609588975,629,30881.298489573877,4,0,1
52,29463.391605980567,493,66419.98634982531,24,1,0
42,38794.76650966125,454,32601.189646727544,34,0,0
46,122416.9749747421,459,43685.185820345374,28,1,0
35,115666.26433072776,565,6183.677045246346,37,1,0
63,102433.37860811639,467,99261.2689206423,19,1,0
35,91422.07857462516,444,51253.42794424241,35,0,0
19,97617.8872755792,485,3399.521822253109,6,1,1
71,122473.62814426314,722,54581.83521735326,21,0,0
52,20373.773168014617,756,87165.04593125932,17,0,1
33,66927.5793439134,644,77482.66129235405,20,0,0
78,113290.349723968,815,70389.76172881595,21,1,0
58,149998.89776125632,403,14807.000805304455,38,1,1
53,51348.204631171335,546,66115.97081975976,11,1,1
50,118438.61128173793,322,76863.53942321378,10,0,0
21,148602.7430994407,824,57669.48733258416,11,0,0
50,100032.97842450284,443,89382.1514475148,25,0,0
31,24874.60406060919,492,28421.98839670366,29,0,0
38,100868.26852381461,764,24972.325274185805,14,0,0
65,73360.07979394756,674,87087.40474932196,7,0,0
37,187336.9293862391,565,62914.42605615379,17,1,1
73,42430.40942209892,677,1143.2748315789333,9,0,0
25,137445.6719913018,849,35960.0094425942,7,1,1
24,29489.55794021021,373,85927.74259565277,37,0,0
20,100310.67880628537,737,3704.6316525325856,34,0,0
34,119716.30769961451,525,1321.5448978893792,19,1,0
50,73631.88763703578,607,28844.669761987847,11,1,0
65,101913.6143936692,647,91486.00366391851,2,1,0
29,49439.68301543372,775,90246.28056553162,19,1,0
76,74742.29290424651,614,52357.43263434929,11,1,0
68,131799.13848383655,824,55770.45024282264,23,1,0
39,74324.01005500791,724,33868.79312040169,15,1,1
72,181953.7541135969,823,25129.929540753175,9,0,1
39,133113.25237537816,548,81706.96356699971,18,0,0
63,98956.82331847721,481,11523.191189464502,40,0,0
47,26976.248399752843,405,49248.082716984936,13,0,1
55,109918.70033684082,490,63805.32869021136,13,1,0
55,157659.72358251605,436,11264.348746731892,21,1,0
62,67800.36764223446,419,52441.10245176227,3,0,1
68,165219.24253677813,371,58174.60750333188,33,1,1
71,65325.21788915867,430,74507.10999022912,17,0,0
25,168274.3498311441,756,24248.768865605754,33,1,0
44,35348.301490101934,778,30039.42282578507,17,0,1
44,175913.0675964253,351,57382.59351667031,39,0,1
51,109853.56116799949,418,98329.5145881798,30,0,1
38,73376.76613164716,563,22531.82509919133,19,1,1
47,67720.38507472677,538,98604.47888522294,35,0,1
50,97761.90060746529,650,71719.91077239365,9,0,0
45,199828.9096586561,554,82782.1248933723,2,0,0
64,59658.930818764864,608,9874.485555397583,20,1,0
50,38578.99679821993,794,30741.598555632594,35,0,1
22,125306.33036935914,356,6715.891685447124,9,1,1
77,107937.64395924628,702,37783.15250531435,6,1,1
78,114355.32879139532,366,98147.67633208513,21,0,0
65,140048.37516029907,345,11422.033158427508,22,1,1
36,68085.93257671688,668,56674.90545474875,11,1,0
21,183919.6991690999,531,1600.9916585674198,38,1,1
52,98420.97190201227,701,71555.5987883622,12,1,0
66,43235.51512564312,322,20522.076544832067,39,0,0
34,153613.77621210998,566,13828.869175351529,12,1,1
61,135758.78347121304,417,34364.763403917976,32,0,0
45,76833.81244712668,354,77333.38549595917,30,1,0
47,131873.37032612873,452,11554.695544809869,27,1,1
46,59575.152146415836,538,23754.06058407084,18,0,1
63,100071.08468129532,564,1837.9777401136441,20,1,0
70,181894.25399011854,567,96873.07140686619,31,1,1
23,44036.161968934895,412,59622.41439889752,25,0,0
52,89605.36099774316,465,72270.06400208524,12,1,1
77,167805.6364496625,307,65486.93394444544,28,0,0
58,194508.36189311207,516,15292.091328097762,6,0,1
54,101706.70455592326,730,59899.053960405414,25,1,0
41,111259.93162580254,591,14010.143918984948,5,0,0
46,122990.95312107855,349,40722.40894234966,31,1,0
66,187822.66549406794,406,57327.35045660401,35,1,1
63,174477.22237586536,308,56329.230296113434,22,0,1
70,50708.20243189598,755,12788.269172291355,10,1,0
48,98616.4072124735,622,4409.160995005695,20,0,0
52,103520.07707535673,608,80025.19707350757,18,1,0
77,162037.30009677622,444,72866.32126260453,33,0,0
50,128520.71886897835,711,9100.071551909068,34,0,0
69,137759.68316522235,413,13614.13636135379,30,0,1
80,199675.98337981116,698,89365.7938625724,28,0,0
78,33492.80782460235,574,77143.76126055622,5,0,1
38,60141.76823607194,423,99619.86932545074,35,0,0
49,93421.26872687844,385,26144.757471297147,30,1,1
40,82600.83254879969,346,49292.495898012676,31,1,0
50,23896.201042457047,500,24409.498030173214,39,1,0
20,36519.96916481165,575,62657.213709253665,19,1,0
35,142571.59245264373,848,12426.009670040481,21,0,0
42,178278.4034052609,429,13597.074101560276,2,0,0
59,112560.86202787596,747,8116.901249107142,7,0,0
48,117054.39431245394,688,69665.02214415254,18,0,0
71,65916.8179098283,562,49913.18516588747,30,1,1
75,158217.74545406803,577,62155.39041910837,31,0,0
20,155323.02572610613,345,88050.80361234653,14,0,0
57,125905.8240591782,467,74292.5199907805,38,0,0
63,58279.571572041714,744,46710.56889850241,30,1,0
41,37463.2792826761,345,98451.24285102842,2,1,1
67,31562.94365428266,839,46169.35401305535,31,1,1
49,126685.291995718,386,12132.616650119786,9,1,1
64,168506.357445704,684,99272.81997801887,27,0,0
39,174499.47772056647,564,3259.252271469883,26,1,0
40,103451.97338182096,321,55438.47238928746,39,1,0
19,161168.83387520903,749,31600.453381271218,30,0,0
80,190438.43534138426,531,50851.66295068149,33,1,0
44,69530.62024785223,485,56312.582306857636,4,1,0
59,91632.86234853629,625,24769.493731570274,10,0,0
19,187666.2186674025,482,56129.01681798892,6,1,0
43,80881.57411711127,696,75850.05008854822,7,1,0
34,184497.73225792334,780,27384.473887155837,16,1,0
57,196588.07520580382,702,38959.1871980768,38,1,0
50,139125.93114339645,762,27556.026623241734,40,0,0
26,167040.2521107503,716,82235.41336783204,13,0,0
60,154918.20155979533,501,72773.24366175008,23,1,0
71,145916.1663707943,364,87248.44728462232,29,0,1
65,75247.59313662187,316,17834.93939726427,14,0,0
56,30276.98082342987,482,8284.384177815402,3,1,1
46,81749.3118535371,690,12818.966882008663,12,1,0
59,140048.4773367032,343,16940.8149495994,4,0,1
72,38455.255681004244,781,53775.18340680544,30,0,0
43,22145.236936083576,562,97120.29496591372,11,1,1
52,45144.62706852896,473,36366.30624506142,29,0,0
67,148832.46675394315,740,95892.31866666031,9,0,0
42,195102.8662981599,519,4781.878703928793,29,1,0
41,196951.64593066767,693,92760.34807865118,25,1,0
30,108916.24684523382,494,18934.108123192145,5,1,0
77,176483.41417862254,708,91335.02358621554,26,1,0
75,152628.76203527075,770,6566.515581430655,19,0,0
24,110187.24265722862,646,94873.72530200823,27,1,0
74,123096.89593191561,761,20879.028167567223,19,0,0
53,44700.886391036795,360,30968.69194724291,11,0,1
62,188779.06291098657,465,49603.29206619285,20,1,0
37,83347.35873171981,450,38691.367242312044,29,0,0
18,100306.86616229052,410,67085.26895705184,9,1,0
25,140898.84157962177,787,97505.96895775765,4,1,0
63,80102.4448747797,848,61036.22258968913,36,0,0
33,65766.64897800749,302,72427.05553421838,7,0,0
31,133588.89078863972,782,9712.519780264449,29,0,0
29,24497.134810732903,312,63153.43047793053,16,1,1
68,149730.5201648022,461,45931.127927594905,2,1,0
40,112524.20657777175,643,88692.4534340432,20,1,0
32,129035.6714937682,748,39432.89886466709,15,0,0
45,133738.42866443933,631,68265.960260942,31,1,0
51,114869.02816866146,563,23587.21909764883,26,1,1
19,124856.07993933247,382,26677.880818895403,5,0,1
49,143081.8761601774,633,38236.12066130509,15,0,0
40,155561.39249234134,679,31102.29021314377,2,1,0
80,150941.4304315017,518,26134.005099617407,39,1,1
39,176530.96239180712,753,5917.20188418012,19,1,0
68,54099.8179701325,388,83837.88684349344,39,0,0
42,92206.63450852355,632,7365.851558237147,6,1,0
75,190603.29188260227,609,88849.1860446938,10,1,0
80,91386.30338953935,719,13421.073517737967,28,0,0
79,42476.61384306608,653,7460.911969203244,2,1,0
78,114580.12274519232,399,56737.471634089015,20,1,0
39,39708.37505980319,444,50741.73746489746,31,1,0
75,56513.582971015734,309,49632.22231435662,29,0,1
75,199697.37618277222,343,57875.92842263838,38,0,1
39,117445.27491130376,685,29418.604005796416,10,0,0
66,71130.51002727723,794,66631.97806953151,16,0,0
69,199059.4918233031,792,50737.81975101114,24,1,0
59,193980.60533992577,468,34139.6032287752,24,0,0
23,99333.02739516743,830,82823.56603109208,8,0,0
32,66872.5595818235,635,73044.3885363443,28,0,0
71,170911.9348565942,812,39967.423852517575,14,0,0
60,148811.72905492142,429,84914.1607376584,18,1,0
77,143649.45830063184,838,92105.56676106565,14,0,0
54,180760.47343804507,813,54149.760441351886,38,1,0
50,144095.08409683843,549,22280.292565535157,34,0,0
25,71083.62974747884,437,91663.4234981517,39,1,1
70,144895.3691376318,574,19758.482389456203,12,0,0
77,75046.43203105952,763,5793.8994153096455,15,0,0
61,156663.0163382591,440,33421.21387843996,2,0,0
61,131554.6138084819,555,72969.66810164294,30,1,1
22,33934.079357255105,755,92404.13454900139,0,0,1
56,112310.36523832557,733,64091.27903462955,34,1,0
21,81794.17445523337,472,95232.01614969934,15,1,0
23,79142.71389181296,772,10144.713088313765,0,1,1
62,128406.1344279063,722,7014.619229213986,13,0,0
49,78018.46840449648,738,60815.003123622744,6,0,0
69,159840.87467687708,356,96645.51592678273,22,0,0
47,32742.458482011396,797,50769.40958651768,34,0,1
64,138869.88543124858,468,6100.007367991208,28,0,0
52,165655.06465821344,727,22900.64695166816,21,1,0
72,141109.7041856774,718,25234.497735161298,15,0,0
57,109501.25510359924,646,34447.85578455805,28,0,0
69,191055.2624725126,816,5316.73497503505,5,0,0
33,73988.92816365145,754,90584.3773492937,17,1,0
30,23450.219754496,501,52040.83052742803,28,0,0
67,97758.08686341935,478,67422.1485024568,24,0,0
77,25942.148462058904,356,7650.110852605888,1,0,1
59,191708.61545475357,800,6357.431312561291,31,0,1
47,57785.24823464927,411,59060.309432014175,35,1,0
36,162006.8643107983,447,88842.3050399166,31,1,1
34,159422.97497138567,677,53319.71809499515,40,0,0
73,59191.20194292803,647,87904.09808443708,19,1,0
80,131820.7754864301,657,81288.1360324687,36,1,0
36,28654.214327561036,355,8509.524793697154,37,1,1
45,107043.42542669615,615,20993.7899641833,32,0,0
75,22636.482909047612,484,66113.35624637891,4,1,0
72,185805.89843255153,353,44906.63687245412,5,0,1
43,195695.4843559229,336,29779.281551045133,21,0,1
54,60010.89799494535,569,42444.75174874993,20,1,1
43,57459.0862273471,807,45074.7649807928,18,1,0
70,155669.63178118333,527,91144.67283133806,14,1,0
79,65608.2917892802,727,11242.37008679035,33,0,0
40,181113.7806491321,300,28693.343933953885,6,1,0
80,123307.2445021368,322,54218.91684168868,16,0,0
26,83139.97214185618,802,70130.40573642857,4,1,0
29,169884.8743428956,747,63433.09160696512,38,1,0
70,108813.20607441114,795,94222.63103600206,1,1,0
18,184093.9244675256,724,79765.28355712784,26,0,0
75,187042.56261128857,317,56150.6073554686,23,1,1
75,49775.62738311368,744,22253.586475677243,40,0,0
18,20418.21310374745,338,45636.548908821744,27,1,1
64,197107.5692256324,509,69644.84217525326,0,0,0
51,183104.7565029463,510,83958.25530877241,20,1,0
49,29980.142426691455,580,96013.88621781635,27,1,1
79,169946.1675093926,432,60939.823847653846,2,1,1
71,102404.8878606572,748,53165.01736313881,29,1,0
65,66613.08890449554,563,2751.500388993683,0,1,0
42,178174.37426184738,410,8137.807845867814,17,1,0
57,55400.101830255306,537,16454.394766102625,32,0,1
62,190513.99989561204,756,6421.233187773179,14,1,1
70,57011.8677858814,815,40685.46064168772,23,1,0
18,130462.97379117383,472,34350.975968748346,35,0,0
33,60155.54021521548,492,64098.0616289709,33,0,0
78,118220.35969435425,814,54030.84568540687,25,1,0
56,143115.52338472544,708,60001.10517939811,39,0,0
80,54241.02754762476,383,47725.74309082775,21,0,0
22,113759.44088612226,379,28495.977706871457,15,1,1
39,104430.75399022142,508,95329.70617970123,39,0,1
46,32786.73585260142,821,9554.506816253757,15,1,0
72,167295.40718155453,498,93950.20894706542,4,0,1
20,80422.8321157115,533,31812.566639608733,5,0,0
29,123424.79555933832,543,51753.48309136245,23,0,0
43,112661.1622879642,692,11775.389959927068,29,1,0
33,112386.8908226796,745,8022.175768729917,36,1,0
68,39300.03095752774,692,43524.999423141686,31,1,0
54,96226.7616648799,308,74428.04026158813,18,1,0
39,101426.01665718264,452,27667.112977306344,27,1,1
74,152055.71126560072,409,56672.44100459669,7,1,0
46,171203.38974572573,565,28586.383711759016,0,0,0
31,118096.81005800323,672,39472.69302841104,3,0,0
45,35620.931731698285,451,90738.18552890865,21,1,1
22,62632.90470737833,714,85728.12292399704,21,0,0
64,49688.12483349159,625,52085.73679834535,29,1,0
66,42430.711374042454,850,24572.4571197358,26,1,0
47,85861.87375120536,475,20125.20736056926,26,0,0
63,61290.83038778877,824,95454.64795053571,12,0,1
79,59294.56012607221,614,21068.943054558065,38,1,0
69,29844.771423728176,366,81008.66278034137,26,1,1
22,23180.6080631781,483,37528.05074401819,38,0,0
29,38498.283676960724,334,98580.3249082656,37,0,0
33,50995.546296253946,804,37447.418295915995,7,0,0
43,97577.07119267657,375,35800.14586616188,11,1,1
43,111893.64703379203,771,64108.89925888469,23,1,0
65,45306.5452712058,822,96190.16385605511,17,1,0
38,96461.00147435353,582,97644.75097384685,14,1,1
56,81514.7916186669,835,71013.40850023154,15,1,0
53,53016.255829632086,573,75706.030197999,32,0,0
50,21231.33466670544,838,56776.81542132974,9,1,0
79,104063.21597391351,353,75821.79817410086,23,1,0
47,143417.3148677359,354,86118.18584207915,18,1,0
54,60729.92014588526,576,49123.4350163073,26,0,0
40,43725.229381402285,742,62366.3640201802,40,1,0
75,179667.69400045314,717,54194.35282807172,30,0,0
27,69504.4590478036,524,56684.590739339044,20,1,0
71,60250.27156267966,554,89114.74307752015,15,1,0
22,174277.44912978486,475,36206.066190351456,22,0,0
53,167079.27785001704,445,21610.218534461797,13,0,0
51,100702.36469443404,684,46171.730917089284,22,1,1
69,108062.99505699941,561,21600.43385764525,40,0,0
48,59194.76687012395,830,50341.642140539894,17,0,0
27,34094.30068632035,670,90447.3024303488,35,0,0
75,123217.728564019,496,62125.9185277653,11,1,1
36,37702.08588623836,583,85687.8524770047,36,1,1
75,100869.41845219697,601,17452.901041935667,10,1,0
49,189289.49573234192,431,90186.4856611805,4,1,0
18,191510.1900507052,419,60576.92927630446,20,0,1
73,63079.811578524546,435,4144.219085307501,31,1,1
22,132340.4156082178,828,63678.776573218645,28,0,0
62,105333.72753941438,333,95188.29866983087,6,1,0
21,177623.32296549907,831,8837.533047060846,35,1,0
33,68857.55556968958,507,58663.15691648764,39,0,1
41,20666.433229835035,598,91632.38168410175,26,1,0
33,49261.01706765471,821,1959.8216651030814,5,1,0
72,82914.10421049164,393,63460.3797201165,37,1,1
19,76829.80335868795,713,48015.3268912653,3,0,1
66,162445.32544211947,670,35351.94254621245,34,1,0
45,142500.91990499082,708,63126.11250459222,9,0,0
49,73920.1375306815,682,6217.507364154276,37,0,1
44,102393.88708991841,740,75553.24158245261,29,1,0
37,37200.63871250034,746,1443.4682150510548,8,1,0
41,181666.36006761814,370,31386.63863544287,15,1,1
29,188376.46840073614,383,50891.90513078316,3,1,0
67,196364.63636856887,508,38325.202806088615,25,0,0
52,176339.50954145077,558,31440.117585352666,28,0,1
77,51312.95978532059,538,83252.67940134152,27,1,1
50,28315.36697629319,601,93548.42485291898,10,1,0
50,124327.41093428132,531,87497.55580568298,27,1,1
78,184268.90483895986,581,52720.699991949965,31,0,0
68,51923.245098753716,693,88532.25334415481,23,1,0
60,21267.724632345537,717,92165.29495297282,38,1,0
54,164989.28828580398,505,41514.60130769874,6,1,1
29,33823.22317161212,563,29061.1400910391,17,0,1
20,94467.08574380548,610,10728.255375518713,2,0,0
18,142199.7206939813,378,48430.10018387368,19,1,1
50,62623.56538211242,641,94683.3951234057,33,0,0
57,35113.26142041081,394,56529.845278966735,29,1,1
27,158603.82112204915,650,67088.64807683098,8,1,0
60,133431.51527966745,361,12175.498030692912,9,0,0
61,197928.28720762485,441,15208.446750083369,5,1,0
46,81975.44599759267,410,46982.852934007584,16,0,1
30,31117.229532235946,826,95175.21509938885,14,0,0
29,152183.00636035323,456,36717.67951756136,32,1,1
48,113912.01539358421,838,87870.92009043581,12,1,0
63,58376.707650044315,308,12908.570749145441,21,1,1
19,160711.2180208567,575,62084.7034864373,15,1,0
78,56675.98745298987,526,60460.6847141413,33,1,1
68,66919.09786992858,485,86127.60025695658,2,0,1
67,36655.139786009444,515,1328.353736085249,7,0,1
52,91897.8102255538,732,19803.23505255964,19,0,0
40,95407.26030873541,655,22749.07491751869,23,0,0
34,112621.12226269371,691,95046.642720983,17,0,0
43,147613.56808227993,574,16215.6719707196,22,1,0
25,183098.16716247663,793,4659.272671835477,0,0,1
46,44792.137799805554,750,53911.687979439,1,1,0
43,29782.657702758268,719,53327.28778093449,4,1,1
27,23335.622046979992,463,84560.64957141856,17,0,1
43,45851.84805238692,482,94937.1053676024,15,0,0
79,138430.90744069265,609,54315.99877187297,9,0,0
51,150945.8740393694,316,93069.4240595459,28,1,1
68,161571.02843506198,745,72790.75597868314,34,1,0
58,63867.47814278168,469,27191.353671562916,24,1,0
24,75061.06638707357,579,92913.65038344871,23,0,0
21,106964.2362017899,639,67076.8744420056,12,1,0
75,31372.95743484077,818,41995.49734152074,20,1,0
70,130005.4741780243,310,68343.96636717614,38,0,0
67,197072.3060616364,823,40729.96994663134,33,1,0
62,84945.13604804047,432,12304.193030807966,18,1,0
28,155512.5455164491,447,72178.89597051308,27,0,0
46,110006.10480252943,378,82584.67360490364,26,1,0
73,43006.13198486889,645,73151.81370291939,25,0,0
53,124802.74078446554,548,23682.352107910978,10,0,0
42,73977.3683199317,841,95706.86633428368,34,1,0
38,26192.577521622483,323,3500.201607424436,19,1,1
78,134287.35142119386,770,33935.84444018842,11,0,1
74,174607.82287845097,500,26749.151018954653,27,1,0
53,82058.55804197735,430,5764.496533870246,1,1,0
27,90253.19849829869,655,41167.239605878174,0,0,0
54,180383.90293409806,449,62688.36917611468,8,0,1
26,166449.58640612406,825,88372.73348502503,21,0,1
41,148691.5082393199,603,98979.28190295554,39,0,1
52,64783.47147556663,840,81000.86905403541,26,0,1
66,183838.997893996,349,47399.37135256965,8,0,1
52,47794.83635705834,763,72646.73817073603,6,1,0
65,132818.69349509993,539,84518.75507037443,35,1,1
53,25184.212498373367,781,47065.41244544945,37,0,0
35,135869.56513849026,754,78720.3889685245,1,0,0
66,69885.98333720477,582,48782.5894129748,4,0,1
56,100941.8558930696,634,39263.103096795545,16,0,0
49,82147.61937026956,651,53082.99294059236,36,0,0
41,51096.21612431778,626,67909.61902508735,34,1,0
40,131956.54221689733,635,72961.32357554114,7,0,0
79,178755.59992530933,380,36316.89062031868,2,1,1
49,192635.16361083262,386,57560.704904047445,2,0,1
54,54622.345367704715,557,91077.21653396427,0,1,1
29,149127.09933133522,484,97654.97711095333,23,1,0
66,139581.0859890228,422,23497.561027211497,29,0,1
72,81808.00212342307,395,20090.285405620805,25,0,0
30,23437.85588367065,814,67991.8777094362,37,0,1
40,144162.42451631592,742,42053.70469652094,39,1,0
42,190189.07490071002,813,3398.0115033955663,37,0,0
52,133781.62194481725,670,35339.32519408113,2,0,0
58,98352.69035377413,604,80867.72960375296,12,1,0
47,114527.70094009311,656,79945.26610793508,35,1,0
34,55933.18537878516,447,49973.82973284161,40,0,1
66,155097.94947567277,584,47785.21555386599,11,0,1
79,154355.5694017728,561,58371.23680100337,19,0,1
37,46193.11406973649,790,22720.274345794027,38,0,0
65,178036.10884993864,330,53078.31886420459,7,0,1
42,68454.15310519494,567,2093.58964560819,1,0,0
39,196806.09096859067,311,48080.39592353024,10,0,1
30,88922.54252670424,490,34269.05357880866,20,1,1
76,52019.130572209935,699,67812.09098446231,36,1,0
36,83309.62004221742,836,64197.00483111013,5,1,0
66,99232.45916549477,390,38702.75213809809,18,1,1
53,32475.39914689307,800,1720.0251663805652,29,0,0
29,124079.30862019211,600,25975.089310101084,38,0,0
78,127573.83917640206,410,63701.43716872707,35,1,1
58,153007.481962905,379,8164.960958732949,19,1,1
36,25250.580612333793,732,11656.59976151292,9,0,0
29,117422.87859808942,716,65056.46743214163,23,0,0
26,29523.33798871959,513,75820.97269397994,32,1,1
24,146205.95959399763,746,32833.4210932585,28,1,0
45,30031.037426177205,317,49477.633486139624,29,1,0
31,184111.0127014939,353,94625.4251333822,35,1,0
48,146374.86203920937,539,94608.81265542097,5,0,1
69,111330.15771532827,717,31442.77467187958,13,0,0
36,99470.70619061148,785,81188.79962669194,2,0,1
75,43521.07347438723,743,59800.46122787902,23,1,0
64,72379.89012163936,422,97572.96484168762,18,0,1
33,176412.6389037613,719,48283.74340139855,37,1,0
70,182801.5060812489,515,77695.9799335406,33,0,1
22,20134.587506695592,719,77045.57583187224,8,1,0
52,126944.55046595923,850,50245.85389567454,29,1,0
29,149474.10962452047,527,79767.38131543346,31,0,1
42,131374.45684236914,536,26842.992997392652,12,0,1
69,34702.35767594371,629,13103.05059273266,17,0,0
76,59190.4817838024,768,43091.21072087631,21,1,0
38,65061.24812864949,786,94419.43500672489,3,1,0
53,169710.43363491615,848,50573.71621205035,22,1,0
70,103375.89853560568,714,63890.65472604577,6,0,0
40,107629.07814942262,518,62792.08313487966,10,1,1
33,188280.74837981153,680,14124.713859683514,38,0,0
74,134675.4599938488,386,39639.39135534382,40,1,1
56,181760.1862794795,760,70986.9583192656,33,0,0
62,102171.59396147593,710,97227.0197594919,4,1,0
70,46898.52653329296,824,17633.75609140559,24,0,0
59,187388.4069333354,746,41633.74714357251,27,0,0
75,102566.92082015688,599,10414.286180470206,13,1,1
56,52693.655938187934,707,24995.26950527635,26,1,0
31,74431.233254706,674,38299.17498928888,15,1,0
48,29144.466144009602,532,54523.68154728269,26,1,0
75,104294.10646214933,348,23826.121341669015,1,0,1
22,173563.07094384258,485,23528.703456689887,18,1,1
52,188044.4820812041,504,78005.16793488017,22,0,0
40,187868.39735065587,377,96301.52463174124,40,1,0
46,42541.40461317441,780,33037.68380739416,13,1,0
60,88769.69885199025,685,69111.20984493234,25,0,0
28,25081.176737127145,493,26549.965674434152,7,1,0
35,173929.7620948651,402,92867.27324159758,26,1,0
64,84576.03716382929,675,67617.33365637442,39,1,0
29,133601.06502060225,586,80465.00860911942,27,1,0
26,148681.71885391197,781,5886.050276717317,3,1,0
27,97372.04055376798,549,60252.090855821836,37,1,0
75,75159.62057904374,500,53233.62080447984,10,0,1
61,193198.32382087005,835,30006.69378424167,23,0,0
34,193607.88050429377,760,26980.56852067449,27,1,0
78,72098.54624540394,599,58422.45542938,40,0,1
55,106332.51741400246,777,70942.07786571528,17,1,0
24,195111.94855880403,382,4284.102946483707,20,1,0
63,20876.31337799058,757,57172.75661044673,25,1,1
30,94282.08470824687,597,17875.493365716236,2,0,1
57,38082.35894257431,663,14895.910407223955,12,0,0
59,111648.43380126847,339,62688.82932137377,37,1,1
26,24440.591817287688,639,31776.141604529832,27,1,0
67,93241.71765031302,815,44647.14308035154,13,1,0
44,59725.83346136032,407,36639.88213453752,0,0,0
75,115995.50524257334,615,65185.29569509985,27,0,0
19,199278.85683812594,413,47541.85684058042,35,1,0
22,164096.4989228146,466,96382.40754175681,10,1,0
46,172215.57649239586,560,35885.89315154007,39,1,1
54,134347.69772463455,523,74288.14968602068,3,1,1
55,27480.77268900654,561,26471.96419072141,33,0,1
36,57223.58168794594,550,51366.556169988544,0,0,1
25,186511.6201604699,825,55704.40543829375,9,0,0
65,85900.36122717522,425,33581.81882521049,16,0,1
62,38654.61076654321,505,47706.27236235028,6,1,0
18,146432.96585591635,439,28648.585151950723,38,0,0
39,73902.39030816584,361,1594.077385724217,12,1,0
69,68394.2443227509,582,22349.181862149995,21,0,1
34,199635.94200048686,353,70306.35307682687,0,0,0
80,174465.00650479778,645,77325.33942405232,27,0,1
24,93428.80730621138,823,28740.083846753074,32,1,0
42,196447.01740696983,435,41396.256882989124,12,0,0
62,137020.38021545846,629,4699.200353722497,0,0,0
21,153564.04133835685,443,24469.227208670378,37,0,0
53,25672.347754798087,735,78142.70905385762,24,0,1
23,41888.946682650276,581,60992.64075624067,20,0,1
77,133955.3227693229,435,21371.28167348277,32,0,0
48,181824.3168769071,788,26486.757517120783,36,1,0
36,132273.87069576723,700,81863.40027596646,33,1,0
78,44124.48097741852,748,21699.33609154518,2,1,0
61,40836.80832433843,569,34081.61485886599,29,1,0
71,171953.4612483347,316,66771.51047380979,2,0,0
56,45074.42096742458,568,56550.12618509978,17,1,1
44,113641.75289072457,781,46626.150318147615,22,1,0
27,26680.39759321441,518,90074.36800699469,7,1,1
43,34520.558130411926,618,22751.335808790118,8,0,0
36,141022.68817571568,537,74400.56919543698,1,0,0
56,144052.653876953,844,16747.320221200152,1,0,0
79,81464.49318951962,584,61957.64951473237,26,1,1
20,58809.75774374806,336,87191.73277772001,38,1,0
62,166467.84873631544,402,46332.27676233565,35,0,0
30,59078.581304580264,729,72705.15621194156,4,0,0
67,117564.87253994835,538,82218.94194689982,0,1,0
45,194277.59135532298,424,14466.616062882673,21,1,0
79,46613.43881522908,487,70876.8626329289,9,0,0
75,189357.7281490476,555,92064.26137487896,23,0,0
37,52920.74955236036,829,58060.690375698876,14,1,0
45,122139.77744418132,691,19426.10220834685,32,0,0
25,87861.38815257403,767,13567.310627305355,22,0,1
78,193687.14827032867,552,26713.797716208042,13,0,1
80,69237.56522034865,475,11247.813632651574,17,0,0
58,91938.44037543566,765,51826.0130869197,24,0,1
56,196914.8212139757,588,7900.763587966723,21,1,0
18,116564.67041392517,349,23117.05783898642,36,1,0
20,110473.42081182562,303,44551.13394730922,6,0,0
30,66400.12787671844,799,47917.56028980012,25,1,0
45,146245.44085587945,522,56974.45002954948,23,1,1
79,22587.131319999975,561,70855.88131232193,12,0,1
74,28912.273346412836,834,5675.635326881285,40,0,0
80,127884.54568444449,675,8981.474265402541,5,1,1
77,81501.42328732174,360,7025.056028673293,20,1,0
66,191596.9469961729,655,42891.88123102612,6,1,0
42,182574.32433010143,323,5142.946543410497,17,0,0
73,148467.1265618073,592,74862.0454163013,14,0,1
50,167266.20460300424,655,23077.017922809307,7,1,0
55,140119.7329401848,328,93982.0368357059,15,0,1
70,42604.778487828924,656,49153.97175461403,2,1,1
23,157797.80654405648,664,45186.24949177796,8,0,0
75,57834.55436939235,708,78273.33057131052,25,0,0
61,78219.71391803541,565,71602.24440540612,25,0,1
62,167462.15817843564,590,61123.59505386614,29,1,1
49,116574.60951082068,452,93579.52391878662,26,0,0
62,174789.32855301365,518,42803.66683772062,15,0,0
78,58346.35757178755,472,81044.63590145636,3,0,1
64,129400.1189492397,311,38629.20162883603,18,0,1
38,35082.37505868709,815,83996.22175531439,33,0,1
33,135750.97883720533,661,26687.988267630895,5,1,0
71,157256.12679959624,776,29637.440210767214,14,0,1
38,125287.5609161699,381,68109.08386772794,9,0,1
28,67921.67026978584,639,22058.61620022784,35,1,0
77,25641.68039459601,740,23686.26451551745,39,0,0
54,41500.79911357144,525,31220.98047272406,5,0,1
53,132014.53623332473,670,68213.94819637721,39,0,0
52,188195.63903165248,327,89049.42114989996,5,0,1
36,57176.19271496115,315,67782.19746157168,14,1,1
37,152304.70683891777,576,82953.6101900684,28,0,1
74,175961.19138482749,632,54812.498379752506,24,0,0
35,113758.792120552,782,7823.3989131693825,18,0,0
64,140467.8432518584,587,10946.154939341564,13,0,1
58,166702.75700170666,413,55884.80585832463,2,1,0
66,66921.52839330684,337,33452.29589556885,13,0,0
31,73441.22136824773,753,22836.23929005732,38,0,0
32,20112.95299312211,465,47159.43580295946,38,1,0
48,193356.94356160445,504,66983.17734952585,20,0,1
18,185158.08102734206,544,39114.202825849985,10,1,1
70,157622.28747669747,632,80451.68345857682,9,0,0
71,34233.683775796664,695,74113.80141056798,14,1,0
71,100550.52014591146,806,73756.57333379712,29,1,0
20,38340.51571487951,420,98533.77927806147,16,1,0
33,22865.64810730375,558,30227.767759791845,28,1,1
40,130912.93373826751,709,64827.83304774862,16,0,0
74,192949.2950744339,609,85692.35567587105,32,0,0
28,182516.24421778703,367,58372.91895747718,37,1,1
29,145415.8666883728,413,79160.71543542387,20,1,0
27,37395.30514967686,519,42030.76639815132,13,1,1
49,69349.52678101402,519,59458.64321982566,9,0,0
33,77610.21083935237,772,6510.9728876285,22,1,1
25,157367.01039420103,685,98590.99297665652,38,0,0
55,164404.85226232052,597,80201.8296633933,38,0,1
29,89319.10213818567,552,87012.0980915135,13,1,0
41,95219.11939116973,704,69735.13353615167,21,1,0
45,28011.62706971084,791,19418.953248061247,40,0,1
70,72044.60931537698,656,4071.815799385194,27,1,1
25,101231.33189197519,727,86601.00416586535,8,1,1
75,41056.94834934636,514,40236.734719876185,22,0,1
45,101588.14293590384,679,27122.62272795207,6,1,0
53,173571.64620640405,513,56605.6229250555,23,1,1
43,124637.7835505096,397,42668.95372509622,36,0,0
25,34207.37390691422,827,65514.93357306814,8,1,1
75,54500.83738944938,827,48895.53007239685,37,1,1
77,105417.98302854013,834,70026.08090358679,6,0,0
67,85067.68696792617,848,85488.90368140515,22,1,0
45,84570.86351829777,627,20360.144084623116,24,0,0
45,115268.14066584624,464,33613.85517598319,21,1,0
54,125191.26588610234,415,44244.74307049325,6,0,1
58,163435.0826497144,449,96243.78635473618,5,0,1
53,81373.98142324724,817,37168.02774120104,35,1,0
44,164983.9309473056,331,38728.88510967032,21,0,1
71,80950.02124027385,592,65693.77977299655,34,1,0
80,29977.93800942209,476,42500.77127910498,32,0,0
34,119753.77718086241,360,95171.15081832092,20,1,0
26,125822.41848106662,715,89552.40728706894,10,0,0
50,188217.24421193483,682,51827.46899979162,12,0,0
70,150691.0386912454,306,64832.74816083714,2,1,1
37,185199.0774489991,384,6745.025626478434,12,1,0
30,183502.49784374173,697,69877.3222752074,40,0,1
45,128823.33984648359,692,71012.88642195419,33,0,0
65,114997.17176056055,346,36560.7302686776,27,0,0
46,120339.37408944799,640,22748.605478901995,39,0,0
30,196099.5453819046,797,91592.76177988466,33,0,0
63,159170.1845144526,777,43243.785179707644,31,0,0
52,39127.86286263125,725,65716.90437536935,22,0,1
78,160117.11322065198,725,4299.55070264934,23,0,0
23,50696.84880168066,814,41992.64949110679,0,1,1
35,100523.09882101262,428,81908.62229037411,23,1,0
68,57882.74099177617,548,39370.02403967079,2,1,0
22,144124.95179598138,430,60712.95485355081,16,1,0
64,177915.75251474642,622,21775.724247969407,6,0,0
42,72265.13936600258,842,42236.0392351164,9,0,0
19,34761.933417473774,365,92836.13408726547,18,1,1
27,73728.75765349339,400,57078.72322040268,23,0,0
73,141025.13442779498,330,90291.21445020022,8,0,1
47,79176.822959801,490,90299.91064946479,14,1,0
67,70060.19015968461,714,94470.63224202348,21,1,0
76,53198.33430516769,799,89643.77434793042,16,1,0
62,109552.95683739804,345,1324.8317720197638,18,0,1
22,69670.78906829376,388,93467.4742665781,8,0,1
72,151581.86284510698,674,14608.484469452262,37,1,0
73,33792.03235859649,545,4952.698860003906,18,1,0
50,139525.94596003718,556,6483.464923227229,7,1,0
71,62760.80262219858,651,35542.70332246692,5,1,0
18,108070.26698928856,404,62459.604441610565,37,0,1
35,71496.18596562691,636,40828.80845538075,20,1,0
49,150098.36168194324,825,3529.8741802885684,28,0,0
64,190155.2672452946,600,48171.78078329676,33,1,0
66,185073.82030456638,376,44770.943484767624,11,0,1
28,125016.7187259364,810,75928.07728466304,38,0,0
38,103269.85458625611,529,28681.676944118397,31,1,1
43,167294.09169908872,331,22535.586205642347,5,0,1
80,142998.7452729914,357,26337.956809985997,16,1,0
42,53041.54055904791,403,31070.242440354952,31,1,1
39,167765.45845034005,611,60317.32246334948,7,1,0
76,97199.19009104783,366,47681.023059755906,37,0,1
44,54017.41879481152,673,34352.56195272673,28,1,0
66,70723.52307136863,534,38057.101670084165,30,0,1
30,68154.86544470163,411,37721.44235573864,18,1,0
50,113457.25542862281,688,97268.26277632143,8,0,0
51,62186.616322017595,707,24066.7018172423,27,1,0
58,42241.96773228371,353,81988.09446695361,38,1,1
52,42264.353110476935,538,71112.87292123052,39,0,0
80,124989.71548503739,594,1551.4305547515082,30,0,0
18,152256.67199288815,411,99324.4455944233,18,0,1
38,77875.94159090135,387,75887.49769272379,32,1,1
65,26237.127766523074,775,68562.50904872835,25,0,0
72,42900.47964866193,603,41127.14605998709,0,0,0
23,184645.02086067028,604,55965.10580251467,10,0,0
45,108837.85872610153,589,26073.81867107955,1,0,0
34,101643.10573073146,507,4512.857109424051,34,1,1
22,26848.852095816364,669,83766.14418615132,12,0,0
48,151154.66401704182,519,89751.964874436,38,0,1
22,115052.2545677742,530,17084.59302480975,33,1,0
55,56374.56849557374,648,78918.55348872757,33,1,0
20,39813.276832590294,554,74374.11465528021,34,1,1
70,89009.81545375973,751,18659.125191672956,31,0,1
40,170689.15355510463,441,42761.05145490459,11,0,1
54,175753.0206561844,368,42853.03416257623,32,0,0
70,128512.34847121456,388,76236.4615722196,17,0,0
54,150956.55690142568,435,83928.4296718295,4,0,1
27,40728.04173251666,822,10382.73701774573,18,1,0
27,125862.69178421386,741,56733.95425551609,30,0,0
36,140053.82662769273,337,76413.10119595964,26,0,1
34,56128.3117244826,507,78832.86881245069,37,0,0
38,178427.8519238466,509,15651.358918610484,14,0,0
31,55099.41275378356,812,53025.009171928614,3,0,0
26,76425.92477236108,659,85898.31192990759,18,0,0
63,131700.23246422253,300,32533.33908194313,20,1,0
18,134903.01172353153,680,43086.57299226792,39,1,1
68,145889.2533777261,836,80631.49262229691,0,1,0
62,40162.10835227702,693,9842.632597192467,19,1,1
30,172903.59738713995,349,86089.83569900885,21,1,0
21,115912.48381098677,695,31804.514956350093,12,1,0
79,104837.9229389123,331,1143.5813425215883,40,0,0
18,196597.57241243173,844,24181.755360579467,0,0,0
66,153268.09344938357,533,9860.56344865514,14,1,1
57,41241.084791487476,325,10146.105792628168,14,1,1
49,156177.05010072334,733,69590.73768011655,13,0,0
51,37144.80811511651,360,22183.657228267417,4,0,1
45,24944.701252337272,740,93539.49393472126,5,1,1
48,92652.66114858148,429,52128.010112539094,40,1,0
25,198844.07110745937,653,46549.727537536935,30,1,0
56,51479.10851507528,497,43994.068303795015,25,0,1
43,141075.98183482222,670,69566.17632749156,24,1,0
75,51211.29191710148,446,45774.013489837234,38,1,0
51,150461.65549250948,797,13731.435266293991,39,1,0
71,110963.6602828087,347,88137.0458834349,14,1,1
71,142394.9078160877,471,43411.13954364021,5,0,1
20,56517.17166456223,614,8326.452994250745,0,1,1
76,154213.09985369036,675,53407.23276227835,40,0,0
67,199211.4307320872,832,65087.338987114636,6,0,0
29,139817.09011267277,719,28282.6639516181,3,1,0
18,108826.39965311799,695,80233.70035971039,0,1,0
71,186171.31795146767,821,67307.80875769901,40,0,0
61,22853.331601737733,486,65383.77575717891,1,0,1
22,151386.2334714478,332,42661.67033391163,33,0,0
47,179974.3730264863,368,96229.61483971748,34,0,1
47,31101.42505177234,490,28144.727626975517,12,0,1
76,101011.55067483647,400,58192.84460052981,16,1,1
74,56849.5017109998,784,31596.46058978914,9,1,0
34,121973.26980580941,584,74735.67054418384,2,1,1
65,136917.7325486589,689,5731.356903142023,3,0,0
80,74472.17292717591,459,5543.492919629874,24,0,1
64,102796.70054205816,346,81275.23598236035,36,0,1
40,70281.10734978071,458,43992.547945303435,37,0,1
32,86490.40960192047,745,34776.825405435215,28,1,0
54,48717.192203916245,822,61145.15935535851,0,1,0
38,179400.69984541365,454,70488.03504302839,29,0,0
31,21801.873900644558,638,20918.933337596252,38,0,0
19,178833.65355988193,664,19357.692899068425,9,1,0
28,122902.19810295293,447,95856.92402822827,28,1,1
68,79698.41195186315,443,59376.766332072366,31,1,0
56,150150.28258285933,402,39621.53125213255,0,0,0
55,111395.38733527958,392,80342.72777228114,40,1,1
77,109839.55845936917,585,52990.7369190138,16,0,1
51,39825.61092541396,723,24924.618227083556,11,1,1
55,90112.88467017356,418,21466.79525851581,1,1,1
67,63391.5822542126,328,40289.06735081235,8,1,1
51,22825.263007330337,810,86129.69016572808,11,0,0
35,84817.93354078039,329,7083.343688381633,24,0,0
47,36167.98329660886,665,22634.07407472155,35,1,1
32,66229.40679053334,437,89422.03006640656,34,0,0
44,36652.991812957,774,13051.7223279558,21,1,1
68,38169.49260015179,691,63332.94610815267,32,0,1
80,55822.03299473389,734,22137.625443981487,20,1,0
51,199972.86400755204,533,60980.81790367694,39,0,1
69,20393.145714304777,354,38927.312517578976,21,0,0
74,134961.07450167293,591,11066.012746668195,27,1,1
55,45423.86564478032,611,58665.031687856535,3,1,0
50,185713.06460793965,847,68621.23196137401,25,0,0
41,36853.92080005326,388,68346.98927761448,22,1,1
32,191911.37368272257,511,64066.40649819825,22,1,0
77,129966.74974702603,617,50522.25331261903,40,1,0
47,20228.253844788243,764,52427.78906907324,7,1,0
72,180921.2956250251,386,63928.370870988,31,0,1
59,113908.12424604529,708,69335.67681291746,38,1,0
68,67280.55235948722,539,65832.79714430711,0,0,0
34,158110.2519528134,356,59107.61092643172,29,0,1
22,186799.7996996366,412,16428.059495607722,27,0,1
46,107064.3481664229,369,21851.037310793316,16,0,0
21,76799.62539975996,483,26762.17808249949,22,1,1
27,162010.1223082868,575,92046.50405166272,37,0,0
73,142721.38960192184,532,76180.11408789968,23,1,0
34,179975.447075049,353,55733.815134150944,21,1,0
27,144652.52229701472,556,25953.635925860635,4,0,0
34,63835.10100191653,389,11978.260801172946,24,1,1
77,187698.66495662343,734,89977.1633720175,6,0,0
37,38870.43449707844,707,89373.93556646879,21,1,0
41,68229.69501923262,568,11958.863973873462,36,1,1
22,113635.0293902994,665,79924.44994355312,33,1,0
51,121833.56469276226,650,45217.861861681355,35,0,0
23,22755.905592842977,598,33072.72635022347,39,0,1
70,160503.0906477692,458,74171.34908466201,19,0,0
19,85089.31731657012,786,61818.624565012324,36,1,0
30,93155.33738038481,825,78222.98065174039,16,0,0
79,165686.51799865023,654,8358.557202660772,3,1,0
60,88271.01051095802,700,32540.114975788187,17,1,0
60,28500.47776905587,704,32612.36819125684,27,1,0
65,51759.15868466305,395,33645.55613648878,15,1,0
28,192062.5710298728,691,50745.50739173674,7,0,0
68,32672.96523245255,651,29018.36650501379,17,0,1
64,83887.61617424292,587,44993.97739866445,28,1,1
74,110572.25006924203,822,37409.98171842616,39,1,1
40,108790.54892094081,461,73794.30875403062,15,1,0
72,20712.789742185694,481,60746.57877182996,29,0,1
33,110209.29166234826,848,65709.31379941423,33,1,0
48,89079.04243593366,381,21847.8055141818,29,0,0
28,194974.28038542028,823,33224.714367362045,20,0,0
71,48648.63511888937,303,3095.3793135953542,21,0,0
33,83747.7554167091,794,11729.09602202382,24,1,0
25,95506.66731616756,350,27240.368966899845,21,0,1
21,90324.83667817079,560,7480.9084089000835,27,0,0
57,139849.54897733527,433,60660.60763511554,38,0,1
21,58792.31435859839,661,99814.8814764587,32,0,1
73,59792.879506518526,516,10980.706192473463,1,0,1
42,151257.97073015355,367,82301.79105425725,3,1,1
20,110052.29336207233,442,12762.80847924957,15,1,0
49,94728.02169031587,645,67321.48786084718,11,0,0
20,50456.549301905325,493,64672.6027028427,16,1,1
44,53754.90012418999,545,90368.97654630872,35,0,1
46,21899.294626862098,613,12280.615754370725,15,1,0
49,36456.72839510767,683,32229.00214210788,38,1,1
67,120230.96504424339,576,9987.196275113885,22,0,0
78,180537.16340151377,371,41330.949254638945,7,0,0
75,71689.65772350034,428,91247.72418218704,8,1,1
68,78994.50066130306,657,78370.79195512376,13,1,1
36,40809.0099100722,824,72567.1099440866,8,1,0
38,89953.57020927849,519,53769.722981407496,25,0,1
22,26699.90682247925,305,88465.08849121677,35,0,1
35,185168.12532714204,527,45494.73802589151,2,1,0
45,141160.04266241516,316,15818.881042963187,9,0,1
59,198334.7856907794,311,83920.93708895714,24,1,0
78,178908.16928212886,798,28684.194477120956,3,0,1
39,105138.30686566747,801,6309.7205614203585,29,0,0
38,113543.30560706784,369,13477.765036210347,10,0,0
23,54303.68837309489,407,61296.83270322067,18,1,0
18,103167.08171112002,500,61101.11442819608,12,1,0
22,182545.0172287061,351,26758.133937121413,35,1,0
58,29153.616254447803,848,72990.83464665193,2,0,0
29,175440.22453969574,558,77590.3753845539,13,0,1
43,81370.60429566975,781,92129.7599872282,9,1,0
63,181912.29771733578,563,58908.81236914546,37,1,1
51,189358.38314146723,602,78162.91305060971,39,0,0
66,140755.67966034307,424,75556.86829739175,26,0,1
31,139596.28158668202,569,26523.095798252096,23,0,0
43,101495.78078757321,779,31712.366865828277,15,0,0
62,170397.24041786735,431,48369.757179534274,9,0,0
44,193090.29651799097,301,2884.8577853956012,26,0,1
26,159514.72406104146,414,30442.379542614628,6,1,0
43,131948.61207620765,780,47914.40446107956,27,0,0
74,129222.72124784061,300,11698.860232833229,25,1,0
64,172904.5822850592,630,13501.312889737419,17,0,0
74,117416.67783883371,690,46860.43683799677,12,0,0
39,164694.7795247881,442,73365.53812700718,7,1,0
64,111599.34593136424,627,83541.14416114763,26,0,0
73,31239.969495306344,676,55085.075852970105,13,1,1
47,89110.46160274794,389,48000.14976712638,40,1,0
60,99999.37238086977,341,39043.77627751577,5,1,1
80,45491.1040975911,334,20101.950251323015,19,0,1
65,38449.3392540583,793,15509.638278622106,27,1,0
78,116383.69093825175,423,79397.74871451901,22,1,1
34,35325.85458009479,356,47035.65658902128,11,0,1
43,74530.13022021511,755,79241.70430249571,23,1,0
53,154027.45567335366,534,70704.22055416234,21,1,1
18,193597.79232223655,691,20195.695523954506,25,0,1
25,149216.70449934714,791,51520.41915691135,21,1,0
66,198672.59872151664,642,44957.64641184539,6,0,1
52,145700.8348302925,475,42963.47710297898,14,1,0
78,72883.00471777895,351,54714.53387117757,29,0,1
69,140969.45729096513,849,98226.10820646836,3,1,0
32,146388.21773544268,777,81477.15916940378,5,1,0
64,86910.85723096291,788,90467.53073140877,1,0,0
80,23188.49310969002,304,3934.3187344277167,30,1,1
73,146575.96125958767,508,14893.300312458088,23,1,1
39,23906.01714959749,516,9391.602362231786,34,1,0
31,133613.8540508128,835,27059.869501462388,30,0,0
43,49450.967973659914,641,44747.356704698395,24,0,0
45,121808.6349946478,700,64563.27151793307,7,0,0
40,110704.34456850801,761,50582.2953623736,11,1,0
31,22432.455615112864,510,90415.20757640083,1,0,0
41,85315.84705911862,325,94045.7399304925,14,1,0
19,128196.4101313345,551,17188.57416854843,39,0,0
62,172749.17934178037,302,85438.37910621372,31,0,0
43,179955.5804905731,301,48690.4981973168,10,0,1
31,107092.99460598019,301,45879.61766042105,16,0,0
76,151116.04771389888,449,78708.99549997224,20,1,0
73,76961.82377602239,303,10220.910395442781,21,0,1
68,81593.55303655834,796,88366.81961449551,32,1,0
24,55003.433452816476,849,67415.47210021385,28,0,0
20,121150.65979878308,767,87650.8991581418,14,1,0
64,76621.54716692574,369,99453.28019305466,20,1,0
40,35186.761358930904,500,52282.44078336808,1,0,1
63,143301.09559937217,607,10232.957592983968,37,1,0
60,147395.57736897166,551,17485.862430157762,2,1,1
64,84798.63538023041,586,33038.20601287668,24,0,1
77,33810.211902084106,591,11251.741271336246,12,0,0
62,96733.58913261666,453,81718.84078763922,23,0,1
35,99620.38244903878,432,30389.91725224408,30,1,0
75,140360.75928162073,573,97612.73261396665,14,0,1
55,76774.95042656302,808,70556.55176125371,5,0,0
52,142867.870360635,652,18169.606655300206,40,1,0
68,176867.9375163299,304,48128.22204745009,9,0,1
32,62747.48762519597,592,47221.53794169879,8,0,0
42,196205.52010158196,659,49758.654175029755,40,1,0
72,89546.26468462525,513,54033.42589365062,40,0,0
54,68106.5633264711,705,4086.135149455355,4,1,0
45,95872.0128518523,735,68943.81144861873,40,0,1
27,36991.545662694654,314,49231.985753555884,18,1,1
56,42627.06317218082,572,79305.5744880012,19,1,1
74,94598.12845429966,344,81719.60775278263,32,0,1
34,157240.01394903802,711,23822.977077180025,36,0,0
56,182056.20312340837,486,5793.8716962510025,30,1,0
39,139667.23832892877,469,70620.15175511994,38,1,0
43,38939.51994287055,700,97798.51605792355,12,1,1
79,140963.55719249632,545,45219.1406715092,37,0,1
61,134377.02572653495,342,26701.66814976598,5,1,0
42,165037.50529279961,478,16510.517563764617,7,1,1
34,168544.75999739257,756,29457.11414166792,9,0,0
30,176276.5536402162,834,33464.03558577353,40,0,0
37,94543.6726242377,543,42963.599600011985,3,1,0
42,145615.59116338595,316,65885.30519824407,13,1,0
21,68285.06460601593,411,28043.142551942477,3,1,1
27,199880.53039703076,846,6046.69958339892,23,0,0
20,51560.163447834784,329,37954.58254569924,20,0,0
58,21820.597698950445,491,85707.3319997485,9,1,0
62,46785.56861327168,736,50336.799574336495,24,0,0
35,159657.0121179428,478,96513.59201679558,5,0,0
64,100421.06177147807,773,50858.531577784444,15,0,0
53,100550.04460587709,433,28313.982875262933,27,0,1
64,191904.12553010034,611,20138.085727276244,35,0,0
39,185534.28344505336,324,69757.92518177207,32,0,0
51,76015.05280472166,670,54101.7472919662,29,1,1
64,57630.46318055591,824,60795.89397054871,35,1,0
25,172726.79778807313,618,75757.55214407899,24,0,0
57,183083.43278798537,529,72864.4429622244,12,1,1
66,117487.44610372765,401,5292.966716654471,38,1,1
61,133296.2680010781,749,80454.6186242078,14,1,0
36,66244.5712446128,677,53737.62739811943,37,0,0
59,164144.48383613443,502,39779.14455066249,29,0,0
58,133782.03712082416,566,54214.423200538964,13,1,1
54,110632.43203363939,761,61632.69339727518,3,1,0
23,30819.54009411125,664,15801.1246775059,0,1,1
69,184868.29325200766,403,42324.12413731805,2,1,1
43,130781.25566919308,410,34223.0348086302,35,1,1
51,54684.397044734236,727,35690.485536985805,3,1,0
76,129149.5010569495,768,10042.158902323514,13,0,0
73,141943.4037631952,549,16824.50531202281,24,1,0
76,114638.66060298058,781,17021.37469103592,38,0,0
62,149258.31283208405,630,37949.24957894313,2,1,0
23,124661.71062715237,500,89554.66294260437,6,1,1
54,190598.5247657867,753,21396.709820173324,7,1,0
74,29665.474147875233,803,42203.05825980565,6,0,0
50,39124.22752452089,845,31849.33211461465,24,0,0
70,51260.89465178117,410,78950.94794258247,16,1,1
39,144230.7927087798,843,5962.516799760799,25,0,0
38,136207.25709496555,508,20457.79615805315,3,0,0
23,180570.59483774492,332,21853.51269312464,17,0,0
23,151917.9415191017,406,99303.31723100989,3,1,0
72,111503.9877616266,564,57506.72677866406,16,1,0
65,198529.72264345345,525,14756.868173968303,16,1,0
21,67899.43211047385,786,27947.71478837998,24,0,0
47,169974.49876138172,478,17614.3873181695,2,0,0
28,96822.26699490548,521,13335.85239232535,11,1,0
79,136772.32499763215,669,79921.02081238136,26,1,0
79,150908.32468143813,466,50079.51023737513,16,0,0
47,134075.73569426054,599,63489.803548029355,21,1,0
48,45291.314559546794,680,33793.873452207605,38,1,0
41,99731.1819346279,334,55815.813520665615,38,1,0
72,121058.90802796239,706,26499.334219846016,35,1,0
26,172827.87665214742,801,31495.591217895246,15,0,0
72,99856.23478374301,613,65571.55649230657,36,1,0
20,185374.51486476525,400,15884.662466003794,28,1,0
68,99267.36014453792,514,62104.96405757873,13,0,1
48,118780.3746673421,361,85371.2468258896,6,0,1
57,163331.4229297042,668,12921.899391896137,40,1,0
54,124952.18319598585,667,89848.66677642791,27,1,0
53,192839.25302890842,393,8865.122349590603,12,0,0
41,138860.44949254295,768,35542.01346863143,15,1,0
48,114087.70173216819,325,61440.42220856146,20,0,0
23,24246.554200543254,734,56382.06125173515,3,1,0
19,94471.92156445936,420,10542.716176948912,38,1,1
37,73864.71546682887,349,80092.40361079946,34,1,1
45,154659.02021974805,335,97342.17602138003,14,1,1
28,57489.98152763824,709,18941.60062919324,25,1,0
21,56939.61571293293,588,89617.96601173082,6,1,0
32,54113.42778272782,678,56124.134769063305,17,0,0
23,42610.81036812247,399,93657.44335328741,24,0,0
71,75981.26066075973,623,18432.50988325935,36,1,0
66,179465.9805998165,628,79410.11792476304,20,0,0
47,159487.12501507188,520,6918.375969087782,7,0,1
73,152345.21893522283,409,88436.44823346991,19,0,0
55,163520.6250169933,448,67741.78279776374,17,1,1
68,68495.2200793229,705,37655.22360832057,18,0,1
79,179739.5043354478,709,19856.215526287164,2,0,0
74,44714.60752548879,428,81836.77675815327,37,0,1
19,80542.23080880474,783,60720.890818086344,17,1,0
32,125614.66141412173,407,36681.16944185214,26,1,0
28,38522.91590156012,688,44939.74665544911,14,0,1
25,151423.4337997565,724,82827.72295116528,20,1,0
43,89704.2886766255,746,34553.792142329905,21,1,0
68,161193.019809512,367,9873.63513288294,7,1,0
62,108721.3314052285,365,91216.9350481438,10,1,0
61,52557.41439656055,803,39347.03022614543,11,0,0
22,152257.126043962,803,35490.36360040613,38,1,0
23,65385.912051009844,620,21235.562268718,26,0,0
43,108345.85422824771,746,89844.83455160621,34,0,1
71,33595.98844824337,509,22533.028035095555,1,1,0
21,131215.99779416661,669,64030.613932136985,34,1,0
36,139854.3979189299,757,88195.73614920219,30,1,0
37,88161.35779510104,462,4456.447845718523,7,0,0
50,191796.1004577933,631,83050.37882471937,19,1,0
37,177350.40586677231,649,41649.34274728767,7,1,0
66,147429.36483319907,767,66139.48295125598,3,1,0
29,148457.37340887368,725,37868.05175932984,30,0,0
64,65432.308689587226,626,69856.1093784019,31,1,0
18,138226.74159592082,405,26175.196541212215,12,0,0
43,55677.12774239354,554,3171.123701104231,21,1,1
31,45920.580305567986,657,94830.9639640074,25,1,0
55,199904.22095646444,743,2620.4086399681946,16,1,0
54,132027.66766517135,412,82585.8296737172,28,1,0
79,97577.81707829429,329,17744.621738924907,26,0,1
28,71869.61411911124,823,39829.80263160076,21,0,0
80,128705.67985920093,345,82426.74527409952,17,0,1
53,28926.831479615503,470,21387.28288092219,4,0,1
30,37042.57829086311,429,86705.05294697854,11,1,1
60,25914.20559327134,652,50278.134971088235,1,0,0
20,109850.56998727912,502,37249.192809010376,6,1,1
50,128109.19325369287,525,66581.33692689727,25,0,0
23,31246.357044407756,379,34797.582476114796,38,0,0
67,149820.40414980496,609,35381.547540639345,14,1,0
73,61471.11287262159,334,73619.11270289202,32,1,0
27,143336.2616785759,460,31673.39022937168,2,1,0
22,196741.48520634422,734,20876.492187088086,1,0,0
40,144399.05660969322,837,80956.96667166064,16,0,0
27,178974.74952624954,524,80731.73233899593,0,1,1
61,190675.73121375212,745,50260.98466698006,35,0,0
19,107615.18870341679,616,53138.906000132556,16,1,0
30,146418.49629554723,713,69911.58595099622,1,1,0
57,173354.46564005152,394,51418.15488448091,32,1,1
19,84189.6043173895,524,42286.95593795402,28,0,1
37,67051.51698087108,365,99494.52513637784,5,1,0
18,190387.74310010095,696,15616.402357403334,35,1,0
80,150734.63006638724,509,59680.0699447462,23,1,0
54,59542.784007648734,773,88700.43958149037,10,0,1
26,100835.01068170041,789,69034.28907693036,4,0,0
34,163361.31851680568,479,88211.4066097356,29,1,1
26,118471.33836531958,823,34297.13731511259,9,0,0
28,136991.37766986003,758,27927.304649763682,36,0,0
32,155678.27636810942,367,85275.96630330836,26,0,0
41,131961.65398561652,628,40017.34304236059,26,0,0
55,117214.27794599524,501,71258.54998267381,23,0,1
72,154930.57118979923,774,15627.109262997312,2,0,0
52,150961.34637779614,817,75827.9744122908,37,0,0
47,133377.0320329722,314,55349.282253462065,25,1,0
48,84762.09440874733,341,27592.55235113563,38,0,0
66,93046.17659604888,842,49955.8924319316,17,1,0
22,194678.93879913754,588,69997.41895813064,2,1,0
79,40229.46781247465,832,2176.7544758909844,37,0,0
77,68330.88510551036,543,64109.23882259882,24,1,0
61,108632.31665678043,473,54617.487049054165,12,1,0
67,170611.34350588146,833,22808.330606926527,24,1,0
31,49461.61947135102,808,75545.12632364348,23,1,0
70,69851.83126242977,543,31042.637478686913,40,0,1
73,31843.679203143016,359,28409.232223109913,15,0,1
28,147077.34788914732,403,47650.616550932944,40,1,0
26,62877.6983856109,602,67938.81816381411,10,1,0
51,89961.45512077109,376,92955.75161174919,20,1,0
29,99866.26046534021,317,14994.367070078291,30,0,1
52,180436.50840916202,833,40250.34395442163,14,1,0
52,94039.45225962263,483,7631.969658750362,35,0,0
18,46140.50358474483,849,76096.5239997025,0,0,0
57,114376.68890122177,580,45325.55607845471,27,1,0
39,193332.43903675332,587,70985.98438363033,32,1,1
77,129383.41538914599,824,32897.24797365244,2,0,0
46,197009.69968290307,773,84587.40689922603,14,1,0
25,171399.3156089966,566,53947.97974577136,32,1,0
28,26473.836118414303,656,94417.17436054186,31,1,0
58,138511.92716786754,300,8802.649275259384,22,0,1
54,71618.03796041905,326,51913.40562966536,25,1,0
31,120731.0340160503,847,76879.06935377217,16,0,0
77,70282.13436762078,459,60415.112159287855,8,1,0
47,82796.67498895226,698,3296.219902257433,4,0,0
52,186170.3681157523,842,97261.5291560442,28,0,0
38,57195.77328050695,426,30528.10561451394,5,1,0
54,177339.64124464948,509,25678.508770271823,40,0,0
22,25482.405452689425,449,49080.32768505137,34,1,1
36,36357.7769065367,330,54673.65264481154,20,1,1
76,173841.50744916743,601,76862.52562139272,22,1,0
31,133500.08556365516,556,39934.09210823992,34,1,0
43,154502.50484711904,356,44556.07726975901,1,1,0
79,57695.180747933766,308,53961.03167744927,8,1,0
21,116675.02200621863,304,40044.322874422425,12,0,1
42,152699.46024283484,413,91540.25983101444,33,0,0
62,132916.54466184723,504,85273.94469679096,15,1,1
59,104905.7780404177,323,46042.395812709954,4,0,0
42,192761.08155878866,792,1019.2913713943965,0,1,0
35,141708.32002162014,705,90192.51505739878,39,1,0
57,183395.14404342283,402,13309.32077050706,21,0,1
25,151358.69208326263,359,25206.729104210575,25,0,0
56,152383.43514758296,385,16083.767152174421,33,1,0
57,34403.28855638228,671,18801.741428121353,20,1,1
31,84703.63193370984,501,80484.87625109364,6,1,0
49,174506.49320953852,388,58370.642724926496,24,1,0
68,61868.69518677607,736,95653.42114940949,11,0,0
78,40791.055908163915,419,23913.89772004793,30,0,0
55,78699.09019498283,455,49077.85590499217,26,1,1
50,59678.81928067051,698,97765.40853916453,21,0,0
40,186551.87506276794,487,82817.9079132022,33,0,1
80,176233.9955603836,351,73132.95223292861,16,0,1
32,109942.98145092276,830,19708.5449357084,10,0,0
50,31041.897407096243,779,77171.1346900619,28,1,0
42,148621.22229676813,529,35408.947136995856,33,1,0
34,132214.1116405276,780,53523.152807629005,36,1,0
50,194699.84073112925,429,61306.96009091448,25,0,0
64,120611.58324866786,354,61327.00744090115,31,0,0
72,80550.8702125237,570,72925.82371943812,36,1,1
19,113423.90484414004,399,66508.50717157836,4,1,0
31,196267.39245281293,368,7768.717051748393,19,1,1
70,145345.23785594548,598,46277.35556896162,6,1,1
57,140955.7048268692,828,66738.13906527794,22,0,0
57,63322.68615065937,653,30303.305234407137,0,1,0
68,153848.4531609112,451,31992.61203442258,38,1,1
56,155048.92930491891,629,13332.187227706938,2,1,0
68,77112.01707966295,415,42442.88361151068,2,0,1
23,107068.48983032837,841,98696.2129963113,5,0,0
23,73028.59992928209,622,29246.616767515698,30,1,0
20,66566.91265837161,528,53612.25237592371,26,0,0
24,24661.292644907327,659,74580.48802512935,28,0,0
68,71338.11403759978,304,2336.229817542796,14,1,0
25,119714.59097808947,327,90143.51640023159,35,1,1
59,20288.21375882519,663,39268.46828776891,4,0,0
69,70979.43508574014,761,87042.48268438724,2,1,0
32,178653.859818185,530,4855.818231048326,24,0,1
64,126856.74531932495,694,15420.69163450391,31,0,0
46,129415.30833457649,570,32930.415993278366,20,0,0
50,92605.57490474358,603,35200.71553326459,16,0,0
69,141764.985828634,682,84931.62807977364,8,1,0
47,54187.897921464646,327,2108.9104234352853,25,1,0
56,167374.42586915448,818,64470.06587049828,21,1,0
44,41004.041588461965,498,13999.931181676477,40,1,0
53,138080.24383755965,381,82498.34942039389,22,0,0
46,81406.87864754295,387,78078.75332983331,10,0,0
55,154552.33470484582,689,50492.18171370886,9,0,0
74,118957.6192278836,750,22056.03532572514,22,0,0
50,101423.54692616891,732,63815.04370559008,4,1,0
78,50496.03237678446,673,16469.573448106916,25,0,0
54,134627.86357118352,734,19812.355466672692,3,0,0
44,195458.57181567434,486,63042.30032031041,26,1,1
72,168608.6164832627,689,99131.61616277382,37,1,0
50,30801.474666022124,517,89215.02288800207,33,0,0
79,87721.28810501439,407,59717.62841068403,2,0,0
21,186604.94165424892,849,54315.14010797495,31,1,0
39,110547.87456026385,648,99840.10312080274,25,1,0
19,139180.12864547226,821,55192.31761575548,17,1,0
27,184267.88220645027,325,42591.53567398495,6,0,0
22,177283.04427557852,347,91045.99804175881,12,0,0
76,110327.66759729198,669,24184.245291059535,5,0,0
27,98776.33447836837,313,10655.073039384088,34,1,0
50,81144.67132632568,486,63774.9134018212,30,1,0
71,149423.49976932042,823,10489.11374310615,36,1,0
55,71657.62390487778,578,37941.70515834305,3,0,0
30,64979.76915756203,640,42934.161172590335,3,0,1
48,84124.98102868041,627,55206.268637874084,7,1,1
64,51898.71023818257,324,99174.29502904827,37,1,0
53,145121.5668702381,828,22877.190609984897,10,1,0
62,130923.31687951021,725,38199.88147218429,1,0,0
41,106918.13614085184,328,14091.772316655144,17,0,0
69,90258.64026707984,622,61153.739077290236,17,1,0
73,183631.25772141168,612,73039.64504847552,21,1,0
32,25242.28129803895,569,48725.60550035201,11,0,1
46,158439.39383131385,594,25337.295560707134,16,1,0
25,182343.72291479996,522,62467.93864899302,16,1,0
22,100343.82429738667,374,54376.614613516096,35,1,0
46,119124.28846471642,401,17947.386616968055,28,0,0
64,190003.46381876682,831,41162.5081497109,15,0,0
21,58209.95275139259,472,44084.512071884295,40,0,1
29,113624.27260124328,303,98279.15762337185,10,0,0
62,105449.80288307833,778,85079.29738339665,21,0,0
19,66510.6766166666,694,73702.70803908579,29,0,0
44,167346.78146715942,466,88988.9255247918,7,0,0
48,181928.10705738244,599,73812.95617704278,17,1,0
68,160747.86436187758,417,90436.7836574476,15,1,0
68,55164.61295274951,811,6400.75837307129,19,0,0
53,35614.75439024868,474,46150.55471742474,38,1,1
53,128980.00735496162,458,74942.93518894153,7,0,1
43,30277.05689177911,683,58746.283864391335,29,0,1
60,141108.65994045517,526,18341.45025092788,37,0,1
44,115476.35965890368,337,34708.71656632489,28,1,1
22,139301.43189385947,762,32459.663127642434,12,0,0
37,126230.73925695392,730,26873.344405249263,16,1,1
28,96086.4625148911,403,34970.41979788264,39,0,1
79,56157.89242524109,492,51970.47555765098,16,1,0
27,75026.38444588793,549,85632.03345354433,8,0,0
57,114410.10335941576,312,74461.23357698187,1,1,0
55,137336.25685656906,687,83689.72069760713,23,0,0
23,160306.94303921514,370,88476.77071174554,20,1,0
25,158090.72932083096,737,42198.89515366312,1,1,0
40,195083.97378699537,343,35256.60211864797,4,1,0
64,71451.46075941369,571,6704.714786732019,16,0,0
43,32799.92747841862,313,93118.670565767,23,1,1
63,82218.24839753467,670,7516.4787758762495,7,0,0
60,153793.0055403338,411,74372.41602167657,29,0,1
29,98860.09718599313,678,38432.72214209313,21,1,0
43,167201.9175060955,613,94929.29667541945,23,1,0
30,118878.74573348269,714,42540.600072478774,25,1,0
57,187362.51007349056,784,81844.22678411692,7,1,1
79,190615.41955983237,468,28982.828384203982,11,0,0
35,32474.81108337477,545,30609.78300714082,13,1,1
42,102154.41914823638,565,59956.42157796499,29,1,0
50,129744.03102492224,542,99800.2807370399,34,0,0
64,66057.0573461983,599,52239.66937994043,30,1,0
57,93273.82028821645,626,93694.55500293577,27,0,0
77,141982.67740118568,829,78838.73299662405,26,1,0
60,60812.16084170506,641,79790.56710354626,35,1,0
29,128356.64353540144,548,44160.03892374765,0,1,1
61,145540.6090695751,679,39267.68276710726,40,1,0
53,36289.335997256014,831,20000.25900099072,13,0,0
65,109555.2768849415,680,96430.1854313817,9,1,0
21,67354.40538635434,341,95979.96763193818,6,0,0
22,150389.54407964804,644,74959.7056967081,39,0,0
73,54119.991536649286,560,30328.992535414283,13,1,1
54,180602.82479685915,605,25272.774493885936,35,1,0
25,97569.44057329884,539,98872.41399630933,26,1,1
80,55640.54545535963,612,7587.738695709572,10,1,0
59,98843.92334305929,740,84512.86492198959,36,1,1
66,93573.87730553502,432,36190.34204776499,9,0,0
45,97205.41270886785,350,42468.10225299483,6,0,1
48,125401.03282954045,691,83365.78722613488,16,1,1
75,113811.27048443675,822,9969.698584530444,11,1,0
26,46959.88370256248,807,36062.798173505456,36,0,0
71,31804.233076394536,653,95250.40343978773,36,0,1
68,151294.7807707773,694,70207.52536435438,35,1,0
46,120749.13846709642,395,75738.97731578315,6,0,0
31,84620.13825426747,405,75993.02479459216,23,1,0
57,165504.40804965328,812,6996.438233230508,33,0,0
58,89850.52536697226,541,21117.551732782682,0,1,0
39,163273.71612810934,787,49635.06235203997,28,1,0
28,75036.10295222743,814,37446.87301506214,25,1,0
40,33112.15355813596,360,41680.3170201525,9,0,1
18,187875.14488398723,715,78363.29048394159,0,0,0
63,91019.20327064717,593,2453.244271705792,16,0,1
54,162684.66311288803,601,66388.70070580264,40,0,0
38,70245.9439800148,469,1010.9129483804234,35,1,1
43,136345.72018225808,340,7242.794032048126,8,1,1
63,177195.95718639108,530,41420.32586392477,38,0,1
53,27495.924021196457,708,84253.90346067732,22,0,0
71,169514.43764349606,596,15354.580790881588,28,1,1
40,122839.94089494715,754,55907.51950373255,1,1,0
74,129344.91570354246,356,68172.01745584767,17,0,0
18,114168.44014507688,539,23723.755533043895,27,0,1
80,177405.51859105565,475,51720.69527168872,6,0,0
71,27818.00430241474,362,91229.32103068104,10,1,0
72,66985.11047645265,850,51710.62401118774,6,1,0
68,177637.25699464796,437,16574.98311697715,23,1,0
57,155422.22645575207,753,63153.61537206693,14,1,0
32,23176.12883214905,748,59627.81782084289,30,0,0
38,113061.13097774755,525,3668.521220014991,18,1,1
64,115323.08252828146,742,9968.846169009094,9,0,0
26,92158.78432302386,505,16521.354158960065,7,1,1
70,73530.79977115814,326,14492.618678625122,0,0,1
26,142710.47307422158,756,26687.111285532377,1,0,0
27,57402.283646855685,406,45956.42700032123,28,1,1
69,163810.7411729071,743,37799.913491999454,9,0,0
74,164546.68893814491,335,89174.33924905509,8,0,0
70,94747.05876310769,454,61598.83153122737,30,1,0
43,71038.64196373658,468,87738.29064622246,31,0,1
58,71098.07268632838,571,53176.89316684229,1,1,1
52,106812.43831931782,846,9897.176598244656,23,1,0
80,149524.26045488456,719,46865.457457577046,36,1,0
69,84596.36437889458,483,82381.22213739413,5,0,1
42,129807.80218239527,536,20216.2729495437,7,0,1
43,88847.20290486698,808,10030.213596512325,39,1,0
28,74814.17404724899,740,33614.03909548775,24,1,0
55,24474.71286484295,421,39500.88523337382,24,0,1
19,20704.539032370314,716,31319.509964184537,10,1,0
24,60897.382009760804,834,14388.837776831044,34,1,0
35,93153.13162417918,674,25833.146112449736,0,1,0
44,173227.01012517084,625,68545.95805560892,22,0,0
51,163727.16372747658,779,39206.92311302323,2,0,0
44,68089.74726583817,449,63622.395017237024,40,0,0
34,64017.27973717388,789,54094.07421195451,0,1,0
60,60917.97279260494,452,55356.241045909235,11,1,0
76,81062.72129519607,316,25606.4062368318,37,1,1
61,109675.76952110337,850,52632.760244049976,39,1,0
76,98960.19896568358,647,3335.876672456976,30,0,0
68,59289.17578066888,758,43742.63049016769,28,0,0
71,43481.253789851246,501,57689.65949580159,34,1,0
41,22264.006247515168,722,19017.56651405682,27,0,1
42,47713.382959970695,579,26399.292118646186,20,1,1
24,146964.14663494128,721,22733.57096174632,10,1,0
69,63854.942482204926,764,7985.2375712769945,25,0,0
23,104348.32582187177,654,35437.87479286891,10,0,0
70,126434.20680618404,677,97917.61087874201,4,1,0
41,179631.36250968926,423,36034.1602398974,6,1,0
50,179993.9177108155,379,46593.12556186059,30,0,0
66,154232.0720626446,532,65655.63784468114,38,0,0
46,26328.258568730256,779,65201.277365741604,7,0,1
80,123512.67543537468,453,95039.6030218438,26,1,0
60,161585.02474967117,708,85898.8498995134,20,0,0
39,23111.848057405376,330,79601.11802341008,29,0,1
43,118943.23045818409,802,95211.09535205275,13,0,0
45,174397.5462414853,670,23845.77316283399,0,1,0
67,105338.37365160805,622,62088.36526755746,23,0,0
38,20739.11652154072,631,88832.47990549347,5,0,1
66,21982.404500409342,542,62789.67766953208,5,0,1
24,94994.4867344751,729,97764.62698608008,4,0,0
34,47901.560135015825,481,10934.918676731522,34,1,0
37,139601.11827678673,772,44493.71977652683,14,0,0
58,147583.86768310773,675,97758.92788295499,34,1,0
66,52018.36318291315,380,38577.234828422654,40,0,1
37,179935.99193440727,849,74216.08113483114,7,0,0
71,99543.41209620665,719,4009.887206786269,34,0,0
39,45712.26336654627,766,69788.87434840099,4,0,0
45,157565.28765249118,727,93528.04652023026,30,0,0
80,162195.41000301912,356,38887.92223381027,30,0,1
78,135073.18507978233,621,3108.683954766017,36,1,1
57,173623.79957645957,841,3763.070635152901,7,1,0
66,152727.13496552085,794,89310.30726539782,5,1,0
24,178797.0327008583,565,72529.09460252992,22,1,0
18,98099.8487273863,526,11561.952038431404,15,1,1
49,154567.48305789963,353,6404.437428068461,7,0,1
30,199955.281417228,303,80677.71099793246,3,0,0
47,150487.61555353145,738,81176.20264773055,31,0,0
40,40553.080442683786,609,12931.66213941285,2,0,0
68,113297.37003725294,388,30850.51998497504,15,1,0
76,125722.60242374503,619,78222.58039281507,33,1,1
73,51357.92151285038,674,53015.79502444663,12,0,0
36,193320.49415204677,800,95701.90121180464,32,0,0
79,51604.35997423093,533,48625.20188925449,21,1,1
49,51960.425548380095,636,68018.83581898575,30,1,0
47,184730.0848354199,484,51468.55320841684,23,0,1
46,103736.97796190079,737,94353.58407281953,2,1,1
66,31373.890269412914,479,40467.25011469328,32,0,0
62,127673.74998893515,375,23749.849062681402,29,0,0
46,128328.74275394861,571,33336.752167818326,25,1,0
47,31610.136563581123,354,85424.7452123577,33,1,1
33,195054.04921405917,376,50295.917787701204,21,0,1
57,117925.3937530236,595,36070.97804672166,29,1,0
36,120763.22999235756,518,54881.742159138805,34,1,0
35,113620.774610431,576,14189.741020407393,24,0,1
18,129931.7203360316,565,1530.5711579340123,27,0,1
31,67573.9554992759,342,28777.883685655586,32,0,1
68,71703.44263547135,660,60895.56625857069,22,1,0
64,112041.0361633039,527,71456.39619647733,25,0,0
67,165203.4538574443,526,82834.48566884469,8,0,1
19,28975.623768952195,362,92739.6923800525,7,0,1
71,128612.75819964428,470,41799.122349512036,36,1,0
45,165220.0656511365,606,74311.163156188,32,1,1
66,48245.10896670089,333,8392.62008960819,14,0,0
67,22704.05755650193,429,6695.469878435929,7,1,0
47,76288.39312546246,693,13355.001206629504,20,1,1
55,125865.86721132767,450,45408.34068524547,2,0,0
68,44890.971212854594,683,21916.86241137624,8,1,0
80,96702.02677504739,316,29405.569251843765,13,1,1
21,119417.86952737003,313,65140.13717771796,37,0,0
18,127798.95705631709,380,36493.69570148175,26,1,0
25,69394.10978006752,506,56179.7842140842,19,1,0
46,92005.33447753245,503,41827.97191692263,3,1,0
72,160101.06123216057,678,17727.956296462136,23,1,0
56,189418.64494172338,843,8327.979035333517,26,1,0
20,175138.4596012863,322,24386.918035678897,11,0,0
49,121571.03031201774,461,6712.34647961339,27,0,1
27,93852.70452991038,443,62242.58402909088,34,1,0
27,79932.19058685529,403,79776.04254514394,23,0,1
36,42492.181895123256,681,34634.33605550268,30,0,0
63,39179.22449890034,754,39323.99447988346,2,0,0
51,143904.37248445838,716,81802.91521317136,29,0,0
77,66762.99491080886,623,23038.67832498247,26,1,0
50,65839.10355784043,470,12796.866254292547,16,1,1
40,199675.10980600142,573,50610.69361577756,5,1,1
72,53826.672417283175,751,64972.82678379048,17,0,0
45,46650.756707989334,424,60365.78807960144,34,1,1
49,37763.340996785715,682,71673.4314821439,26,0,0
67,124364.96213002331,616,6618.367035129365,16,1,0
24,133015.48868037824,406,43391.95966307892,10,1,1
46,85741.02672623875,762,24618.48187062362,37,0,0
25,116374.4003920642,729,76153.0046950564,36,1,0
18,161911.91557008427,636,87400.31792197461,33,0,0
74,167258.7502979147,795,28852.238339835072,31,1,1
72,192424.1736288167,661,10426.58982787142,34,0,0
20,168368.23746611743,731,26089.368237148286,27,0,0
41,121671.45860913678,819,11296.840416833049,21,0,0
40,52338.253850632274,705,32919.79444523192,15,1,0
76,37957.44038651163,676,54281.659253860744,39,1,0
80,29812.140183954656,451,97394.41448542244,11,0,1
78,139974.6497213691,621,40537.655180784495,4,0,0
25,165356.52597163877,513,22783.952461607492,25,0,0
71,111563.11112313422,364,17513.37229671267,25,1,0
74,29848.551470055187,569,18130.936847728924,12,0,0
64,116384.70342644087,836,20067.170642884463,23,1,0
54,188434.86707441907,399,76464.43523120726,2,1,1
20,127570.37436784289,404,7041.743431809572,31,1,1
68,165696.94792330667,430,99742.86798736038,22,0,1
50,164027.4767105151,688,52745.95272545985,36,1,0
45,187783.23796051752,620,54882.917535781744,37,0,0
64,158641.1778169772,737,36398.82399126088,37,0,0
25,154586.09252235614,318,69335.28058179993,12,1,0
51,62138.47969471531,524,47674.17774719897,14,1,0
52,30786.52795779466,759,33577.06721149043,1,0,1
49,113167.90370968539,693,27248.701967096244,10,1,0
41,42398.15743041593,525,92639.4694863927,15,1,0
31,193195.25773003843,659,29807.9619901896,17,1,0
49,72186.45727394515,729,44202.932683554354,33,1,0
73,173529.95660917275,314,35683.79880953036,9,0,1
63,89772.43253644268,845,9531.70391537556,12,1,0
60,78174.96497432794,713,19407.505053744444,31,1,0
33,188328.5430277918,654,19760.69555731182,7,1,0
21,85398.06297552033,756,69671.30192457583,6,1,0
69,90251.82355936457,830,41251.955586615106,16,1,0
54,39096.52033032365,495,78414.7887439952,40,1,1
71,140680.39975085168,414,71186.14150908154,26,1,1
38,71991.09460595243,716,20012.92687320773,7,1,0
31,125408.7502111113,651,56728.77509188996,28,1,0
48,126443.3067295777,374,74547.97575883148,36,0,0
72,149455.94520723808,335,63671.249424096575,26,0,0
65,154143.46751103943,541,60401.63430071011,36,1,0
35,112601.4381922771,362,74221.47785267603,23,1,1
24,79578.55056861254,808,6621.2931863743825,15,0,0
27,170741.1610702521,487,73410.77278878185,25,0,1
24,75775.81689352726,392,27992.871052189406,30,1,1
50,111351.63700447966,304,57615.353196426055,26,0,1
40,92225.46497667105,737,24988.194474954238,25,0,0
38,173914.10947454386,465,84042.93964847692,14,0,0
36,97745.33560624918,745,48575.376075774846,14,0,0
65,89497.85399074717,324,64651.17999047337,22,0,1
78,144168.26472157473,807,79614.12230419608,24,0,0
36,128439.39977505969,397,89636.21025206507,3,0,0
53,39304.4300292523,567,73474.14760986475,35,0,0
46,111470.38514191339,692,15728.089042850168,15,1,0
77,152386.10989998459,584,85598.70458899286,39,0,1
35,198573.4576264441,408,62239.21367068511,20,1,0
19,133246.43011465744,326,61335.52607964708,39,0,1
18,86652.7519594372,354,92212.71542068724,16,1,1
64,60707.287964381314,432,25634.324010922428,2,1,1
22,177109.44214759764,351,24719.1742309093,6,1,1
37,166621.7381804305,792,51806.161914801225,11,1,0
28,62106.10774028928,597,75335.44358695165,0,0,0
59,56113.77622638323,698,45276.830114622404,36,1,0
80,148724.6198260116,317,63755.24759934782,5,0,0
19,76691.3711453767,545,45799.94769804917,22,1,1
20,75151.78370515241,802,61428.3308682099,24,0,1
40,47412.24447217795,388,82403.9679587574,24,1,0
72,67515.59354776939,502,18867.192913001407,2,0,0
29,96951.36036667692,539,69842.47486659243,3,0,0
37,151910.9007090348,789,78955.14819448015,29,1,0
22,80535.45699447495,312,45264.02934069646,32,0,0
54,79148.7811063717,614,33000.12412971757,28,0,0
55,71284.38545943845,497,2340.8880685158056,3,1,1
47,106091.06015198774,542,79913.39721107527,13,0,0
26,52514.60562943676,806,33465.927244562816,20,1,0
51,107413.5321257826,342,36373.63747139697,6,1,0
70,146751.60011504416,629,34264.61014678241,20,0,0
61,25362.290725871993,728,50375.19375042147,6,1,0
52,21760.288455037135,461,70547.45774868863,0,1,1
69,33522.12382781166,734,77414.44996905058,33,0,0
75,116418.81111106017,532,39864.50131991268,22,0,1
39,173801.91497337262,410,66647.10146947175,2,0,1
61,20879.20388364535,531,72347.74077686021,17,1,1
41,188599.0348252426,572,30394.815836060774,11,1,0
34,39130.132082696444,340,10565.525484172234,13,0,0
27,171557.03505048074,765,89571.90634380179,40,0,0
47,106913.85769693041,376,68034.48120637769,27,0,0
73,138684.32971019193,789,65162.93047875285,23,0,0
76,111922.93720049283,416,6831.3490059858195,23,0,0
63,105868.68053228383,733,81969.43269288872,2,0,0
40,170281.89710559047,318,57039.36145251926,8,0,0
49,156059.54832220695,495,84940.55731443905,23,0,1
34,107012.40257414075,750,97481.55718993938,1,0,0
67,40094.46729129109,724,95752.93176714396,39,0,0
68,40772.532676593466,693,85752.84529263055,27,1,0
34,164277.10292943357,583,2083.7900093055214,6,1,0
31,115290.31184255602,333,88686.99361545869,8,1,1
26,106686.04523948528,594,8431.169068936904,38,0,0
57,142502.03144492873,550,85268.20304749996,38,0,0
19,174591.48501456686,638,28737.23279255074,32,1,0
62,133197.16599439492,739,61396.765514803395,33,1,0
42,157312.62242236623,479,4768.754883838088,20,1,0
56,157748.69434105227,527,77346.98791570458,28,0,0
26,84127.06078273263,322,12058.906101064178,26,0,1
71,69334.97521537924,626,41658.12899590142,16,1,1
39,164209.53209152856,453,81927.15423020483,22,0,0
60,87892.18252116384,445,69839.55065432518,20,1,1
63,182600.48117408692,551,1598.226988948624,7,1,0
21,32544.32541142153,601,40900.201119712336,8,1,0
43,30479.15217356114,369,5150.824179486294,32,0,1
75,186860.7488182535,842,67676.48622102845,3,1,0
46,136721.88455265827,392,96925.90068357882,17,0,0
62,88327.88416069982,462,65870.86496777515,31,1,1
51,155910.87466691292,380,23212.87068063802,29,1,0
40,141018.82579885543,362,36168.07017458747,24,0,0
54,115616.18842752732,735,97688.4050101883,32,0,1
28,37797.20167927725,347,23181.188791202654,34,1,1
23,166192.32571269528,744,56591.37823238983,33,0,0
35,175884.17432251244,373,40644.92705949273,1,1,0
38,50990.36393947684,841,77063.21449489394,12,1,1
59,173092.097355872,456,86871.53792600882,40,0,0
53,178012.51598298157,786,34742.89016067938,22,1,0
58,118897.15021193288,565,66379.24000623888,22,1,0
55,138112.22652008367,555,55355.722054255006,30,1,0
51,88802.71760260845,338,28566.004515487904,1,1,0
34,70722.49655166788,354,27922.13947848717,1,1,0
54,149956.96645129606,327,54324.533105698094,4,1,0
42,175137.52682284548,417,16246.28447969768,13,1,0
55,137733.95953203455,669,81270.17975176468,22,0,0
75,112086.30991637886,508,7831.479080839799,34,0,0
29,48606.45803195088,615,10362.874134623316,0,1,0
40,29622.568268867268,692,34880.40458379949,40,1,0
70,100224.52224441436,743,12691.084061516201,39,0,0
59,28882.92146553583,558,48094.302104293754,14,1,0
39,122480.23374330052,497,40567.91315374516,29,0,0
38,88891.25443719883,744,72459.16979268599,20,0,0
44,156294.0415427545,604,95347.41136576232,7,0,0
74,75016.72943051302,638,75602.29988917348,6,1,1
48,126736.88617413778,828,18765.41762517983,40,1,0
23,116783.03391591809,353,93616.6072609759,33,0,1
44,20848.236594003407,411,39821.209822753655,36,0,1
57,33030.09168757586,718,47944.746731764375,31,1,0
51,72266.27824748369,604,42736.04749969292,32,1,0
29,178802.31458373772,737,28774.15530548418,5,0,0
62,46462.69188196014,384,89609.38449195091,9,0,0
74,147960.9794828975,823,33891.647723764996,25,0,0
70,195205.9819074117,551,58281.05049827509,25,1,1
24,162302.15948440792,425,24763.32485305869,18,1,0
27,63730.16510366791,704,79940.16210224786,34,0,0
62,183505.7468743547,603,77645.66729338947,3,1,0
34,36759.28817151021,327,30334.90170625735,24,1,1
43,104265.54953673243,565,68473.85324120191,7,0,1
38,179757.54339075446,351,70683.47977640003,11,1,0
45,135427.82766623655,810,56688.63019437185,23,1,0
79,94456.02165098579,506,60459.239844895346,23,0,0
75,72706.31601269038,810,57871.00919078878,16,0,0
63,87517.89295730299,500,9104.575995489717,24,1,0
19,111609.52058167152,583,67356.26912666472,32,1,1
77,77427.90737710532,656,47507.725974030436,26,0,0
71,194414.21517481393,346,44407.27077359994,1,1,1
60,187953.9775519061,436,86139.92265939827,8,0,0
18,176720.86427857773,429,3299.444632650653,32,0,0
68,95929.37039407762,494,25880.17687791676,18,0,0
70,144434.3184803412,663,13018.946484431888,4,1,0
53,182509.27526647365,731,4498.76341636285,19,0,0
68,173077.30778220703,368,28292.022769918807,23,1,1
43,94578.86252363738,757,98859.15100667308,30,0,1
46,40229.48887800693,839,27752.688147549805,3,0,0
38,33613.46549021891,634,66706.87615978137,31,1,0
28,123871.52814062648,825,12711.590114031425,34,0,0
57,135673.0283379677,315,60582.915374675766,13,0,0
28,172971.66882746434,755,98463.66683069302,35,1,0
53,72652.70366138559,809,29891.914822586066,5,1,0
66,50144.68829900765,508,84959.4860211827,16,0,1
76,88221.04997207591,457,99759.56665628702,17,0,0
56,83643.52225380951,636,59266.85478335366,7,1,0
57,43844.41172321385,540,31630.708942375502,11,0,0
52,141010.8774523674,357,67679.59473001646,16,0,0
71,111564.54933128768,604,84639.97242059326,30,0,0
51,149802.09610065795,644,17963.674053235853,0,1,0
72,83484.40163055225,313,45799.06062030388,10,1,0
64,78626.39808398642,658,32599.583302260253,15,1,0
41,105063.65354789402,676,29052.540699275607,36,1,0
71,177933.32217112646,542,86221.3048132771,27,0,0
39,27250.63521211646,444,42743.74667536201,8,1,1
22,164869.90711336496,714,34568.55783858737,7,1,0
73,86417.77027839617,693,60747.543601175355,24,1,1
50,173831.424641926,657,22720.756384100747,9,1,0
75,164396.54159045417,457,23759.455566239816,39,0,0
53,82777.0245312959,317,52508.58435627896,2,1,1
64,144897.77635789086,646,41518.00013597223,22,1,0
37,48733.89621921923,357,30203.25600831012,22,0,1
36,181330.67938948184,454,6341.162095136117,3,0,1
52,92808.3916013437,786,52556.649625213635,22,1,0
69,102012.61076393603,830,81844.31135450643,8,1,0
60,147036.6291866573,786,85286.34332331973,3,1,0
34,167751.24260687316,450,24308.557992881942,33,0,1
79,62541.69379907773,658,60364.47919080134,38,1,0
76,139043.02517785918,667,85732.2496368311,17,0,1
62,90559.64790004672,346,41463.86689935021,33,0,1
60,86366.52632071303,506,93281.54491344532,33,0,0
51,144204.64830931782,749,90394.87438382574,2,0,0
26,89692.98934806818,782,21605.255844462128,18,1,0
43,82299.53002959338,442,26637.518457120175,33,0,1
19,170459.91346272363,699,18863.75786595092,25,1,0
70,38229.702289581146,396,20409.380794015527,34,0,1
26,141660.67210943793,346,90878.34663017631,40,1,1
26,64770.57088231244,490,93182.65301006967,30,1,1
57,22789.683528714257,439,6137.826877327964,26,1,1
34,50017.568397084564,530,59766.732211548275,2,0,0
18,129199.0753596562,639,56858.92472289959,36,0,0
42,147642.89446746872,790,39664.217025721526,11,1,0
78,23790.401040137607,348,63538.06168948759,22,0,0
60,26556.579794309626,752,94789.41472557416,16,1,0
57,182457.58067173156,615,17855.23338949247,15,0,0
59,33195.04726046957,621,12920.680061929108,16,0,0
42,180952.78855098283,386,4305.666512068592,14,0,0
56,61069.86447516304,773,37019.497476174205,25,1,0
52,153203.2040284783,581,34425.21923070874,1,1,1
20,75751.98481028217,373,43651.14912770575,16,0,0
67,174575.3646096531,752,50827.693057213946,0,1,0
54,146081.87577638443,346,76024.57540901501,29,0,0
61,92326.42254830513,395,39819.225655294314,31,1,0
61,33734.44175133432,330,33730.69782676212,29,1,0
68,151886.03309674526,833,82861.00320570306,3,1,0
47,131039.25607373269,316,85129.87039471198,31,0,0
55,20524.109210081973,511,24043.830465041963,34,1,1
51,21695.57407504016,534,32152.510448419525,0,0,1
29,165582.7351746849,691,82686.52072009874,18,0,0
36,66691.9529843337,653,8861.416185478718,32,0,0
54,134504.0601910518,604,33258.83125868305,18,1,0
61,101758.59555774454,849,45386.66059704526,35,1,0
76,175417.4026139181,839,19520.089904856533,26,0,0
76,185053.00035844796,808,18811.505464459122,12,1,0
66,199425.38828219371,694,43061.34374333934,26,0,0
78,47663.144445304424,730,75697.65074875072,13,0,0
34,175333.52836558557,476,84183.06497521512,23,0,1
27,67883.84781118433,705,97944.27416108116,34,1,0
74,126346.85748119139,600,8324.420959080186,18,1,0
72,111039.11009645797,744,22451.537913453274,24,1,0
66,23237.863683029776,426,75906.35439603557,10,0,1
64,187898.83038309705,648,54519.271899510524,8,1,0
29,34098.86992685932,320,33440.2976222794,5,0,0
79,143879.40549339243,719,21353.37646347711,35,0,0
33,161301.23051748716,451,28767.277612602356,36,1,1
41,163151.81282858315,459,43499.60607979424,28,1,0
36,44389.01340719206,779,18537.97073109724,8,0,1
25,100562.59109143498,742,96458.36963179831,32,0,0
48,169297.19667811636,395,11651.256015387564,22,1,1
38,74482.25786817583,651,98572.16601443269,14,1,0
34,104194.76156743945,374,84347.43531406659,10,0,0
40,69102.90068597224,658,42892.01013386017,22,1,0
54,103439.25521935835,432,74241.8171044328,25,1,0
71,179810.8260667184,699,67480.00912594222,0,0,0
33,101922.3615858985,438,22115.404876944165,29,1,0
23,120064.16307337767,545,34567.938525775695,16,0,1
25,92715.73099455504,590,51799.133717740326,40,1,1
42,102821.0929765986,411,64146.57380888496,22,0,1
35,22731.355828355907,469,54746.60315430553,35,0,0
42,71074.19179288208,539,47825.75863964091,40,1,0
29,98584.7099135284,636,44872.07507203511,4,1,0
32,134083.4556786912,437,50328.18543020677,34,1,0
76,101009.34749970058,535,44000.80046475106,8,1,1
43,80807.06779788152,302,54591.67767702588,3,0,0
58,89857.77236194829,415,88910.54460562002,6,1,1
62,63612.79925608398,771,63650.101992406555,0,1,0
43,186408.97089932952,430,72539.46662386548,15,0,0
64,113913.78064236463,782,60150.83023934688,24,0,0
49,22413.70169698216,700,64658.75055898623,5,0,1
27,23500.32651551839,500,58256.63301636984,37,1,1
33,195133.09429136748,591,3659.7856973864964,13,0,0
24,59861.160447184106,641,99960.23983780196,36,1,0
34,165009.49198657664,515,4327.314781076771,10,0,1
40,30489.554280903405,665,40119.65281513172,0,1,0
43,185809.29260501883,768,11406.452151594409,0,0,1
38,177395.0606600021,717,10595.916593652313,35,0,1
39,122796.76923821264,326,79559.16821577388,7,1,1
75,21619.75831098604,754,43166.65215644962,31,1,1
24,66405.95732420076,313,80312.73212157772,32,1,0
31,93228.0765317237,397,28005.86059740232,7,0,0
32,102811.54101456111,578,26389.816388817242,13,1,0
70,73582.17654122697,789,25871.906799631754,23,0,0
24,25930.616284195396,506,61998.41701438401,40,1,1
26,126222.93306677758,532,81684.93959471441,28,1,0
68,114347.84018505606,538,45773.83999744881,24,0,0
65,70940.11437723399,549,38545.64017346715,5,0,0
25,26835.674162529176,605,97384.37586596329,0,1,0
67,199026.95369994923,762,12558.649565152242,22,0,0
76,106757.51362875306,535,49176.63552244436,40,1,1
40,156080.76351933388,590,41440.287564962004,32,1,0
46,101416.52630924039,338,10714.533062102148,13,1,1
35,27770.65235532946,482,27551.8358467337,27,1,0
48,75728.13411539001,329,3815.680045332091,28,1,0
47,77619.82538106221,687,87818.47460931275,39,1,0
69,170903.52272882286,442,61177.103370049714,22,1,0
56,137761.39603997738,718,81686.83128915483,37,1,0
52,69577.38265510512,373,52633.890787895994,9,1,0
35,194193.19183863548,354,60351.47311276754,26,1,0
76,77877.52983161685,323,70384.59330310732,7,1,0
59,199682.12464916965,321,90893.15111895728,3,0,0
56,199309.46477064738,727,10083.43689475873,20,0,0
34,54417.893194413526,331,33763.89107883697,20,1,0
31,76293.40091391203,638,71193.59287930005,29,1,1
48,107487.95572723776,814,95876.70573713789,12,1,0
41,139538.12080662037,811,98099.93542051053,2,1,0
52,115048.54082068388,369,64172.197904588975,19,0,0
61,194499.46444380624,387,20166.24929773186,35,0,0
77,150318.04956242448,518,12801.682229981716,39,0,0
62,58168.07288893539,569,94658.32078376212,4,1,1
51,38917.5590384549,377,43958.84125678824,21,0,1
20,143912.2323276842,309,20286.787293005797,1,0,1
54,48521.439232537334,767,93455.35906198251,24,0,0
60,161781.83126043575,635,11347.902884866875,39,0,0
57,75986.60010686066,485,73227.53858885044,23,0,0
43,78840.78735000917,845,62901.039726790084,4,1,0
72,21943.710630112153,420,9685.731773708292,15,0,1
40,146182.02807710733,573,34536.13076830477,14,0,0
61,40388.55555164344,709,15843.138264461055,12,0,1
56,159118.50394343326,657,60845.36066078297,10,1,0
32,108536.20794509722,397,48234.19013606545,15,0,1
73,161170.36669182245,540,1423.2373413886048,17,0,0
66,125106.77705559343,413,97595.3460621069,24,1,1
21,34837.988963418335,786,35608.8803390645,37,1,0
46,157817.42060693295,540,26562.23489086795,39,0,0
39,32563.907281054955,455,23021.852623616163,3,0,0
42,106166.3097024798,651,16722.773721183214,20,0,0
30,51022.8585460934,343,99914.57054543447,10,1,0
35,155420.3320360193,611,30215.837320278883,33,1,0
50,184086.42100510278,437,41145.836225203886,29,0,1
33,119742.70940448936,735,87264.23570163081,3,0,0
62,114886.51297385248,442,64546.86285074494,13,0,1
59,157513.37533861122,598,37500.74676278198,10,0,0
61,20914.186335630897,561,89934.51515646145,3,0,0
79,185196.55567432893,811,75222.69601914642,25,0,0
19,55540.78707640371,361,23562.150246628265,2,0,0
72,197141.3990887227,722,64730.160465392124,36,0,0
52,152525.7106328832,695,92317.45133094775,37,1,0
59,159365.2065861208,330,50149.62696659084,40,0,0
51,138116.53646724919,629,73627.62788033504,3,0,0
47,104899.37290132885,468,97139.27065492676,25,1,1
76,122892.98480500978,565,69350.99994862608,38,1,1
72,28352.51948272262,607,11141.430286841982,10,1,0
30,132312.71169776257,758,25211.395542197646,10,0,0
30,132697.6583576684,484,59914.54729692225,37,0,1
35,180416.14353232572,633,28280.025721818703,37,0,1
49,111018.1443374395,814,95796.62883352484,19,1,0
49,33885.98733549098,740,41129.8513681952,25,0,0
52,75115.26568677463,690,46265.81016750414,37,0,0
76,138013.29418057716,553,70458.6072535416,11,0,1
56,63066.595295263505,634,52900.72340284554,28,0,1
63,70495.00793397217,699,38832.45072198807,13,1,0
69,167684.42294495364,465,8587.149640303298,24,0,1
46,125177.55171728763,559,60048.11336127852,38,0,0
79,111534.93771924305,303,86890.42304860943,25,0,0
66,77321.35402504478,418,68890.48173424556,9,0,1
46,151567.046467946,769,38768.005994648265,13,1,0
79,71789.31820820528,769,13644.88039768981,4,0,0
70,152671.43317595153,792,81817.48050352014,21,1,0
61,32618.266448139562,799,94233.08786088927,10,0,0
74,175617.44148477504,369,39439.026088830215,28,0,1
33,109921.9634076679,669,73135.5767292221,6,1,0
73,98931.4430058146,480,41665.580549184815,17,1,0
61,129984.2140775464,304,50724.42694636774,30,0,0
64,132354.57312132866,496,83811.16168102456,19,1,1
74,43766.3318401992,346,9259.009878904204,34,0,1
27,156122.0461669184,439,53503.1995298838,6,0,0
47,69667.09363101132,839,22247.407192451024,29,1,0
42,182893.1384305845,726,34640.78860408047,3,0,0
80,167213.11941466984,609,64798.453639585154,29,0,0
56,82327.88747625472,573,3695.612821347988,29,1,1
37,165393.0727761286,838,59788.68479834311,29,1,0
22,84150.28987398275,689,29060.781705921218,17,0,0
18,38170.58269448731,758,67278.95171999914,9,0,1
47,193139.88297062743,660,15016.553839392367,13,0,0
66,137468.36273877922,368,73845.34877780169,35,1,0
20,102097.91479926651,730,64918.33225653484,22,0,0
62,91599.20327558713,331,97152.94145515477,11,0,1
31,78446.96016648752,812,91212.30096255665,11,1,0
73,196660.56717724327,481,29046.98345677053,33,0,0
47,44254.507723563336,547,3704.3406998182604,25,1,0
67,76664.91060570229,596,65881.48755006402,5,1,1
21,107389.57525087942,329,60685.851511462584,36,0,0
35,106039.91810977606,601,3715.4481078781605,14,1,0
79,104845.96719341182,775,13145.075391056675,38,0,0
54,51641.08684946873,651,58885.46874906257,18,0,0
42,46087.854879710096,781,91270.8991403057,39,1,0
65,65858.16553915161,616,90743.52737482729,22,1,0
18,184614.70768437008,696,15997.02040659541,35,1,0
70,40349.53421021182,388,39072.820694119706,12,0,0
63,156336.51860719846,533,5277.083570865228,30,0,0
32,156358.71076400683,467,47457.91278992998,36,1,0
26,165758.67270150722,425,75555.26250764736,25,0,0
32,179590.788018084,419,79207.29842519553,17,1,0
66,67346.51195700745,727,50399.95719306072,32,0,0
74,60420.704468401345,489,10491.097796113621,39,0,0
41,103791.01997494635,727,38755.03354297507,31,0,1
21,67716.0503753665,501,93278.09403746207,3,0,1
29,152175.79801695936,358,23731.643095451753,40,1,0
76,134469.12381345805,522,32655.690541359923,18,0,0
75,177497.78384947727,791,74935.89037084402,6,1,0
54,34892.89462767288,310,73624.49809970788,34,0,1
78,184715.00000445347,811,91308.0265144683,25,0,0
54,72802.75280061612,609,39423.750381317164,22,1,0
60,108324.98226685713,333,51945.27366355483,33,0,0
77,98950.05846913587,639,47271.853660827284,6,1,0
23,156856.0971987963,780,92847.46493122286,10,0,0
56,95659.99569773166,392,77163.72829363885,7,0,0
73,189839.5662168937,432,83312.73620355097,12,0,0
80,182456.0988749436,718,14176.728614111678,31,1,1
63,176989.00735451118,767,79392.82259394783,40,0,0
41,32826.49987668102,743,43864.8978396922,33,1,0
28,173766.4510797091,329,3310.5296002340633,17,0,0
79,160694.3801797779,597,6948.746921585177,14,1,0
30,38632.330461103586,360,68112.88603374962,23,1,0
51,39334.57857851994,757,37829.23167345102,20,1,0
42,38209.486073157415,603,86943.44174912457,17,1,0
24,22039.866776807758,639,73693.04025371077,13,0,0
69,118754.17493502505,747,3146.3211550292144,18,1,0
21,195210.97245848778,601,69001.9428717642,12,1,0
76,98963.24652196284,839,20042.894800503265,15,0,1
25,117336.35033972414,784,42835.67430168729,1,1,0
37,194234.563418592,376,62848.78501017331,33,0,0
46,65932.80117936153,814,87399.06628827359,25,0,1
80,174524.64546768734,848,46153.69095080198,21,0,0
71,118350.2840981125,391,81040.55496492231,19,0,1
70,122505.77263934193,765,78513.60061726265,28,1,0
68,81771.29429731105,765,42039.31277227457,17,0,1
62,121085.18497404346,339,50597.03617985738,28,1,0
63,33165.65170609111,628,70348.0159949315,26,0,0
27,157635.8430705402,584,4083.695030047033,34,1,0
60,71243.79707796889,365,89190.32996612535,28,0,1
51,179769.49930891188,408,77211.79978433166,5,1,0
74,86213.12502934253,714,25692.17225883071,36,0,0
43,45708.33988763887,391,98136.81536570858,24,1,0
58,145258.6833863273,667,18759.644906372258,20,1,0
66,49624.06604843051,722,91494.58069673578,30,1,0
75,155662.4927977383,539,33122.87237398801,39,0,0
20,194260.20255310097,734,76551.52430624944,15,1,0
73,160319.51638314713,511,46181.28273154656,13,1,1
23,24040.86471763844,699,73910.27135755021,5,1,1
22,127979.44184949945,825,16422.52174599726,10,0,0
22,145173.92077455038,767,27681.139380261797,26,0,0
71,168582.49864333135,469,10885.924622730538,37,1,0
64,30080.415609020027,509,86649.2541623425,4,1,0
40,106419.40903141155,555,30333.00578918043,14,1,0
66,116366.75707491099,372,69753.14671224968,37,1,1
26,50442.47527595205,446,82201.89857641129,15,1,0
52,78040.96574791693,639,90240.40540155525,17,0,0
37,99239.91072610974,616,11523.414415860063,32,0,0
75,169977.74383240426,453,89408.47841774864,34,0,1
66,187293.36189263724,554,20528.024995341228,23,0,1
78,133116.10920518113,650,73953.2991475052,34,0,0
76,91090.13348386317,846,73156.05291709652,6,0,0
59,65725.58320381747,611,1841.8110323544693,13,1,0
52,196784.33319850708,433,22841.76692271517,29,0,1
67,196943.59965374452,428,49698.94295182186,23,1,0
35,186495.85068230625,735,42583.43595966493,14,0,0
79,161420.44697800747,579,91938.77450857635,12,1,0
34,78640.31787421128,657,36614.34608074979,18,1,0
41,167060.0870295735,551,93761.38776876027,28,1,0
20,93582.74310881106,434,46483.50252086058,21,1,0
49,78819.15766790813,822,96470.9367673764,1,0,0
52,154075.76452393032,618,73998.12619246125,38,0,0
55,34337.70697167612,379,83104.12457158344,12,1,1
30,28741.290193219105,490,11382.811946551099,35,1,0
73,100631.6654926134,752,59028.00189099441,37,1,1
78,100214.98414798915,643,15127.33562310573,17,1,0
64,181215.9475514903,329,30464.479203046434,14,0,0
42,42707.557331807024,713,62732.97521055954,34,0,0
26,42191.10694143431,667,72896.34476469518,16,1,0
21,46541.46808548221,801,4879.194419113833,12,1,0
31,25352.52703302847,320,53563.4293761641,21,1,1
54,32911.71280668351,848,56966.084642698755,39,1,1
51,138776.57602922703,545,8803.971713909916,20,1,0
28,97685.17924115167,582,50568.11538587559,25,1,1
58,157448.55207584245,531,71670.38572493283,3,0,1
73,198667.58934469885,615,6269.501202677566,6,1,0
20,138626.24259782024,635,76266.50985607224,9,1,1
76,29082.00271162227,710,58066.22398550955,14,1,0
45,38821.31565578147,544,83489.49361890729,25,1,1
46,178580.73526664742,686,22588.194712552922,15,1,0
26,114949.27002048708,657,83494.09473709873,39,1,0
20,168470.6886912332,321,10361.53655147933,33,1,0
42,174190.22052048668,318,40979.139948022465,16,0,1
51,186981.41746991346,586,20748.9943609402,37,1,0
29,190969.25698754584,575,87726.06239679654,15,0,0
59,119868.64337059512,371,70787.06181387561,33,1,1
26,81383.6310060861,664,3510.81593891209,28,0,0
32,193135.67738263975,634,1942.8122057816558,17,0,0
57,118533.15308022055,498,29833.676193685304,10,0,1
42,31565.49013182999,316,15185.028313775974,11,0,1
22,135699.7790107757,517,63400.143278459385,36,1,0
28,125783.25507110194,446,66715.89645437342,1,0,0
76,181242.71712104708,509,94253.13946247537,17,1,1
51,137573.69404840627,713,95251.95253003824,37,1,0
41,82829.43640307925,629,66230.77383572322,32,1,0
77,193920.63062704768,651,1561.8361724181632,8,1,0
32,164291.50747676604,462,36540.79374039182,14,0,0
55,133475.17130864377,400,51801.00981147935,27,1,0
25,72726.53661256212,626,50418.79589433812,7,0,0
76,87237.2533365732,626,60730.72232072044,35,0,0
22,140594.5863373982,454,96094.59679767129,38,1,1
65,32956.54732339791,309,88634.07650356022,7,1,1
43,66202.50649704743,652,11781.895311598339,18,0,0
35,148502.16801138764,482,27332.058747945932,3,0,0
23,106403.33177203176,754,83477.832324544,26,0,0
54,92430.84166659742,305,82606.38397310149,12,1,0
77,47262.37203207461,632,28261.701688045425,37,0,0
65,99532.82620599186,632,73328.21503792584,20,1,1
30,158724.5547368421,557,67531.70049306787,25,0,0
45,67522.31229294074,510,47878.87253202619,22,0,1
22,20971.737593061935,350,20944.040315223905,29,1,0
30,140330.8822071769,744,88975.67490851454,30,0,0
34,195072.78879785945,676,68107.26724637664,30,1,1
67,129228.78144594491,785,17730.299562959095,15,0,0
57,41585.93460688343,350,70775.43213924523,40,1,0
62,77731.95662204115,453,74401.93823812102,6,1,1
49,176175.4906496402,609,88801.14822698303,16,1,0
79,61862.253366229146,698,23061.08626895156,23,0,0
46,129385.26262956945,433,98886.65643592725,19,1,0
68,92480.81748571961,519,16185.948830165202,38,1,1
75,57411.869855536825,462,60468.20029409872,26,0,0
20,166413.24084164234,801,66060.47402207437,1,1,0
73,153709.62976382425,414,42476.33663132019,0,1,0
57,139086.39187266777,798,48028.73316826826,33,0,0
51,62540.58624837521,771,89200.09957549161,26,0,0
57,37614.26048896101,448,64882.14873688073,36,1,1
44,123708.67936867391,540,50203.09486523394,5,0,0
30,119662.010037098,422,13706.606680918943,37,0,1
62,53909.301680277145,368,1726.424897090329,26,1,0
50,30124.40497673105,362,13371.893197031513,15,0,1
23,34527.52175491748,315,95662.27218017403,34,0,1
41,198698.77757229208,689,76644.59151614174,26,1,0
36,161045.10105371906,557,96744.51642351453,34,0,0
33,185957.74567373106,516,4535.162261109014,35,1,0
57,55109.8500025454,778,68341.81998200528,37,1,0
45,192902.3365382183,413,5385.059113938381,27,0,1
50,45677.78326516917,679,78423.5904180135,2,1,1
76,111634.7291419648,536,38714.06710078423,40,0,0
76,169345.2231950715,775,10480.770650542989,30,1,0
65,82964.6038120843,428,57236.61753696401,2,1,1
58,96469.13597184209,809,28731.899463537422,37,0,0
30,43073.31985383762,464,66297.82024531002,23,0,1
60,42125.938399815095,576,66159.30119186523,25,1,0
62,131522.2804601587,556,70795.73993795452,40,1,0
42,141595.82635161022,431,99254.04279899814,27,1,0
70,159919.8525347948,556,39283.073284793136,8,0,1
59,120202.76948271564,440,47066.23197402499,36,0,0
53,136236.67260703506,508,80656.55840150875,26,0,1
80,22433.10890594961,818,58258.632279166646,2,1,0
44,49190.730884693854,350,4688.463858092164,40,0,0
55,197284.65788304285,802,84464.7735057258,27,0,0
77,33678.83113684972,558,6098.369511866056,31,0,1
24,142181.8800068441,477,17911.193512686645,34,1,0
22,51694.873945708925,842,11105.916730444533,6,0,0
60,149009.34543817554,655,8714.786155230899,6,1,0
62,147078.27253315883,617,3542.8026551663097,20,0,0
75,62155.83076185623,663,6447.743683264372,31,0,0
74,68534.19185945675,354,44801.47972870219,37,0,0
68,137858.72844837588,455,26032.374728278777,19,0,0
48,90215.48698043845,343,13527.151458463057,7,1,0
40,55018.63454598403,841,66211.84872992607,3,1,0
59,151702.32778174672,621,23385.079152791594,25,1,0
27,47746.554380540154,313,2875.966379136136,14,0,0
49,174015.8595460904,656,42423.55859296544,5,1,0
60,112640.51432932896,782,31732.866205852206,31,1,0
70,39026.108698274125,658,32541.838703302783,4,1,0
47,144933.02003557718,617,45081.73278997459,5,1,0
56,113449.34712341729,374,67222.47879619349,2,0,0
48,73650.36292306571,493,62031.43288376141,28,0,0
35,96057.08844029387,662,93788.89936909868,18,1,0
53,73700.79384574978,395,52253.94996394962,9,1,1
19,67344.65043370113,339,47784.421062782145,6,0,0
31,49449.515751868195,696,22128.029086472798,0,1,1
30,85298.08396474566,406,75782.74759596752,0,1,0
46,65177.69713689273,316,14936.801845214188,16,1,0
29,143018.2076697051,826,49622.156092227924,21,0,0
56,143097.81340939514,798,42710.897640357,35,0,0
19,110331.24366001491,824,66171.78696203593,13,0,0
49,160030.0149446578,342,91844.52552570922,5,1,0
30,171441.1494210887,649,94712.96355832403,29,1,0
63,124357.96233816916,329,17612.127449152682,32,1,0
44,131408.32929741807,740,26919.90460845064,19,1,0
66,70919.46376154573,841,81351.89667650596,15,0,0
58,181076.45612699355,754,52309.69648247009,3,0,0
34,24357.08799605537,393,45850.42226721745,33,0,1
57,82748.44449971222,594,71351.91978568988,0,0,0
48,149924.07587897408,848,60590.5703080902,12,0,0
51,34416.11174080902,388,97100.69138771213,7,1,1
77,52970.514937092674,802,58813.490576538425,21,0,0
41,126071.43101531321,513,47131.40880837807,3,1,1
62,120798.86086344042,721,54738.91884573939,33,1,0
52,153007.0933035719,825,81045.44185300036,36,1,0
65,166270.27503587093,491,61654.83062173686,22,0,0
23,43144.324132100446,523,65057.76104728505,19,0,1
36,23308.57815954357,686,97172.4491236226,23,0,1
47,144134.9335386031,773,62221.15295812028,26,0,0
24,74250.52323794467,502,38648.23958511944,12,1,0
27,132677.10450523166,746,69441.27667426686,4,0,0
58,47098.02585120045,367,66286.48030075383,15,1,1
49,104427.20839987331,391,2370.9159151318086,37,1,0
51,110796.45429141865,477,47265.60038179748,28,1,1
80,125314.0069471789,302,74547.45668535754,25,0,0
45,112370.60293950158,402,50405.10431439176,21,1,1
77,109224.3386411685,572,78182.49245760356,23,0,0
32,79892.14771709399,833,45637.48594633382,12,0,0
47,32812.44253725552,415,98348.83816608634,20,1,0
54,36113.63542343162,763,29996.26733118498,0,1,1
46,98080.08939328766,403,10120.13820646128,3,0,0
39,84042.76300777875,558,43571.168314255636,2,0,0
21,112904.2648414096,607,54629.193462517986,22,1,0
37,74870.87046612805,666,35560.27943656369,15,0,0
49,143823.8164619584,601,24985.834851677937,12,0,0
53,175511.8679617119,326,67533.81044716341,38,0,1
67,73795.37398163619,807,38335.38488576896,30,0,0
21,54737.121429025145,826,63505.484380963055,23,1,0
44,40912.50336573604,664,78128.0734112788,14,0,0
34,130925.72730274624,597,76339.26014824235,4,1,0
29,99894.0784053025,660,38155.62175293344,21,0,1
39,53842.82909533201,803,57221.924666067294,21,0,0
34,137564.61199253396,329,45516.164219831495,10,0,0
27,46726.97294095119,738,87209.72001825637,23,0,0
71,119774.12705263146,639,87997.08950019992,9,0,0
18,114886.70869254765,425,35030.416705915646,33,1,1
39,152161.004213495,665,10082.007339994341,10,0,0
43,29919.735189320018,742,17590.66584907793,28,0,1
73,179817.12773323947,562,37333.17247095749,21,0,0
76,146538.5107064275,521,56860.745521536075,32,1,1
35,58902.679702777205,301,66021.9140854785,7,0,0
67,53012.96274975314,693,33805.733582314024,31,1,0
31,97698.83854588101,605,67082.41284277459,39,0,0
64,167161.75931802744,445,93836.25838370185,22,1,1
46,171730.9987650393,829,65549.3985897261,4,1,0
29,113682.09658508895,827,16697.957714990775,30,1,0
53,174945.95528361274,607,58387.22238478513,28,1,0
76,20979.8676545043,639,54647.65615993129,5,0,0
52,26331.43367568739,651,87199.31097894364,24,1,1
69,184127.8868546137,508,35680.00246608446,24,0,0
78,159559.74737946488,504,42871.61539561132,30,1,0
29,101127.09048506942,314,60267.24649316287,13,1,0
24,155649.8236660377,727,52918.10586246052,16,1,0
46,192015.1031102159,775,72182.64264811225,15,1,0
28,158976.11429863132,597,4998.5101003370855,27,1,0
50,171626.84008729795,393,56788.08590148902,8,0,1
23,156909.18465021113,406,13045.517407383652,1,1,1
64,50277.99663803748,718,32205.690259452414,3,0,0
32,170043.33973623262,577,66501.05929170665,19,1,0
49,55119.58760435781,427,16584.00585862559,40,1,1
68,180670.03904794645,758,31575.341714958256,35,1,1
28,102556.98165459366,337,70597.64180069588,36,1,1
75,141855.81541598513,497,65429.71901015656,5,0,0
40,109503.35261851583,656,10012.927251764067,0,1,0
43,36918.36729498836,306,58149.58085574007,2,0,0
51,72330.01537171972,631,15578.191729945305,36,0,0
63,197071.73371946107,818,25974.866492734775,2,0,0
51,192928.65530056713,493,46461.91658494209,32,0,0
46,77687.64157799851,615,11825.335506520723,14,0,0
21,199333.42476414065,300,99371.04982393811,3,0,1
34,172199.21518944192,361,17371.58654434611,14,1,1
52,129972.70989780585,642,78349.95021443184,6,0,0
30,27222.43164698171,317,83154.04565729928,3,0,0
58,182260.42931690832,670,99451.93301970414,2,0,0
56,120337.27026757755,534,43436.668567374574,22,0,0
32,176325.70721649853,368,87535.35749379467,13,0,1
72,170197.2415830336,746,95796.40446266824,5,0,0
46,169941.1187361955,307,18116.520344572047,32,1,0
46,145671.2949286829,761,48464.172816893726,8,1,0
28,72454.72496168874,610,6941.071066752685,11,0,0
69,80508.84639401358,433,62451.67719039595,34,0,0
49,75524.45826488355,684,58559.20952880007,30,1,0
19,23608.279915861647,355,21208.502181656517,2,0,1
64,124862.40365866601,659,79992.37313051848,35,1,1
31,145790.0606802859,413,4689.6035535904475,12,1,0
37,173695.87883453665,387,80816.50508862815,12,1,1
39,45229.77800889146,437,3637.8838252228707,33,0,1
28,117952.96681582431,407,66026.05240149867,20,1,0
44,21441.465321280913,799,8798.181877575225,33,1,1
20,37116.85658793131,834,25871.326411919974,27,0,1
34,29758.11395707875,443,72469.42158187175,34,0,0
79,150586.04612278764,355,28760.07516291329,13,1,0
61,34590.72149796857,305,51606.21102305574,17,0,1
73,148961.5366805822,841,91609.57868249132,18,0,0
45,64932.44679390501,746,5913.8010496212555,18,1,0
46,177988.3329254491,684,81296.89957983168,32,0,0
38,166366.99790548655,606,7461.927858280464,34,1,0
64,192409.43914554978,601,13552.689589330988,19,0,0
33,179077.16278244575,704,12812.591285031875,28,1,0
54,187999.29544094251,809,99416.12603786189,7,0,0
76,174573.6313723954,372,18838.445613821805,24,1,0
37,144808.74211067398,564,89779.42277937055,16,0,0
23,50646.64738257848,526,99102.28413170886,0,1,1
36,68907.35339373673,492,38994.6922708175,37,0,1
74,58290.853903449155,673,63473.80580933986,29,0,0
22,128645.441778477,309,78130.03412259764,27,1,0
20,110651.58883524824,601,39871.86310178462,32,0,1
76,176074.39948851627,658,17019.599909282922,12,1,0
18,191481.11596983363,351,43942.51163546356,23,0,0
75,92874.78013126599,398,77416.87685529151,36,0,1
77,111143.09959054622,312,78295.5135120919,21,1,1
55,194872.94422474506,689,23823.34042492042,12,0,0
32,69723.00949216585,656,18321.598349183907,39,1,0
51,162630.33956458647,310,92135.50950793462,11,0,0
78,60543.182420344325,380,5355.9040252727455,40,1,0
52,142662.82077654894,560,73739.1091007436,6,0,0
66,65650.81297494154,305,5595.717159228647,35,0,1
42,179072.00998964964,757,83952.1050352378,28,1,0
41,121066.02987260182,672,90636.0665202741,28,0,0
29,53468.055357389225,780,30444.4932986808,25,0,0
35,60386.45162572748,521,8319.628708153059,26,1,1
32,108892.85522745804,380,48587.76909839543,23,0,1
61,193088.3646034782,814,30547.840637802205,30,1,0
33,158535.5894990578,359,42296.478138227525,6,0,0
44,107895.73570865212,520,66833.55989537934,16,0,1
25,80789.44602119908,648,21772.77755892298,32,1,0
77,118868.32880271967,527,36338.20538189455,33,1,0
63,154704.95001715154,589,78473.6865389747,17,0,1
42,161107.145921504,592,64732.433045329344,40,1,0
34,78429.58365745004,492,33301.27362397263,4,0,0
46,149808.6682784979,773,66765.85842573293,0,0,0
70,138401.9804065135,556,76765.9793663047,6,1,0
25,192640.2125593329,805,59656.07251432596,33,1,0
32,187596.25229144268,687,24710.18641759984,2,1,0
44,162088.27860864386,697,1024.2837606873138,35,1,0
63,150211.0439938871,665,80482.06159183985,34,0,0
67,69327.48614676966,589,82440.72197630028,11,0,0
69,172273.746097736,608,70062.84563804184,14,1,0
24,96951.0266684059,577,8581.512205393767,3,0,1
20,69003.29765108804,763,58937.00646329657,32,1,0
46,89148.93643162325,488,82281.04645588913,15,0,0
61,170468.38820297143,477,39577.1636907084,28,1,0
70,46753.9788040193,827,20602.072687805157,5,0,0
41,102108.57340156805,674,59175.1024269056,36,0,0
77,108624.36701530815,753,82804.35610278691,22,1,0
75,26593.34556778749,516,5838.125911999491,12,0,1
20,55234.28531866976,341,60098.17049891284,0,1,0
37,168813.63714365417,493,64674.20573859485,11,1,1
63,169538.1299470569,626,60634.33689547968,26,0,0
32,72634.71509916463,672,65353.334739467806,24,0,0
42,177481.5022276267,764,63506.1554528113,21,0,0
47,158920.9290323026,462,13909.984613054556,33,1,0
31,95223.34708317369,575,24258.74091794262,17,0,0
24,154713.1419929068,663,62280.40652361201,40,0,0
34,193040.2336150651,779,2751.622952540307,15,1,0
79,102614.54925176279,759,63839.7073536012,28,0,0
61,62916.892211627055,564,66873.27575471817,29,0,1
37,189526.97000902804,838,24678.30122630419,29,0,0
53,128673.97194138616,685,60215.15014556082,19,0,0
26,38947.72924647655,384,53874.91601165269,21,0,1
55,123082.9068542041,615,26808.463267158266,33,0,0
65,110104.56010069376,542,46834.42717560071,3,1,1
74,174006.0009336014,768,91052.82841180597,30,0,0
77,115525.13415743384,641,43233.67526552841,13,0,0
80,65941.83818197102,476,63354.57351107067,7,0,0
39,141615.93149567995,429,4499.7312830287265,36,1,0
71,117663.58145640443,382,8702.21121888778,4,1,1
70,61948.03308803704,659,9049.499257028529,7,0,0
70,123253.01442972341,387,78045.8355990181,10,1,0
19,167876.4040201435,831,35675.432585541814,28,1,0
41,25142.76519032188,770,23533.55714821552,20,1,1
25,133553.1869561201,797,74985.13227672054,38,0,1
28,82925.33524119057,806,17826.046193061273,12,1,0
30,72680.86023669635,653,25402.75998195778,18,0,0
34,90665.79506500003,715,43662.21288373206,2,1,0
25,81564.07956463669,350,33812.368832446715,33,1,0
38,169803.0392075195,362,58953.82889262778,37,1,0
35,69463.6059382221,388,34446.22128840991,18,0,0
47,151967.54415918537,489,39902.2119500303,31,0,1
35,36930.76764114597,647,86425.77421669911,35,1,0
63,191251.3470471948,837,88568.61252317224,38,1,0
64,132016.9947047393,475,82943.40789052735,13,0,1
48,147209.3438680208,663,86618.26233775863,6,1,0
55,73647.07977700117,782,57403.13826457259,19,0,0
49,94177.38236746062,418,64977.08826038701,31,0,0
28,60280.10952877572,468,56160.14348893911,30,1,0
62,187856.4954444003,446,78773.22032123909,21,1,1
42,107858.80047824798,736,55549.04809038298,4,0,1
50,133480.6608184382,738,11996.619490527273,30,1,0
77,152168.96549552877,488,81148.43192522913,14,1,1
55,86799.09639791702,459,76297.93189707611,16,1,0
58,149618.29781704542,701,82209.75893297991,36,0,1
25,141678.64815614122,317,19852.516875586425,18,0,0
28,147018.6800973104,439,27890.088218781737,9,0,0
39,108061.38203683031,414,30279.418029089473,33,0,1
68,88928.72881249108,627,51299.973082381686,24,0,0
41,59974.79387761817,524,14253.831332182519,36,0,1
58,168432.74350416072,738,39152.793574211864,27,0,0
34,129503.00837570216,849,19033.65794682393,14,0,0
29,99983.3952975491,685,27211.50859024091,19,0,0
74,189919.26320791006,820,70932.37582128431,12,0,0
63,28610.986251266986,552,85626.30447541083,19,1,0
49,173030.95013690856,397,3267.6807931212015,30,0,0
32,199564.86673027504,370,57023.79937214504,17,0,0
33,179649.57995891612,850,4569.916444164446,40,1,0
71,165878.58541081255,746,9439.675256143479,27,0,0
39,87375.07881313843,389,70803.31942679679,3,0,0
45,61636.55280721283,729,73825.20254370954,23,1,0
37,152273.0936899282,518,81584.08664410708,8,0,0
50,74823.56593194231,406,47949.90966526019,31,1,1
27,51687.14278789472,775,86120.94071960263,31,0,0
57,161574.65967864642,753,17516.990872520808,38,0,0
49,76257.85740261,843,25721.92494986526,20,1,0
67,184599.5113077209,425,14315.712612595162,38,0,0
77,171313.87606744256,446,79956.18879760578,26,1,1
50,172575.25931166593,579,23638.836720275274,35,0,1
19,158882.55069004872,323,16395.61303307127,7,1,1
50,178558.6562794526,419,62687.95807121757,18,1,0
50,165034.4405920616,596,8631.120609706766,28,0,1
58,128452.04544345116,381,5445.127444797081,18,0,1
30,73248.08934473537,747,11565.047206693433,4,0,0
47,179877.65477854683,769,1023.8475147295919,21,1,0
50,171308.65209917453,722,70002.02526795745,34,1,0
30,105118.27799789811,844,56661.296849733386,9,0,0
69,27034.163480351934,323,21777.635794734666,14,1,1
43,134937.8709323444,360,24067.48984978199,1,1,1
39,29107.43366178471,383,81285.89124853392,21,1,0
56,186730.3931327133,524,50680.19147016974,34,1,1
19,193093.62619255527,485,70154.30735109223,38,1,0
55,54108.22626192876,674,45822.78967621664,18,0,0
56,141750.08804988378,371,24534.084576058434,11,0,1
43,36608.4208212973,373,97069.87726760778,33,1,0
63,151313.04714316197,640,56999.10877416435,19,0,0
75,82511.77990748142,452,13967.20847302333,6,1,1
67,142589.02011148015,395,41202.91417620677,23,1,0
32,87117.77165639201,744,33604.40378274317,2,0,0
51,46202.15176998243,409,22194.659390263612,5,1,0
59,93099.79649046042,757,93410.55893478569,32,0,0
72,40281.2347942622,350,88211.0795505155,33,0,0
61,123838.98949585024,676,20715.564535491525,32,0,0
66,27371.27578690636,372,35862.641016496156,28,0,0
57,114917.54232797475,511,76469.22377541134,22,1,0
28,179546.35647719735,731,21642.09876588135,3,1,0
78,170817.1886214853,467,59564.9213978202,4,1,0
20,178900.70593276943,630,70279.60027035684,33,1,0
76,185968.7843828793,793,65743.26024536588,15,1,0
23,38815.01981762496,442,70934.45538727456,39,0,1
26,43174.49651762835,744,70963.25931384753,2,1,1
23,120261.22513636315,693,96515.78606504391,13,0,0
26,180915.08031639727,811,35303.39006251164,32,1,0
56,195382.9021743255,627,87980.45201320812,27,1,1
48,28327.145121199992,558,3158.899188995571,40,0,0
49,84039.33515611882,736,29532.093369005037,14,1,0
58,58320.965838798824,648,5816.922417914025,3,1,0
67,156073.85280762464,814,65469.192035628184,19,0,0
29,135234.89633666576,748,10978.246702430337,24,0,0
25,41579.84566709217,698,84724.97950155259,34,1,0
25,107033.97212569487,513,65012.576695235715,38,1,0
67,143379.29402683245,845,3852.7247043069638,21,0,0
45,160220.97090632678,588,71762.95917802768,34,1,0
79,23609.487761121534,558,86341.45977843915,27,0,1
37,180284.52331710016,557,66450.9797585528,9,0,0
79,122470.6489310944,687,4021.897377568186,15,1,1
64,166143.64069278285,844,85934.03529758025,22,0,0
76,165428.84540257102,564,73513.92738046947,18,1,0
80,54173.478848774444,612,38466.679935914435,0,1,0
24,39830.981645653956,339,33534.39557323476,0,0,0
28,149831.7084152888,509,48502.19795933657,25,1,1
37,48156.84538789143,571,86843.07334284922,33,1,0
33,172988.74845285027,435,25953.875835086194,1,1,0
21,150714.10709517892,359,10995.417312878912,27,0,0
23,171528.56558574727,809,86599.00092314393,19,0,0
75,73822.28232968229,814,3602.6950391915716,26,1,1
39,76987.65087390243,314,91188.70520216238,27,1,0
43,140819.88014233718,554,31268.774235838668,30,0,0
80,25660.271910610558,834,51314.0474671385,6,0,0
20,150769.41434073608,534,14097.256950470577,7,1,0
80,170440.95275382823,430,90323.24196829184,31,1,0
58,94729.44558873873,316,75233.78611505606,10,1,1
77,157678.18941592437,484,92491.40307419539,25,0,0
59,51429.96505680715,690,68639.67606069808,24,0,1
31,78006.87088750725,722,19284.683897490286,6,0,1
28,195374.89335988593,741,31518.433295638682,19,1,0
35,197539.07124082273,311,49198.00893524386,40,0,0
71,112268.90954388583,819,61118.56233066048,29,1,0
29,188168.56246349783,379,92719.48429629109,0,0,0
40,114091.52205023382,601,39011.195113124755,17,0,0
29,72485.86306900831,515,70604.13016880745,7,1,1
30,68041.87185777893,547,96139.87604217137,28,0,0
42,187311.02696626677,840,16085.032278129847,39,1,0
62,51040.350015294636,571,86408.24928917526,21,0,0
68,124333.84247632728,432,42649.90096892667,31,0,1
75,119994.51225128953,304,73509.75581700433,39,0,0
36,153131.90323753908,841,30060.295534971283,13,1,0
72,109863.72335445945,440,34064.437608334156,1,0,0
63,69011.41892746415,782,3686.1892619385467,34,0,0
53,50491.36993368414,604,97169.011163529,6,1,0
62,131747.38463106053,644,81531.80494784766,2,0,0
25,149418.33623358194,569,10297.877834695828,14,0,1
46,122513.83016276587,407,99951.37077071368,33,1,1
72,152903.22988181506,773,60897.4351230912,21,0,1
70,45473.81644099283,381,85519.13515847392,17,0,0
72,178844.6350897644,383,7599.415564509027,17,1,1
49,124831.19151353055,589,39555.66667070044,33,0,0
68,42831.90684066749,370,67295.46110805738,35,0,0
61,103146.5367570323,474,11536.938151270451,38,1,1
35,172062.51281586406,762,49401.381026746065,37,0,0
23,181561.19482156882,694,44825.10957987001,36,0,0
35,67636.91089977707,390,22387.982222884395,17,0,0
36,148027.84844788155,768,30726.71374932842,39,1,0
39,37997.3445470798,733,96744.71709500326,28,1,0
54,26038.256854188407,548,29576.20011498366,11,1,0
49,120871.8116875897,540,22129.187262872692,17,1,0
73,145068.96427906264,795,54084.70793576501,30,0,0
58,163241.61161177035,639,67424.84537295949,14,0,0
76,81238.92292196024,770,72784.21799588692,39,1,0
20,21174.57387719966,762,75670.4712651947,29,1,0
45,106313.46268004368,574,4646.416659960556,35,1,1
27,22853.638167242058,314,39982.279637576765,27,0,1
68,36557.21192074399,340,77621.84989852592,14,0,0
52,78804.0240557147,507,90580.35807821281,32,0,0
78,98690.96892083189,359,60617.81220994554,1,0,0
46,70304.49942133675,664,6178.378497458882,7,1,0
71,124735.74797084741,539,40267.93477965799,32,0,0
80,29962.962059257134,459,8348.484470977011,34,0,1
32,46024.347843125244,696,75105.24840577388,17,1,1
50,145146.51213597803,799,7287.041458884858,25,1,0
24,45585.35364762519,508,19387.37560678255,20,0,0
29,135159.53628267604,432,42278.883972512645,27,0,0
66,29843.231735605797,680,46802.18834437233,19,0,0
47,93328.81024144527,732,41241.68833118622,19,1,0
38,51933.70462181282,688,46876.268013994,3,1,1
48,39734.53085633356,731,71610.67604999978,35,1,0
75,122065.90103022096,573,37557.61347259861,33,1,1
78,187100.4389610119,650,55227.2954559113,12,1,0
41,29861.66862623879,433,31033.556495344492,30,0,1
37,95879.76467924616,365,36009.12201395778,38,0,1
54,147356.37879417988,504,61766.096945166,6,0,0
21,103283.80970380886,597,49558.97051206498,16,0,0
45,165169.27029894415,416,72580.59319106882,11,0,0
61,52336.156855543704,566,56493.32021712322,29,0,1
79,192726.9569049933,448,80553.83445300341,33,0,1
37,89329.2729990573,493,44897.41308647694,21,1,0
77,81482.53392996952,478,49612.32836681335,20,0,0
41,177429.04301056985,447,67327.16354119302,8,1,0
67,121496.06574051798,764,22903.150496792838,11,0,0
66,112959.98154250787,304,39207.02415619483,16,0,0
68,150856.02551511757,825,62859.28315715907,15,1,0
49,124370.16289059627,579,3858.750657307902,4,1,0
58,49252.81605628076,798,44260.171929760225,18,0,0
53,141355.57211568736,735,60286.14369430557,27,0,0
75,44024.398270783124,515,96770.17766584158,16,0,1
70,165054.38696013115,814,87824.63960014944,21,0,0
51,198152.5875882088,436,28793.453341323155,34,0,0
53,87929.77249545974,579,51213.80029886355,14,1,1
19,100056.06167636225,431,6585.022893349039,18,1,0
32,28358.057986906213,692,24834.687066962906,25,1,1
51,22471.973854864093,780,77710.73093874092,34,0,0
53,185855.48027773897,812,13208.087215259111,22,0,0
23,43152.33087905457,718,26511.361958561705,9,1,0
56,100240.17456070466,501,94460.20767184498,21,1,0
59,166763.83229400107,761,82561.72424875334,10,0,1
68,180077.3767870975,501,78400.94355224229,25,0,1
68,113491.58335102418,451,86591.19153991352,0,0,1
75,121705.85449567097,521,75210.96297165303,35,0,1
71,140543.11504338903,378,12938.03539570526,20,0,1
78,193048.84462586875,499,52139.571322037904,7,1,1
29,128480.59297001091,398,44980.148159429875,19,1,1
20,120705.54670214232,512,31804.00624876763,16,0,0
62,22616.144347878322,442,83570.00056224094,14,0,1
35,34570.946364024094,688,46949.781035049135,20,0,0
57,123890.89279231933,673,6969.462534397419,0,0,0
38,188523.2698052966,351,28221.592788306556,2,0,0
32,176004.4427118911,434,23633.484744915066,30,0,0
50,196864.20613859684,710,88860.40959631707,30,0,0
52,115010.12676102931,769,65096.37196326099,20,0,1
43,161827.56891879803,411,56477.25032232544,22,1,0
25,171272.0596680813,824,51158.2749261918,16,0,0
53,136645.69831955511,343,65361.18972660509,21,1,0
65,80974.9827586113,696,75732.67913093536,21,1,0
47,104596.118238403,560,55884.08587731948,35,0,0
40,174425.0730038422,844,93890.25610010844,7,0,0
59,73738.62667678951,687,97706.58289438808,7,1,0
61,186273.76362799673,775,99538.88934427347,13,0,1
31,61365.14145607972,709,67269.71989877583,37,0,0
31,154912.95472822053,315,93329.42620883197,23,0,1
19,133500.6621822329,401,41043.48983548751,21,1,0
72,154927.8994017372,485,86099.64673349114,14,0,1
54,98722.56303786706,324,91008.25557522841,19,1,1
22,187875.39125971723,371,90509.90676089528,26,0,0
55,133844.99643406592,317,83253.78200792978,27,0,1
62,71893.24481976614,631,41253.31700248379,21,1,0
58,134921.91271738586,396,16731.8407160927,30,1,0
79,71626.8344972656,311,34061.67927810014,8,1,0
71,72853.83051677735,310,76961.5683605112,22,0,1
77,91927.73209175622,462,24055.66562166755,4,0,0
78,173437.4751624414,582,48348.93441777127,38,1,0
64,110053.61739091856,540,56974.55228048253,16,1,1
31,142202.15160143733,344,60781.997681349654,39,0,0
73,90554.19324940334,554,93636.82928950107,4,0,1
56,67448.97916523866,366,66487.80902101744,6,0,1
42,191835.22892892166,341,78843.58279165292,7,0,1
37,128644.62448215127,683,58605.95644127171,6,0,0
19,188111.2409448893,533,83524.45156733437,21,1,1
56,56614.34039569671,784,27102.69769390652,37,0,1
23,46440.949504327895,338,21777.889495210133,20,0,0
34,174048.12328230267,310,92705.684827039,3,0,1
76,142565.09827110526,708,69654.60675938046,31,1,0
42,53584.12986565544,407,67481.0321287639,28,1,1
74,68484.7461194368,393,47262.22862421654,29,0,1
45,164119.50947455602,383,38293.02867005754,2,0,0
19,101696.3515992685,357,56013.42825338524,4,1,0
52,140697.29117109635,592,12936.068592745043,18,0,0
54,77303.36398448196,315,46016.543547227666,7,1,0
22,88621.3914994778,776,46081.40274208261,36,1,0
80,198328.2605521589,464,54295.31478148226,30,1,1
18,64571.07569144933,736,63833.875822353024,26,0,0
57,111162.14786657253,702,95774.51823255085,12,1,0
29,171992.4217742958,685,65564.74358208393,5,0,0
73,63060.17845985443,437,88488.79004338774,0,1,0
53,94738.47620317953,830,56074.08228544721,29,1,0
62,130716.43172659789,592,63065.860380121485,10,1,1
40,106613.86726551845,774,7913.858357847392,40,1,0
64,102710.40798265714,761,14193.10856555714,30,1,0
48,85251.75163798225,672,58387.37308455642,15,0,1
28,125596.33899948651,461,40175.57412584489,14,1,0
27,132387.08562624984,343,80082.24146668467,4,1,1
20,137592.11736224528,382,54774.60961254343,14,0,1
71,32666.259423085277,838,88346.81285618246,0,0,0
31,133586.1516281688,818,97260.83616776684,14,1,0
33,191582.6921806219,710,15615.883327027013,35,0,0
27,117377.52239505506,640,40087.94741390703,38,1,0
46,148748.07485166396,388,66833.12149856504,7,1,1
27,120211.8153966592,529,31243.38678463462,21,1,1
29,173853.31134655618,317,27436.20143442802,26,0,0
47,187324.9570275624,580,81560.11750225483,33,1,1
58,53159.58187334467,721,98057.46843681554,29,0,0
18,98634.80658028278,637,77606.52979350065,11,1,0
22,90628.77816788983,565,52843.98565760724,1,1,1
37,92938.72219387016,654,44808.611962586154,37,0,1
25,42594.352621017664,659,54425.12433250613,21,1,1
60,166450.83067652947,516,46821.13051658585,16,1,0
29,26437.923742688345,620,50785.91762178114,34,0,0
18,115080.78939088824,511,21141.85200239354,22,0,0
74,139138.1098480444,502,90470.45298162343,28,1,0
71,57344.49885059789,452,75698.96515080355,28,1,0
37,183053.0345777832,728,68416.76484662878,18,0,0
45,170938.85726446274,586,95042.57212647283,16,1,1
74,104795.07130710655,620,29155.038859370965,7,1,0
60,94006.80782122497,735,9034.781678467807,6,0,0
54,62582.22653799801,795,82787.72737517784,10,0,0
64,151398.78043609345,448,99843.27940127623,2,1,0
54,43713.88393375355,841,58264.81136399974,1,0,1
29,142442.79569188095,781,6822.129403355505,18,0,0
54,171642.25750131445,625,78266.33597533919,27,0,0
66,61124.88366506427,328,8301.155835738313,27,1,0
66,175956.93252177612,558,54461.38463966884,24,1,0
73,25998.17589911152,374,28475.71494684218,10,0,1
61,184301.72936957458,797,91587.65127864714,39,0,0
73,41305.20101323364,715,45681.790112689014,1,1,0
45,136236.65202884586,639,89947.87149937678,11,1,0
64,65014.844404509524,607,30609.02744020219,40,1,0
32,170579.43041053048,540,39348.89579831377,37,1,0
23,112214.06496478397,552,94764.79963646097,11,0,0
61,44343.41442437025,519,20930.1306422319,24,0,0
76,122778.48283867612,696,58271.61401346337,36,1,0
78,93418.86983545696,635,39462.52252745102,30,1,0
37,139060.6069903582,328,77642.521621804,16,0,1
67,178742.5912574227,793,13800.340745964382,11,1,0
31,93690.04361301532,801,44284.28193146218,29,1,0
19,72178.52231609474,453,70194.33005768106,1,0,1
26,22612.717014969585,530,41294.60726560982,15,0,1
80,123471.02681477748,401,6794.642188262293,0,1,1
54,92409.45813765803,476,70806.11387219904,33,1,0
37,87436.85942266916,531,50816.63444081332,0,1,0
43,52928.35783115825,311,2119.559981329954,35,0,1
46,97409.96213442937,485,61652.93362760893,2,1,0
18,197199.5516450063,565,92068.22123034985,33,0,0
72,73595.74766100399,434,11991.56887295721,11,1,0
52,127946.79441345803,330,59476.45226590773,26,1,0
23,159767.63863682002,755,73138.2192945004,36,0,0
54,154848.4081717757,558,8006.593343890239,24,0,1
70,79179.37174866634,403,3238.9303582544444,11,1,0
76,129954.81503303307,730,46955.39079784978,32,0,0
22,176827.6433486283,681,79327.48203620201,8,1,0
50,22780.53699195403,768,16911.221599833505,0,0,1
66,98432.18423179537,812,83827.08994927736,22,0,0
68,60369.21528354295,506,66001.14828693602,27,1,1
31,89953.81227179102,746,33885.15549106008,2,0,0
29,94878.1294355435,388,52066.7540507525,37,1,0
59,154400.77366159466,494,96591.9229929471,35,0,0
37,36887.93703117977,713,22427.26009260154,4,0,0
70,112265.10256385188,421,50454.00437665998,28,1,0
67,121555.06252377416,761,62824.16905465445,12,1,0
41,108948.36863932479,415,14663.445942090957,3,0,0
76,151737.1855512896,495,5308.6867737076545,5,1,1
60,89082.42606323253,335,2332.535340215657,37,1,0
79,190094.0714552137,366,33144.59280340161,5,1,0
51,106724.61965700945,580,8320.78215400167,10,1,1
42,122818.50373066356,778,80573.22530157035,26,0,0
67,168595.5482024149,310,99734.63318901285,34,1,0
46,69542.49906760204,621,7069.078351711939,39,0,0
74,33536.36517730444,539,43839.90131741052,3,1,0
56,147401.11610524685,359,3547.480175274902,26,1,1
48,106942.13399870816,464,14265.09818496906,15,1,0
73,181370.76517261905,488,32969.33353015673,17,1,1
64,196882.40877003814,786,39976.123092707334,6,0,0
60,91839.68310345126,391,94038.51169643538,10,1,1
67,94779.02292673895,588,40187.84406693269,7,1,1
40,93433.26839703076,808,50131.48824668281,5,0,0
61,78419.7397515667,374,25312.753459112773,4,1,1
55,160703.67759795155,727,1012.3887369009739,5,1,0
37,156619.237248331,684,90034.11121658038,37,1,0
40,106156.07669909447,352,9089.760946594177,1,1,0
79,28039.018948201774,474,96460.63526258669,30,0,1
62,75720.67427235321,773,13953.566305925766,38,0,1
69,72614.54837987074,660,60882.96959429359,31,0,0
33,165995.70431604653,569,99941.64819780705,8,0,1
67,35763.60321491145,706,14707.995010897912,14,1,0
59,165021.56822768674,423,42970.3654090426,20,1,0
77,140453.05739584574,675,78261.94322817617,27,0,0
72,151839.46264348086,691,4186.824835146858,26,1,1
25,97798.37376530422,481,69288.4923628644,4,1,0
67,142350.6432803165,335,8956.960451189148,16,0,0
38,129625.21004724485,511,24415.49408504941,36,0,0
18,158416.4351411533,433,16847.54008684268,23,0,1
72,100418.57020428538,790,90826.30673304669,30,1,0
25,105108.61248133444,737,18865.214961386406,34,1,0
46,135843.72009316762,345,5002.975456000562,40,1,0
49,39453.948859949895,700,59174.94216632845,40,1,0
55,98524.00070557711,787,35271.9116155605,3,1,0
22,194951.152146765,731,41164.91584349528,19,1,0
64,26759.41761080821,727,12787.211741392151,16,0,0
39,76880.85011595089,816,75075.21465188626,9,0,0
64,76539.76743608672,761,60553.811314708284,36,0,0
51,134023.54146243905,480,37057.48743007972,20,0,0
18,39044.06469634519,444,17985.91943255046,20,1,1
72,133137.92555819498,564,59751.72217788548,15,0,0
72,37107.2433172915,705,78081.13067123036,32,0,0
43,37091.65653529958,783,31927.331102852295,9,0,0
60,151073.00429392682,781,3560.1779703211128,17,0,0
27,78344.33128990335,536,22220.054490545415,32,1,0
47,195936.1305884746,824,68557.3840703901,28,0,1
67,26723.52855839989,638,98920.54136823535,30,1,0
35,100119.19946923894,567,2324.2477014688757,23,0,1
34,40364.46878132425,565,31309.202651077976,11,1,0
43,83248.21401645956,827,7140.066174435047,19,0,0
25,199680.0411096291,391,32318.579488540185,5,1,1
64,179991.65211293573,547,41185.5199696147,7,1,0
57,28698.393593971443,318,92165.34710267924,13,1,0
66,121386.05188862301,689,8975.519141092895,4,0,1
29,136608.01486839843,687,77936.27125351122,35,0,0
44,57716.23231102262,394,40157.90521023337,37,0,1
25,46119.00321136104,729,81315.02211702584,2,1,0
42,182788.60423979422,336,51826.81634723651,35,1,0
63,194386.9594670078,692,4888.921845497598,21,1,1
21,198540.71431753552,590,94674.38258676905,7,0,1
50,162157.1192722342,602,9190.672280017661,13,0,0
18,139430.37249294628,700,60170.666750841854,6,1,0
36,82231.44539473963,643,87889.10853041806,3,0,0
48,50851.69621845544,817,8897.209977269194,18,1,0
33,34216.5078859217,676,55835.445453185275,23,0,0
31,144793.54433926856,464,82604.69767692077,15,1,1
70,161250.21473228448,312,98646.14615593379,5,1,0
65,168761.65744189642,324,72708.41268058811,7,1,1
22,184477.70059468376,422,28555.10317086607,24,0,0
58,178387.32145490724,428,70257.46265469554,31,0,0
43,199953.42900645666,846,70870.9101614563,24,1,0
79,63931.52197410523,608,70296.63519835712,9,0,0
45,157395.3707381979,735,85571.78327221746,40,0,0
19,125562.71222746358,481,9650.626189429602,16,1,0
67,67024.12384164483,342,11733.564696127904,2,0,0
23,196742.9580116497,703,64421.09529833025,8,0,0
80,181621.6588593654,562,95434.22851372059,17,0,1
26,43132.82031994096,369,47118.02525300535,29,0,0
50,24708.501618215574,591,96095.70746094183,4,1,1
58,143899.53721988184,513,93870.44069209925,31,0,0
42,128743.51319417632,446,90388.06408519763,26,0,1
65,188446.81234000626,324,91075.24651154445,20,0,0
30,62120.95168886657,622,89933.56053947062,23,1,0
26,35189.830621097666,408,82169.04897037904,37,1,1
70,66658.76007895757,550,69802.9169019277,2,1,0
30,23406.97529206342,781,3416.409680668216,15,0,1
48,26460.695214007836,474,14093.105623449195,14,1,1
58,184674.40506573673,646,14288.973398615246,24,0,0
28,83362.98485033809,469,3330.4881436793976,7,1,1
21,93945.62018174252,301,12553.47507394003,40,1,0
51,23306.897816858793,661,92054.89692314352,3,0,0
78,68693.92043093238,595,66716.62440416781,31,1,0
55,164850.67707345757,501,31895.228811246823,34,1,1
63,130788.37274000945,588,79542.64121143131,29,1,1
21,155680.50819555475,361,49348.579208530246,38,1,0
55,100498.4733428813,801,15070.576654671782,29,1,0
36,75751.2599152394,425,88565.70604142277,16,0,0
23,106905.81679910666,348,34527.532677410774,18,0,1
51,78152.79231303521,478,70187.06382245952,30,1,0
35,171014.79740133224,792,29768.82188946113,16,0,0
30,73581.26880671224,732,50507.0538167062,1,0,0
58,138757.45528155507,601,81809.01844151113,36,1,0
40,44656.80001571501,468,16520.957296012402,28,1,0
36,143635.9688722838,568,97747.88812868856,29,0,1
62,184393.9480880061,663,7951.3763632118935,21,1,0
28,129544.96783518349,399,53866.8820643099,37,0,1
18,120773.9684062059,514,91686.52641584285,10,0,1
41,193001.28824389525,396,94623.69460337001,32,1,0
79,132931.37995685235,847,23978.787325097823,18,1,0
71,66719.07798915487,636,15254.513140266054,2,0,0
24,72630.38429259327,658,72715.8970314712,39,0,0
42,146955.19565646688,589,5155.3832593474735,21,1,0
38,152378.58690059354,695,49038.657934001116,17,1,0
32,74629.32172202274,659,79839.16745252501,29,1,1
18,82161.91602673943,646,56465.21772716656,0,1,0
29,198390.17157303565,423,19613.313311626494,19,1,0
75,38351.45892444994,837,49217.38564752635,4,1,1
24,92836.10511921787,721,92206.1969284404,11,0,0
32,31240.55561555134,635,62104.0848263834,10,0,1
38,167794.1051596834,802,72427.57212933297,23,1,0
36,36622.2510101778,356,34290.12408658898,17,0,0
77,141321.324163288,375,19659.893741594155,7,0,0
46,30167.016320626768,765,26308.58076006076,28,0,0
42,141113.9068057444,584,53784.5817822692,21,0,0
50,171746.65044698658,685,28741.79520745967,1,0,0
66,91787.87484633032,558,54654.51395518401,22,0,1
49,113982.76881779183,776,71071.40081024151,15,0,0
66,92277.51284095085,310,73705.19174085984,7,0,1
52,74087.976553875,559,17303.80902644825,3,1,1
61,164587.4121128831,692,75292.65403455246,13,1,0
55,68960.46327157813,668,67596.12581964355,8,1,0
43,150129.81639010046,483,2188.5082035019614,10,1,1
28,57115.474265936406,315,6828.345333885333,37,0,1
52,64973.683294099326,805,64978.70068417765,15,1,0
25,80563.00926389822,385,38986.68605680726,12,1,0
63,126048.14793088188,309,15464.295957990922,35,0,1
31,101796.01744871741,776,5395.259357793692,35,1,1
27,154126.06576900766,463,16780.435726570657,16,1,1
19,58442.114060514614,323,95793.88246784004,13,0,1
63,21921.01181279014,611,73028.99851552601,28,1,0
26,159780.34492133962,537,53242.83667249509,16,1,1
20,167896.88009841304,761,94212.50950540458,0,0,1
38,30706.42935951012,761,62291.93333047879,19,0,0
43,129963.35398851137,537,72838.87363978606,32,1,1
25,88077.22109715403,321,28982.530032081333,1,1,0
65,162901.21793501303,479,59309.202515330384,16,1,1
19,177394.61975536612,798,15204.247185486185,22,0,0
23,173180.67802350485,774,41043.831374579764,21,1,0
45,159896.7645231534,638,4290.792173674401,0,1,0
70,68429.40117358933,830,22446.180670685368,11,1,0
46,166140.13584229702,461,8411.994312844796,12,1,0
43,116026.12566313268,360,39390.1031312159,13,0,0
42,29496.190669776348,384,84460.48129921053,9,0,1
29,102248.99298168482,846,38415.47652816025,11,1,0
22,189588.4250653988,789,83332.3229734697,21,1,0
51,179814.68295239948,304,65993.33294530984,17,0,1
65,38407.57057948089,375,51443.41521645195,38,0,1
54,153942.80342858663,552,24452.277632871723,18,0,1
32,165042.71587248225,306,92293.45319157108,29,0,0
61,68849.87388261766,772,6365.880075361293,14,1,0
53,104889.54273339662,437,69202.38875218271,38,0,0
32,147977.82946346293,657,62502.749388127515,13,0,0
60,99027.46798780662,462,44663.11070339615,8,1,0
65,40303.44539598385,617,24791.774573967927,4,1,0
40,147058.8400427099,757,43638.89774768142,32,1,0
23,184094.96415235463,552,87404.49982978865,4,1,1
63,137447.25111310836,500,83839.84491524046,23,1,1
67,159284.1347424261,831,94196.7437477259,7,1,0
61,84505.25641840913,464,31471.52745589955,18,1,0
76,52975.68412279427,531,39323.31167851842,11,0,0
60,135699.25909129265,627,2853.8891133264697,7,0,0
62,78998.8170514194,537,94352.04947728082,7,1,1
38,174813.2334181627,419,33609.61908990962,37,0,1
40,42073.04899604118,549,41012.21833176633,19,0,0
60,98023.46595196227,635,90872.65653329206,28,1,0
72,91410.96808430945,583,53133.244586514505,40,0,0
33,188849.69363970734,497,57051.27963379232,33,0,0
64,47564.2641087927,715,18447.050976940765,17,0,1
70,21772.428502161973,694,50367.342061046795,0,0,1
77,62855.33830528116,450,91902.65148996864,10,1,1
32,167649.8347583578,564,56313.090722684676,34,0,0
42,57677.926888463066,519,26256.52009933605,31,0,1
53,63358.051466986886,515,4086.9055493415212,15,1,1
28,43381.78481662594,614,34293.87557195273,5,0,0
68,148778.51658977728,515,57686.50049238134,8,1,1
32,32451.35429097509,634,5218.715548712182,39,0,1
21,79617.49441913389,658,61369.465151824465,21,0,0
38,70849.77079177363,460,52817.96888469317,7,1,1
30,119928.75136222786,810,78560.11144749052,31,1,0
39,151474.9277035524,456,3859.9290549242214,25,1,1
36,115917.75824541453,461,78303.887137055,17,0,0
51,187584.67873551216,341,52566.827530052586,36,1,0
31,191259.67499971975,479,37682.403945191436,11,1,0
78,85063.75912973277,602,96572.91465952358,37,0,1
21,159982.4677294807,629,16851.83517636925,33,1,0
65,152984.24898827414,728,54591.18679001954,3,0,0
70,180733.62650686892,649,32777.16588565536,15,0,0
69,100629.85523738658,419,53221.15150073824,23,1,1
63,115485.1736956026,374,55675.2698054608,13,1,1
44,94839.37644468332,422,9855.376594059731,16,0,0
46,173067.845473947,481,66452.37954491662,30,1,1
64,61346.416765184185,556,63813.66809598217,3,0,0
45,63147.63408364005,568,77177.26018881194,33,1,0
52,87068.91864387436,792,9975.19087225793,37,1,0
25,61461.70977842321,479,30428.596143465093,37,0,0
33,120981.23055468574,448,65360.949373082025,2,0,0
59,44208.219169190415,817,14536.351765645239,7,1,0
53,77633.51949272996,447,68082.22286805579,11,0,0
47,184420.04572560618,308,6843.644371221876,34,1,1
35,93660.58643452327,477,34158.223743003146,1,1,0
19,154682.06896883165,694,84824.4011109194,28,0,0
66,40423.19450718332,630,77654.83774773485,22,0,0
30,64561.61146552124,355,64831.3108074817,32,0,0
21,165322.21181606635,506,87175.38324588501,17,1,1
43,157338.72853214495,404,71217.68487304784,39,1,1
42,89508.0653468878,846,52418.135415869496,21,0,0
47,191791.44236602538,654,97992.03253819287,13,0,0
28,183915.74285021817,788,69790.75189914263,28,1,0
24,193214.13484020316,802,60535.35050448731,14,1,0
48,97024.64423380137,349,41478.1855344029,14,0,0
61,55545.245063422946,386,90338.83735932599,3,0,0
27,132798.55503644136,602,30275.20046489429,35,1,1
56,143259.16849025572,300,1912.7398268793654,4,1,1
30,42579.5212010936,680,20477.311720803635,2,0,0
48,161566.94617326307,661,11842.231702293557,11,1,0
24,23250.839556792896,680,32580.383643134133,19,1,0
80,106891.10974582101,461,82761.98906838705,19,1,0
73,79582.92670908108,318,65501.43885113574,38,0,0
66,153254.55078183513,542,17729.07833413754,38,1,0
59,76296.93093592687,428,79093.35038814151,0,0,0
78,168825.2803005859,475,50917.76674384087,2,1,0
59,127091.6279805459,708,51758.7477877114,8,1,0
73,162900.80511717297,383,36849.105917106455,19,0,0
53,198081.3148111323,675,86597.02011738032,8,0,0
37,142248.50223384023,521,32514.403081723474,30,1,1
21,197291.05694509594,624,10319.836306299178,27,0,0
71,25190.53884590696,750,30970.170403222564,34,0,0
24,80865.19792708552,715,71820.00108052068,39,0,0
71,39413.58762121564,744,66100.60679352956,37,1,0
18,67214.88764919911,624,19613.698201804207,1,0,1
61,170999.8218426394,822,12066.645611389262,2,1,0
73,25818.18775869626,465,66425.71008177288,13,0,1
62,113632.92843183086,537,67961.30672983632,16,0,0
59,122083.16735582714,312,37248.8140838465,34,1,0
64,121007.2064009521,556,84437.3369693789,3,1,1
76,105553.47328818603,813,97842.31517619177,29,0,0
30,162308.53365855597,509,21358.877121490143,38,1,0
72,44037.75611099921,783,58129.80285489681,13,1,0
39,75903.86279914172,664,1529.2865713899773,26,0,1
71,130830.68962013109,524,71592.38520660246,12,0,0
38,144371.24592823203,493,42013.92924276846,19,1,0
39,92746.71771987012,495,20133.65346341332,23,0,0
45,177566.82739890195,699,75469.97025467324,9,1,0
26,94788.81140526458,356,81254.23095805198,6,1,0
43,92499.70418269996,512,12005.483616417792,16,1,0
26,26517.307067729293,578,5058.5804219653655,21,0,1
32,119205.44051505209,679,34073.76572524261,10,1,0
27,147562.5509321429,416,62973.05611034252,22,0,1
41,40598.869433032654,750,79548.53319167468,21,1,0
75,74977.89789581674,709,55060.187166415315,39,1,0
74,160626.2516809134,666,58494.128854391085,17,1,0
78,85865.49837444357,412,80185.96395353622,25,0,0
59,63488.44316720718,463,53355.49404765718,29,0,0
25,140996.1194417202,303,61504.29453240375,12,1,1
41,55416.57998089801,322,52105.51665767937,3,1,0
33,181217.52552497183,391,88165.3651034027,26,0,0
66,39007.71128470537,768,24316.1452399238,39,1,0
43,147178.96441090887,454,27135.364869510428,9,0,0
44,109918.76623154753,506,13668.18469858075,27,1,0
54,176587.32123145886,380,82127.20839794775,20,1,0
21,42715.11638472259,782,41765.95176567338,10,0,0
67,142021.08532929583,706,35441.50014724314,19,0,0
41,122969.83505264866,402,98153.52299162846,35,0,0
36,106416.22560320835,539,92753.53327753877,18,1,0
53,108453.3074178803,564,97226.78053035137,9,1,0
77,149955.85312373552,332,15087.600679110592,14,0,0
56,188793.49788826797,334,89233.92950166846,17,1,0
27,36425.29864142866,548,33542.25033935769,6,1,0
42,23510.476569893643,349,2253.0202509743885,29,1,1
35,165026.86264661665,579,39738.53526232381,13,0,0
36,39470.489759136675,451,51410.4389606679,36,0,1
53,197605.4232944763,850,11713.82193317313,40,1,0
27,131482.6848125907,836,54230.08407055138,29,1,0
50,137155.95114574532,529,82126.89483349642,26,1,0
72,55800.50652884313,587,38387.44413308021,36,0,1
67,63256.2158534014,694,35911.83584689592,40,0,0
22,138683.05455786502,752,34542.23160283706,16,0,0
64,183750.83082815545,332,92386.3501424855,29,0,0
66,196830.29981316198,662,5827.051780229711,17,0,0
52,55645.570393596856,410,45062.538057302576,2,1,0
61,44141.53208776223,420,27195.34596082197,27,1,1
51,30152.244396942286,315,89486.89551336193,36,0,0
50,176293.46326903903,822,10509.174094796588,29,0,0
72,73048.67243416439,397,41732.83390136067,20,0,1
38,20326.1660964653,415,41274.79905107748,19,0,0
34,60287.25549015719,770,88951.04733715524,21,1,0
39,81279.39441789532,738,22333.851059055974,35,1,0
65,198377.51050940336,580,64844.645619859504,35,1,0
54,114237.4868942747,648,14306.206561891118,20,1,0
32,56848.51056711824,531,95443.59569397372,23,0,1
52,80267.30204842119,410,59708.480967956304,20,0,1
45,79455.38376023812,651,62999.41630174636,6,0,1
24,23550.634363371588,311,43943.56676438675,7,1,1
49,44332.94975085741,787,34885.9885539659,21,1,0
28,145135.362746578,832,22054.966519992755,21,1,0
27,41645.177582732234,584,60794.78762939363,29,1,1
26,61532.16978910138,844,95501.61278947556,33,1,0
31,83132.71371277559,691,36619.304455147896,28,0,0
30,156392.29001041286,469,88432.53197754337,9,1,1
78,124832.17367622917,376,15728.854971877718,4,1,0
74,144019.9972979423,596,93676.47606729828,38,1,1
79,122062.21857563099,629,35698.14210590958,33,0,0
42,143046.63653993641,362,38592.99394774122,37,1,0
19,20511.58765951504,569,46821.3834463985,9,1,0
52,187561.66598685732,515,72106.18272481738,8,0,1
24,39965.64155746518,489,72245.68993521448,31,0,0
38,93124.83727584287,374,48479.26988724686,4,0,1
35,158786.90664407387,809,52792.137032079656,34,1,0
20,98341.5292416963,392,3971.038289639976,10,1,1
59,190431.65930015285,352,31125.373454274242,15,1,0
71,104166.01072977802,795,35255.690348830336,26,1,0
78,177489.09300848085,393,56313.99960385018,19,0,0
56,165949.06040520876,528,56271.676969759144,0,0,0
58,196577.53450376296,549,71280.07997505945,25,0,0
66,186778.6005351756,690,71985.70232559001,10,0,0
28,181662.29024831817,481,24285.861696996217,14,1,0
56,151688.7812935043,566,77248.52795937765,38,0,0
41,86059.66650827974,580,2940.753236581923,39,1,1
77,39102.57534168244,382,71900.02657606533,17,1,1
63,143956.10940759018,485,11104.049248422887,23,0,1
36,196157.7346408337,830,73235.17263370068,27,1,0
21,150788.7987197364,647,53184.69096627203,24,1,1
43,187171.2864699204,722,44288.19556762612,22,1,0
55,164774.848331993,753,69375.97258638147,10,0,0
59,49360.64152100218,566,4600.712540976038,32,1,1
49,64856.67870643171,806,23123.562241882257,15,1,0
56,81535.80831722307,441,62027.574104297746,35,1,0
62,50286.87998084075,615,84874.32525645097,22,0,0
63,124697.23988114121,531,38729.65605756658,5,1,1
53,195581.09434429122,596,26617.38579072215,23,1,0
57,157062.59001850855,321,52354.90714311044,37,1,1
54,96209.61483214314,683,62609.2099862973,5,0,0
50,20810.80657645196,425,42590.2001091689,9,0,1
53,76389.68200487217,402,87794.35758331575,21,0,0
20,114816.67178459874,409,52820.43217714133,22,1,0
26,78365.15729335471,771,4546.535169487916,4,1,0
25,39986.28614429472,364,23082.34151591285,27,1,1
50,99697.69223514102,771,45614.05606086364,8,1,0
76,65585.50705382891,375,70074.8263826764,38,1,1
23,183661.82776307027,318,22755.472135466294,27,0,0
58,38315.81513018283,683,97649.48653202469,24,0,0
56,28847.47317044787,489,32537.267560620265,37,1,1
21,20956.550447875168,659,53715.54047919825,26,0,0
30,79052.5432074184,751,2877.6720883730763,23,0,0
66,138869.63087615994,378,88604.18142164963,15,1,0
77,151474.47551872267,471,79094.63069899316,1,1,1
19,101587.10300871017,511,20350.342425263676,1,0,0
77,143179.157081948,744,93390.43243274445,4,0,0
22,84784.52651876543,448,32268.136615943058,20,1,1
61,140205.11959759105,309,69526.4425496316,9,1,0
44,27307.277354427213,841,82078.6554836434,17,1,1
49,90335.53722206074,354,74350.5316624809,25,0,1
38,162352.94197397225,479,91840.69561895427,19,0,0
25,164541.08548262023,680,86563.20127373014,40,1,0
55,148906.78019762505,721,99466.53989506939,35,1,0
25,56762.95170257559,750,19078.52984503841,20,1,0
67,64496.92140751398,392,31171.418321443303,1,1,1
20,199295.9709076122,819,63986.36087573137,32,1,1
71,38608.04129635278,712,73571.67140326678,22,0,1
61,52519.28580243369,693,53925.900401015206,38,0,0
78,43404.726017023866,630,8318.908123774876,30,1,1
75,78977.8934630508,732,84317.92745323782,3,1,0
20,57831.65034210621,462,96126.56124610594,40,1,0
39,109583.83271859898,339,41146.16753881308,2,0,0
23,105683.72723842158,384,23256.43568818576,36,1,1
19,182271.01150123458,390,2912.0617412466663,9,0,0
40,26253.190540060667,783,24492.60457326494,31,0,0
61,77578.3238001974,684,70291.9587090038,35,1,0
19,127398.42055947623,492,91247.34937960032,26,1,1
55,128864.31713191349,552,10257.793576744816,18,1,1
34,106422.72122255765,543,55772.65952903106,37,1,0
52,166819.79734663406,569,69857.5936026714,0,1,1
51,31289.990854602584,318,28361.70128952059,25,0,0
40,166787.79780442445,339,57419.8068778599,12,0,0
47,109055.76327842665,815,71809.59417457151,34,1,0
69,44076.92511386039,332,83934.2050704023,1,1,0
25,179426.34443728597,749,45797.48523117811,21,1,1
39,136861.18031737342,838,75037.8646729771,38,1,0
61,49438.22362834507,618,30876.51420224512,27,1,0
75,26056.95021182479,423,22091.627930443705,1,0,1
53,45399.73669987687,671,19544.060862976075,10,0,1
22,129583.63283247084,650,36528.40045074689,36,0,0
30,52273.32234680872,622,4552.088497096054,25,0,0
46,60637.35347750506,787,29016.19192885972,27,1,0
48,24525.150636136554,750,65570.05961987958,25,1,0
64,150127.52100294863,652,65143.98566885354,16,1,1
74,165865.59195669868,415,8281.826842657632,2,0,0
72,163432.67181898217,312,29454.146090981394,13,0,0
33,42962.26724557116,619,57386.20880311425,15,1,0
59,182594.2029299767,464,32536.661612807184,35,0,0
79,141010.1893053344,384,42380.81439469848,27,1,1
47,181555.1520278356,547,71568.26495446064,27,1,1
74,100488.89081551945,731,1917.4161162063742,24,1,0
72,98651.87499506559,778,28362.960864754623,8,1,0
33,161216.57336328115,667,15094.85213471665,10,0,0
29,36793.613985813834,656,13633.309093684682,36,1,0
34,113757.32659427944,707,95944.98142827746,20,1,0
33,170549.16241362062,644,38279.47282467936,1,1,1
29,169434.66135252285,478,53181.769906054345,33,1,0
25,192103.91414162642,724,73648.36681989362,12,1,0
37,145689.06683549838,840,5697.300011144968,4,0,0
20,57398.7132991511,742,24861.241217212137,10,1,0
33,23650.45668102455,605,83382.63094702754,28,1,0
47,106294.84375287835,666,86337.07070461022,27,0,0
62,112466.69581206,335,37922.1411434394,27,1,0
40,63247.265209807665,762,38111.29836552506,4,1,0
45,42445.54048224857,445,75932.7908337793,19,1,1
68,125517.46991429162,445,30211.952448237047,36,1,1
57,157566.02132434543,679,12592.314032859811,38,1,1
71,198767.73864622889,467,26496.009573817762,9,1,1
22,156494.47109789334,574,39347.12843194171,31,1,0
37,162853.83456600457,386,6168.266249914728,28,0,0
57,130962.95808118355,453,48389.34516581731,1,1,0
73,197466.0786146032,796,74260.74376450507,0,1,0
61,135192.14932062267,614,51860.7693035657,19,1,0
18,174845.59155194677,573,8117.638710936189,0,0,0
74,190241.23632337202,561,44574.8135032499,3,1,1
47,187374.53009010098,786,71181.55619624045,14,1,0
38,88654.76188100417,753,6751.568745028803,29,1,0
37,34159.170496566556,742,6924.871782961963,5,0,0
23,50937.26645706443,561,37689.538914917284,37,1,1
39,30660.194971389345,842,20301.4324482472,0,0,1
35,38971.44826924521,404,93543.29833953362,6,0,0
25,53237.22426086557,649,58553.01677023457,4,1,0
56,81396.97698573231,737,29445.214541183723,6,1,0
49,117837.13638351364,468,70772.89618238014,35,0,1
50,148102.77068391547,642,38117.97608457356,2,1,0
70,57966.92049917215,529,14079.448793521991,11,0,1
33,141054.03276286507,322,24485.99075451446,14,1,0
29,146766.63341043552,580,64631.981161478194,19,0,1
55,120552.0206359141,818,6135.734493702174,40,0,0
69,182651.2165637679,552,27996.214964758306,20,1,0
51,39979.06650592592,703,21622.836286575286,31,0,0
78,51881.86236843551,432,20912.37595697667,11,1,1
31,97159.66839010727,573,68593.47878562113,36,0,1
53,42808.292342163,531,82755.87475868208,39,0,0
50,121933.30587033574,844,71870.79419836162,6,1,0
40,91712.08398969639,378,64927.053764250704,30,0,0
67,71227.24301646532,334,91728.72540996854,0,0,0
62,50598.16634317471,794,6780.845662005388,10,1,0
19,80360.88290267785,409,17580.825511647832,33,0,0
58,129432.68314982156,620,42026.278711382685,18,0,0
38,123641.33796009408,627,37872.71270688291,10,0,0
19,49452.32003784209,683,42387.10869333922,32,0,0
44,42485.565933314014,663,21439.035599227896,32,0,0
74,24801.817269597057,531,15800.828242442605,7,1,1
26,22236.606882907807,713,51410.13149833488,7,1,0
18,178365.87842954334,593,92877.19988281057,33,1,0
28,28115.994080970187,846,39804.976772641785,39,0,0
20,151619.79977718432,473,5291.96819783328,26,1,0
69,176957.31732409226,691,70910.56694606293,28,0,1
79,37650.41274124237,401,29819.38564719032,13,1,1
40,98534.25628994317,592,25264.405723184318,33,1,1
43,193214.5369713698,384,33101.54206909824,36,0,0
21,170144.95889424533,500,72657.73686687976,0,1,0
35,108146.7257344139,840,82063.1193001601,8,0,0
72,157262.8003024795,596,59217.5506665574,9,0,0
23,170007.9723976995,355,32925.39661823561,29,0,1
52,82644.85337396947,771,31737.34507861054,17,0,0
39,180587.52503659297,315,13306.52664064084,16,1,1
60,104685.19754188822,365,93396.80377528426,5,0,1
32,115005.3254405894,771,64175.80049791314,10,0,0
39,199947.3748079296,322,3670.4873657305384,23,0,1
77,171794.53390738904,785,66574.34242348139,35,0,0
54,85118.60103913641,714,45268.18899515728,32,1,0
69,21862.20736508599,604,97283.23834164502,32,0,0
59,132711.33328290103,476,82087.8136558343,17,1,0
29,146704.4167030594,494,17960.25962944702,4,1,1
64,137144.48422580835,312,72291.00076861178,30,0,1
66,194215.22320937834,465,49071.034379691075,15,1,1
59,175334.78491978598,449,19517.47120332289,1,0,1
55,100789.70477251674,640,70175.25082566496,8,0,0
35,31314.34774502857,473,55191.370290730294,1,0,0
62,105690.57851035944,466,4007.013998385479,36,1,0
52,144063.92359316416,396,65012.207102353765,19,0,0
47,129387.76548086083,703,63863.72189638163,16,1,0
41,116864.67218795928,376,15264.4309440948,24,0,0
59,104387.41244274344,536,35549.7849726726,18,0,0
47,72877.13714492954,590,59003.998104352955,7,0,0
31,69922.41711043326,435,14739.518396566258,10,1,0
23,110041.66620664434,666,85419.6144056409,12,0,0
20,48908.56635733682,847,3721.1185824826753,12,1,0
33,81323.37624346428,547,11180.90408196614,8,0,0
24,78316.26944781793,513,12494.585065633524,4,1,0
69,125683.90428515615,369,53282.60547153046,17,0,0
31,32002.814065344424,628,62391.2872046939,39,0,0
26,169340.3624477171,315,40970.33885364717,13,1,1
32,121228.10846919239,786,29578.015939148456,33,0,0
38,140748.80253966834,473,81122.42018693018,21,0,0
52,146556.9026766979,573,7760.312388915594,32,0,0
19,72467.14463165657,823,28748.89425214638,23,1,0
44,104666.88212927597,518,4872.442301593106,28,1,0
19,192124.2720565401,812,2375.1233616605327,12,1,0
52,158006.9428394267,698,35984.60880628792,26,1,0
35,194520.23754017337,410,20287.542582048267,0,0,1
31,154325.7821263319,763,27568.21962898638,6,0,0
37,51608.02514753313,392,82273.76858804184,3,1,0
35,31616.45909204172,750,17135.029528672916,9,0,0
27,123979.05860953945,695,78243.1033480283,39,1,0
42,84406.39034646972,850,67830.01169148998,34,0,0
19,69582.42382487064,778,33318.10698894244,38,1,0
42,165297.97935657515,615,55109.05837245249,15,1,0
78,86058.78807475053,652,44999.12536767934,26,1,0
71,77060.1745521747,538,13711.136234268872,19,0,0
50,172997.76677042188,403,90811.3468516834,9,1,0
53,172331.72056756282,328,57392.17879099025,32,1,1
48,84145.9947959102,388,88143.76453375003,6,0,1
31,169849.7661774739,674,82558.82466951573,21,0,0
18,173140.1282598789,696,8897.8166056329,16,0,0
63,96307.49630533993,663,21519.795935826794,8,1,0
33,31965.16343765088,446,15380.850323108249,39,0,1
71,20285.23600394122,613,83247.17374590496,9,1,0
63,114192.6433200191,847,86382.21601906503,35,0,0
78,81933.58880666402,751,53269.17947102823,30,1,0
69,199483.74094850587,805,11313.629178292686,30,1,0
20,159033.97993291117,785,14426.045235758605,4,1,0
52,157029.58214307425,400,81541.33243138847,17,0,0
58,191943.69829172187,406,92989.82351640369,5,1,0
23,179790.39162079775,590,20748.092825955016,27,1,0
42,77273.74630214996,648,2102.620070745133,23,1,0
30,49877.699888697745,526,33764.33760992701,4,0,1
70,154260.6077117868,349,4019.4395751402535,27,0,0
51,88089.30086291714,457,82969.51669172576,2,0,1
25,105171.07729357216,627,49659.713465398905,17,1,0
38,133471.59162946884,376,64544.21709753897,3,1,0
51,183417.0818483433,753,41737.00273751767,39,0,0
21,95435.79566077387,609,35205.24715423571,31,1,1
42,160997.04023948504,626,22997.8408945324,31,0,0
32,68301.16242943835,807,77282.72215677642,18,0,0
21,145634.92236625045,406,69859.2108571374,28,0,1
62,20284.295794024136,540,36712.16946511253,32,0,0
77,176871.29842831424,734,32790.49729561911,1,0,0
29,25468.32439180325,327,1123.0449862192213,10,0,0
49,148295.67585726513,548,7291.660874501772,32,0,0
49,28326.4740670311,663,62702.29696437084,40,1,1
45,67924.22589092061,832,51946.123713310706,39,1,0
30,109496.43264017956,771,44045.51724401723,0,0,0
48,95588.96336268287,838,82922.72183936418,16,1,0
31,54530.5006281819,712,50885.922235881815,15,0,0
37,80086.68410766273,464,39064.86455932468,1,1,0
35,150987.14661097407,347,16964.37840497351,3,0,0
46,140466.27666433668,783,82248.1128132473,31,1,0
77,32926.625077504825,457,58048.57676199759,6,0,1
80,154516.84860311955,450,10153.536626352972,28,1,1
23,29548.258615465104,524,65240.94140171051,8,0,0
49,117726.75003796119,559,43082.003803352585,34,0,0
46,66811.29464759432,686,81327.23613521158,4,1,0
60,125784.2229607674,555,91972.54510260362,20,0,1
79,67039.11126936233,360,60446.11550444836,16,0,1
19,197292.43453264958,695,73429.66911202327,38,0,0
77,75751.07307095572,696,6602.4939126144045,13,1,0
40,63552.91442140928,461,56465.29004511457,31,1,1
36,70123.75236476227,679,75778.65785719194,14,1,0
48,181365.11430667317,742,50179.45279833227,20,1,0
68,134519.38916048204,648,59761.45886092938,13,1,0
22,151523.13753573975,330,89995.87037252338,40,0,1
36,185241.8918169831,370,20611.857631088744,15,0,1
51,184137.04727210134,696,10726.404247639277,0,1,0
27,153010.25238417095,737,69373.7177008106,39,1,0
42,55608.39719143812,301,82462.04164672196,17,1,0
19,171807.197721501,434,85198.52866967379,33,0,0
79,56679.68615439147,445,64522.805212030806,25,0,0
28,153721.78653771774,478,83488.12839890954,35,1,1
67,143408.5519780774,563,70365.75636660574,20,1,0
78,156599.9930252804,610,9650.314674772284,0,1,0
48,115883.42252848683,503,76442.30728061382,26,0,1
73,134970.71280485953,329,18756.609265482635,10,1,0
32,191597.61447816595,358,24424.324916506303,37,1,1
26,38195.94695135868,308,40070.41207286782,13,0,1
40,75592.5094606916,623,32142.139566307353,27,1,0
36,130044.26235770884,466,32843.52209198829,26,1,0
26,193529.7434236681,636,17756.692896200533,21,1,0
52,37203.40057926821,678,30093.233663844894,20,0,0
38,24058.859875415557,541,2946.5964076122955,23,0,0
26,30034.927724659043,459,47818.18372214428,18,0,0
45,29433.023563015784,534,77090.50491821086,23,0,1
79,183406.85439993278,752,86362.48955325913,25,1,0
63,149826.42342808846,498,82222.4273369844,24,0,1
68,141879.1459153301,776,42229.31418051621,28,0,0
24,114063.10764712571,332,73312.22163522177,9,0,1
33,160751.47105498734,707,29501.186635426035,10,0,0
33,48016.638697086346,388,6500.684799044176,23,1,0
77,90549.41416191873,520,67921.18101373539,23,0,0
50,108200.76513758182,368,65230.82030890419,11,0,1
21,39873.70958181073,593,80361.31015082469,6,0,0
21,95512.46768075305,536,61994.5144635851,39,0,0
56,76970.32026727166,459,16532.27087241772,16,0,1
57,26404.786242823277,589,85463.07681296962,34,1,0
34,44612.372491262344,832,63098.02601385138,5,0,0
54,157526.62817014492,634,80953.3602044654,11,0,0
56,23246.823710836,801,77636.60491722803,14,1,1
77,188165.593837345,545,30488.584235283754,31,0,0
69,35556.43384050274,622,8380.744510353185,22,1,0
46,163862.85695662248,628,18473.9364998689,6,1,0
69,181750.97736982474,846,10193.371097011825,37,1,0
53,189404.40527308048,638,25097.830775933504,30,1,0
77,176145.86422927506,470,46493.695029573304,28,1,1
55,71759.00709657978,409,90774.249893147,27,1,1
56,79955.68364092585,309,87329.85683614282,11,0,1
67,96778.22574981368,501,72141.38169447707,26,1,1
80,45073.40409327815,556,3387.123595234772,3,0,0
54,24009.041912100296,561,34797.5309307348,20,1,0
69,176441.89057058623,729,68552.49422196746,8,0,0
80,119743.16891788214,806,13773.86078706777,33,1,0
79,129570.12959207894,365,80307.69715157496,36,0,1
78,186857.92546720317,334,91542.79431877178,20,1,1
52,139721.63206045082,790,36056.34021714472,22,0,0
24,144353.63078116643,553,70878.4631245195,23,0,1
44,161654.3567186136,316,15672.209134202621,9,0,1
45,40942.72097433268,560,69390.82846218967,37,1,0
39,84829.18757848247,555,3124.085816417285,5,0,0
31,194277.42698660592,723,15926.379174298996,20,1,0
24,186127.4140581092,800,71278.26321425833,36,0,0
54,179133.55333583325,585,71473.17206475431,28,1,1
78,101375.93186101504,306,64475.107878672534,39,1,0
39,174294.73164562503,796,48259.03841403612,20,0,0
22,28711.25875023781,498,67815.90102602256,21,0,0
79,46733.13636628114,717,77606.27903059004,34,1,0
72,94514.18572712975,351,96681.68424463764,4,1,0
19,107010.57200278276,542,88975.4621233119,14,1,0
79,67431.28763375423,518,79658.88605404634,40,0,0
44,84165.80075260173,817,69780.99415472292,18,0,0
38,49299.69818456638,408,57841.398997804354,15,0,0
71,108044.1257088633,650,12940.273511839709,39,0,0
55,162891.79271621502,365,17390.1273677409,22,0,0
32,139044.87085903503,309,82207.67650641904,3,0,1
38,39402.60452579743,501,80527.97830851484,20,0,0
27,107764.6886114089,513,61831.43367136293,23,1,1
40,145576.34890035048,367,44445.17313889919,25,1,0
75,115381.15337970942,626,3577.232332536959,1,0,0
73,90501.60737639881,349,33390.51731032584,39,0,0
56,131944.5958310981,316,42643.32609896647,7,0,1
22,194354.9597540496,822,49095.812331168636,8,1,0
18,37083.42375789404,605,93003.13525755971,1,1,1
30,90202.89093456093,691,11762.23058021414,13,0,0
38,93189.05354829722,423,52367.82505819727,19,1,1
43,123854.11588430678,803,37424.30739886969,1,0,0
67,47391.428338745216,524,99019.71380238912,3,1,0
62,51795.745376684514,617,86324.53761200763,34,0,0
38,71365.04947961384,772,44439.79956965317,13,1,1
70,192056.60778833352,840,99969.86532612129,20,0,0
35,152139.54462156247,657,51892.261400678144,14,1,0
54,139104.7943044706,782,17544.66186254867,38,1,0
62,167052.3837309672,728,56031.59449084474,19,0,1
49,42963.76440500473,796,23394.370814561014,5,0,0
53,174679.9075502753,771,63994.971167548945,27,0,0
34,127069.88849975073,599,93806.57731350863,1,1,1
52,80359.22134260839,383,78833.6591066678,27,0,0
66,166853.94603422427,676,28043.205351486464,33,0,0
77,164461.61618275233,612,30389.003871634704,13,0,0
28,172227.5447090109,619,7859.532105940891,8,0,0
80,40793.22201925679,503,29300.91572898146,22,1,0
38,194485.02409923967,654,10169.855168103906,34,0,0
69,192732.7076821516,593,50445.42321323864,21,0,1
72,84344.53619031348,803,71126.3608703275,4,1,0
70,31860.923278145536,444,75366.93498841669,40,0,1
43,50070.02050438142,838,6893.393992569729,28,0,0
79,198709.54858004546,316,34655.633925582006,34,0,0
21,121342.32977089935,338,29529.004888195937,33,0,0
51,84191.92378868937,429,11325.731975746126,3,0,0
69,71876.48489300699,414,36884.659782268565,8,0,0
65,66258.51235597057,749,30632.690804784375,13,0,0
77,139547.49770980678,344,63815.42370458839,4,1,1
35,95489.80967354347,515,88446.96370963758,26,1,1
57,193773.92588635007,714,46029.33036644837,10,0,0
52,143091.74551616504,564,74919.85210391504,29,0,0
58,162568.026388813,739,15455.026343956753,36,1,0
46,72693.47874496879,680,89601.6714857426,38,0,0
69,34253.55363955265,600,16106.879083294136,33,1,0
46,107808.11072873858,470,20018.016879339542,23,1,0
55,76624.67837832091,705,11539.916555179972,15,0,1
59,56374.969701426264,654,31658.27065053311,29,1,0
38,191475.58354415503,460,55688.634224837086,23,1,0
59,99917.87858156546,325,98811.41702922634,2,0,0
30,51447.546568781414,382,79543.43543109685,28,0,0
66,55757.11748260504,472,38663.14448630621,11,0,0
58,70527.75364362693,369,58008.75973245347,26,0,0
34,199876.9282741483,305,62707.495062981565,28,0,0
73,68242.07009352752,494,82449.99490348736,1,0,0
26,79184.32482412166,824,73908.72675656025,28,0,0
58,138679.06303712027,362,57359.8215701429,39,0,0
18,72913.0477538537,312,67249.11967692601,8,0,0
19,58844.76519074481,504,74845.84348532706,27,0,1
77,48554.69359692777,339,14181.261854207029,36,0,1
65,76282.87970500259,464,20845.090669232613,22,1,1
46,39064.82413317923,330,69169.84460184416,12,1,1
50,23356.38555466092,828,85192.13063677558,4,1,0
27,164835.50552024192,697,41516.96598727701,31,0,0
67,44821.089634623786,758,98009.14192464939,27,0,0
75,159675.83296674362,522,22391.101534663914,14,1,1
77,163557.64621759875,377,42253.22892230045,23,1,1
57,116825.51473926376,727,38473.781302862066,31,1,0
38,75742.75249633126,724,93099.29813191648,20,1,0
45,46105.89207497992,686,29252.47323968141,4,1,0
28,152624.91920977982,538,47608.28702617934,36,1,0
72,128249.65747672148,389,19536.150121917617,35,0,0
51,137981.62216884154,684,52605.35761768193,27,1,0
25,21560.436172123587,438,85883.01277689551,31,1,0
76,186953.0628274084,823,31099.906727165853,22,0,0
39,31932.233740379044,543,81268.41514412,15,0,1
25,86025.05932520101,804,91219.84663538697,9,1,1
66,92488.09693730605,721,8222.831081741799,28,0,0
32,20243.99440963079,481,75886.02909560585,26,1,1
34,109476.07568314347,494,26279.00017889859,34,1,0
77,155505.6190119818,352,18357.438591126283,23,0,0
40,168188.357560659,478,60511.11681047857,22,0,0
41,178291.45879505918,592,70854.65900664128,2,0,0
62,107789.3962967665,674,40081.33758778616,35,1,0
36,133514.51429533708,358,4878.1970011368685,13,1,0
22,34313.548393369776,353,90961.74789548252,3,0,0
49,107846.880370715,544,73343.94476790201,31,1,0
61,47866.835876912344,448,27895.013861618452,19,1,0
18,86535.76117205386,667,50189.52171872925,16,0,0
40,79274.95631562787,315,3751.4862067407234,28,0,0
54,96237.30390347147,475,34588.99539878824,38,1,0
25,122894.59123534386,839,52730.98832292671,31,1,0
30,182517.79647133924,705,52205.137896508764,3,0,0
25,91007.23364255096,766,21610.30292284557,23,0,0
74,196603.61522807914,428,77897.98925220518,1,0,0
40,156625.0486492165,522,30587.3536941377,13,0,0
60,112066.58842190898,543,58460.59229461929,39,0,0
18,135924.7586801499,725,27880.700328259503,37,1,0
62,38400.35080375001,653,43091.619425690245,33,0,0
68,172013.87563645787,625,21543.947899772793,1,1,0
41,124824.34191151385,302,63667.77146067179,35,1,1
52,197492.1464377283,778,43132.85165399372,5,1,0
41,134557.17387551285,380,2595.613144288663,35,1,0
34,170140.08498793852,343,3788.334407659843,21,0,0
22,163957.29370314316,454,47642.297528670795,4,1,1
37,82183.00726428839,835,19139.360823630082,37,1,0
38,66729.91254197809,398,58919.16276632949,40,0,0
57,97488.8450176718,696,41410.98639543011,21,1,0
75,104103.44199359068,470,65787.56371843255,10,0,1
48,63215.2463485959,447,95287.12223233121,30,0,0
63,181027.61720317494,422,53344.87734473011,28,0,0
53,117658.61521411627,411,78950.48175541985,32,1,0
28,196119.99058764253,429,75551.05863527778,21,1,0
69,165803.2000483274,367,92257.31932806266,26,1,0
32,120026.87487055028,844,22187.768856562612,7,1,0
36,190467.25006598467,585,82905.37010770915,5,1,0
24,110877.46671715527,304,90646.51747196399,24,0,1
68,179679.17225336068,417,39883.53511381019,33,0,1
45,84466.06061524499,529,32067.803265297847,8,1,0
68,88155.62901273693,459,95251.5550581505,35,1,0
60,95263.5229347676,593,63135.649391747924,30,1,0
75,118392.61626978431,485,38686.97203890537,18,1,1
22,119628.24863578832,523,79390.94437223139,0,0,0
22,109351.80590187515,451,31142.916259955793,23,1,1
47,75080.17524497015,439,18464.351020916343,33,1,1
71,186897.16366234957,666,54852.99394397285,16,1,0
49,125945.49752286577,427,57054.992446149736,33,1,0
25,93393.05891448709,650,82748.90174446646,34,1,0
27,137211.85293385127,446,46245.708147022575,35,0,1
55,158234.01640576494,584,81644.06741102881,12,0,1
64,192931.05588108374,768,31820.94525548551,24,0,0
49,109918.84920816487,517,57961.452015601404,11,1,0
65,40177.73186313658,735,21638.805111170866,20,1,0
45,99337.84425857743,444,39159.149140743044,36,0,0
34,106214.70106162484,576,85896.43008545226,37,0,1
48,181458.9340734213,359,22382.831150139747,0,1,1
25,91064.13832333156,674,81213.7068270275,5,1,1
57,191598.36767968492,703,29004.294126893215,10,0,0
42,107323.74338858026,413,4414.482248265915,15,0,1
26,195280.4901762072,794,11883.52243562778,21,0,0
19,21475.697803573195,635,74842.07498675803,10,0,0
32,181786.7674651424,584,26945.021723712678,36,1,1
67,187601.6813498031,428,65760.41363188595,25,0,1
20,192983.76843773838,614,70220.69137296607,25,0,0
66,22353.776151430673,370,35166.7279790338,20,1,1
53,50906.15057905562,644,48016.97973390288,25,0,0
79,137677.6105567825,397,40972.94195512525,14,1,1
21,24585.084512319285,599,94787.55063909886,38,0,0
31,31449.619311770133,475,32674.93737280715,34,0,1
58,59794.197264819544,374,19148.981180271116,10,1,0
58,112239.15837389916,442,37193.69144468225,8,0,0
42,118262.46066802535,322,67282.0550525992,22,1,0
75,26167.002102830782,480,70038.90634578506,3,1,0
72,50666.1051406756,344,92481.67422064068,29,0,0
79,109947.02120023796,768,88293.69400270512,27,1,0
80,126909.31176981295,391,29543.731521310277,24,1,0
67,46712.30536751877,568,46061.16164779205,21,1,1
27,91791.45415045472,333,74979.62983015997,24,0,1
38,182792.25857305143,663,91737.19077960048,25,1,1
53,199801.87166831095,432,34379.33627283229,28,0,0
29,197698.60186960542,681,44999.701983522595,40,1,0
44,178701.41185163704,576,90048.34877490728,31,1,0
57,91038.81583099024,455,36489.90344268385,25,1,0
19,143583.37257346115,686,48570.78563298184,27,1,0
71,94986.60100115577,834,90545.90998058981,19,1,0
30,136734.8648283565,499,80422.07858099497,1,1,0
70,75697.84477450699,574,25099.661575970476,22,0,0
49,129116.40564985975,800,33154.711475781405,38,0,0
48,114276.52937951298,758,35942.91401847457,4,0,0
33,24406.44784637599,349,91361.10886967492,20,1,1
49,162326.52267430048,831,99894.43997334938,21,0,0
49,22141.60980412801,391,77626.42591338855,10,1,1
77,72768.06960559433,755,48948.30394685715,29,0,0
51,21066.331781720426,638,2007.2079886804179,27,1,0
28,87716.25439313568,352,70051.31760319778,35,0,0
27,31368.895069545077,795,39546.755285280684,16,0,1
32,184431.9740296234,303,63665.66055263194,20,0,0
34,94822.27312931635,580,61062.702382780444,36,0,1
57,102709.23947559381,589,48602.37360086435,35,1,0
35,82973.04249635388,372,94494.35237490597,24,1,1
72,132951.10775631794,436,3291.488190178824,23,1,1
26,161193.4609912767,692,71501.11596278624,29,0,0
42,136666.413748816,507,41574.14696165505,34,1,1
57,154677.28131112296,559,71665.25459866952,20,1,0
76,183075.25943166687,562,67846.74510642356,5,0,0
31,175438.37570085717,804,2013.5622550235432,20,0,0
77,141330.52149566525,849,29248.511022292452,7,0,0
75,58634.833322797145,502,19720.060529874263,4,0,1
42,134786.51318754719,646,17531.64894130674,39,1,0
67,111094.95723329196,351,73119.19172799215,9,0,0
39,149099.46158187563,655,24715.583560219333,30,1,0
69,169927.69671072467,818,47999.02388374278,29,0,0
47,153689.86949355513,662,25451.910533282273,20,0,0
37,172381.01059303136,344,58443.14852009766,35,0,0
38,31495.947201384293,677,72336.80303793683,26,0,0
61,25691.606882743512,711,33776.39913111947,37,1,0
49,66530.10218592691,441,60699.063980425075,34,0,0
68,182119.89513955312,557,82660.62266696016,31,0,0
63,168258.6651771153,336,10328.204231284675,25,1,1
66,142890.9136031561,344,71356.38930508585,3,0,0
73,146136.56013914887,345,32991.34949910264,26,1,0
38,150800.68446647824,600,13142.345695969481,35,1,1
52,189668.48608725445,587,55019.76655382053,36,1,0
75,169794.40741536036,568,23399.969607505445,26,0,0
49,132210.26966486854,361,82314.8174742466,5,1,0
47,139828.77834628528,541,5246.6950435765375,17,0,0
72,58473.24717100195,653,10766.63673081885,25,1,0
56,138317.38852812903,370,52578.61647259587,23,1,1
66,96442.22223532254,712,59305.236623618715,6,0,0
29,47533.136709033875,360,73258.77978775193,13,1,0
58,165152.50746438338,751,26666.812096967187,12,0,0
64,111844.47796456622,692,84334.28041311589,25,1,0
35,195936.50750409588,828,95361.09163760454,1,0,0
38,70702.2838054145,604,50404.891055891494,22,0,0
30,106520.62021491381,490,76292.60513201031,27,1,0
79,100639.18184039627,377,52959.98709983548,0,1,1
38,41740.31403786417,824,7877.235911808851,31,0,0
79,96700.75018954031,600,33285.039771419484,11,1,0
25,71759.62215576648,316,9661.182273074484,34,0,0
63,48857.684846048185,733,98899.03280624634,25,1,0
57,70788.00512650507,342,23673.565295264343,30,0,1
63,61985.30442795056,367,63954.141522156155,11,0,1
24,152133.23558105805,679,29150.165092548796,28,1,0
40,25539.53208664882,511,65671.37532023666,4,0,1
61,131143.29462437984,502,21829.767396177762,34,0,0
49,156919.04156424917,408,78741.73652509738,6,1,1
28,106530.22216441517,583,11970.348680826914,15,1,1
39,187681.69640142532,524,89619.88960893774,31,0,1
39,147418.52514257637,417,84201.74756153865,16,1,0
60,154626.2572360551,639,68201.92702020018,20,0,0
42,55448.02773935664,580,7674.048087141937,26,0,0
39,159913.20365103323,790,21648.333804563903,39,1,0
45,169777.0524949607,318,86076.79797341651,14,1,0
46,85027.94991307813,474,13075.468995956919,22,1,0
30,58405.352245934824,768,16437.277534493987,7,0,0
35,89309.122256651,441,54856.32905179655,24,1,0
19,153129.43442002469,762,28143.566527760027,10,0,0
46,95175.02105636649,597,22985.49429444902,20,1,0
38,152597.33754046183,769,58005.52975296987,9,0,1
32,40441.617375956776,672,37885.09096934488,8,0,0
69,165082.10788792718,767,14915.429780197204,0,1,0
44,65577.34669562434,737,53950.52298700098,21,0,0
67,64807.21778862687,742,39314.227924583654,5,0,0
48,126268.57373669493,755,73717.16065310317,29,0,0
32,32621.248234458137,547,11172.78878973833,33,1,0
68,24733.590803240342,441,62440.71115065141,12,0,0
40,66985.15975282087,701,44212.83936738152,21,1,0
41,116852.15913226809,521,41200.125630188006,5,0,0
61,183370.9495205409,483,23996.48111282578,40,0,0
30,172358.33173531524,663,4012.176792068401,23,1,0
39,108280.36278577558,487,84921.2302420999,20,0,0
60,26669.358864828697,412,33314.598517408165,38,0,1
54,116345.49223327564,480,68428.01293325487,22,0,0
78,146863.2079865532,498,94811.15257789403,4,1,0
50,81049.61585450608,369,56934.039510131035,6,1,1
73,39991.39459069785,784,40317.54334946676,2,1,1
20,70142.2315770187,698,27559.083068521664,12,0,0
80,158885.99560420652,850,93470.33547210184,11,1,0
71,83223.8898109991,309,68525.60498706314,5,0,1
36,166156.66832342782,302,66862.85793239939,33,0,0
40,77513.86132534564,777,43189.67418938242,14,0,0
46,49439.90691448726,366,84659.82257387563,17,1,0
47,98452.70471244949,396,71653.54651393922,2,1,0
56,101409.412212045,830,29035.143906320594,21,1,0
61,22899.479338880654,617,60358.28734247975,34,0,0
64,41068.1130871387,397,43589.2015055253,27,1,0
42,53286.68337910714,356,1652.4261201415902,40,1,1
54,40445.71712816148,406,80954.71971867794,11,0,1
64,81474.69357584548,387,13160.204543050379,0,1,0
25,193632.11401106324,670,51485.4960942588,35,1,0
59,111660.05689887404,674,34286.39311539674,29,1,0
75,132960.08429671638,351,34866.815078867075,22,1,0
33,84149.56613414508,340,48259.12345796699,36,1,0
25,78227.79709576629,390,99705.28729795475,27,1,1
18,24166.418944701505,338,41429.5883825161,4,0,1
61,110060.05802168403,312,19050.593751840668,35,0,0
22,107049.62121529994,403,61747.02746688752,9,0,0
20,48409.53071260215,342,24392.483095912605,4,1,0
18,157578.32003720666,508,11449.36453458209,13,1,1
21,108681.37945598052,775,5967.243034526982,23,0,0
57,81018.91462908318,408,3265.2461279487034,27,0,0
52,46443.60362412686,513,43685.300182795305,20,1,1
49,119388.94885478224,708,43245.85220746597,39,1,0
59,155507.06469598575,376,19368.99460771734,11,1,0
51,70759.88348329489,394,78617.88632334972,19,1,0
60,59382.98328381006,568,13797.792164067996,31,1,0
42,113948.29353162386,660,91616.40207129094,37,1,0
27,47961.79445180305,829,59170.02178668397,39,0,0
38,139990.40958697128,461,3734.021234388032,20,0,1
63,128961.85302996148,764,96334.28994852894,16,1,0
56,35674.76892645715,847,31486.18469503951,0,0,1
44,26573.668288647295,486,45547.52099820749,27,0,1
44,131651.95746594528,351,29142.600606460663,1,1,1
19,72972.87931797333,787,73113.70850534398,16,0,1
58,35560.235571211735,830,49082.34185123433,38,1,1
65,156697.16689216756,695,14104.922980847758,13,1,0
30,76527.92054317595,391,11316.191283585926,13,0,1
26,102727.91893488025,656,72812.16591913291,17,0,0
69,62626.32694167847,443,24471.059088195878,39,0,0
53,132917.07410443362,498,14641.544089208779,33,1,0
39,74267.9147637847,622,50443.33210278644,0,1,0
59,194243.7730209731,631,80473.7634660941,17,1,0
43,146530.55875104317,563,28599.491841439914,33,1,0
75,44610.00974722384,516,28366.729558379968,22,0,0
71,95005.07114122402,733,83554.24476577732,15,0,0
29,89375.79795137815,759,15635.545662309483,18,0,0
34,116164.47992966896,802,62056.03158686818,36,1,0
31,171547.5214062656,768,95546.33481527596,5,1,0
31,125015.96273294032,665,84289.01180815345,23,0,0
74,31080.20196799987,538,7119.7081441931905,16,1,1
51,137974.8254245139,695,32671.176779600915,15,1,0
70,21487.753630254512,694,15095.07209366902,38,0,1
74,160392.88289727076,374,94974.82313102683,40,0,0
37,139994.49303402356,397,98608.21505598603,5,1,0
28,75581.41850346548,682,24264.309033463753,15,1,0
33,72639.52482611284,669,67300.2054380465,8,0,0
68,163689.139378335,584,84321.54147266471,28,1,0
48,161000.60454643168,555,24134.348157033175,3,0,0
72,83414.42378781679,608,19580.38279777677,25,0,1
23,73810.59105436046,475,2109.891301480749,37,0,0
73,120768.46199890219,527,41784.283237211064,25,1,0
36,21505.818797145952,646,90044.30877707693,13,0,1
54,34880.066837577615,641,90394.98525657854,34,0,0
75,42710.526226772614,538,13646.569623392612,23,0,0
21,53374.127208891354,649,21230.8955723111,7,0,0
64,112163.26280158444,754,41396.68576251883,39,1,0
78,198603.54467500196,740,78281.82997120649,24,0,0
21,137470.41231452362,814,61573.296869641126,3,0,0
37,31033.783000860247,380,51871.12460850142,14,0,0
27,114604.28733120352,660,59601.256538037705,15,1,0
41,109396.1382301108,587,10523.769686427368,10,1,1
71,45950.206847248905,307,48288.70058323579,27,0,0
52,185649.02638443338,386,99214.26566437371,6,0,1
43,99337.74458156641,585,9756.168546969693,37,0,0
54,199020.64530975313,698,52405.421085853755,23,0,0
55,95613.01314538957,373,30269.276904080085,30,1,0
38,129432.38648304968,738,54451.41638933394,3,0,0
71,38857.256561259215,422,57808.05724334092,36,1,1
57,101761.00828523646,676,58169.816913828116,34,0,0
56,62977.8609207152,442,85368.66974577778,5,1,0
38,170401.6637428223,457,39584.99405269243,32,1,1
27,161105.5252761572,729,52119.062103983095,31,1,0
55,168352.39993256453,747,2081.9114978071066,37,1,0
63,150249.69879643124,709,79165.50955639691,34,1,0
21,169882.98025160923,670,26689.283030209437,16,1,0
77,56149.175031485756,408,81838.94738001112,31,0,0
74,101367.8797843643,335,27298.227971651402,13,1,0
62,144532.43839027427,389,2068.061129986731,18,1,1
37,134730.64962832426,714,16328.300501151229,23,0,1
34,148943.80691733566,595,98582.60735464463,38,1,0
72,60366.50896722171,345,32660.323348850863,10,0,0
24,37718.24762809815,787,11773.56629926197,6,1,0
21,185025.18405345976,469,12757.121558949302,23,1,0
46,120830.94120212452,445,31723.928691665154,23,1,0
31,47688.66641133397,719,4726.85907055954,13,0,0
20,162818.58473972508,302,51637.37022407342,23,1,0
41,184687.38859327085,562,22160.350633442697,10,1,0
54,50521.43334279963,620,52411.75349829035,7,0,0
33,167134.24194843989,545,14935.657651222798,14,1,0
75,187980.5110374431,776,43555.86567273174,1,1,0
72,188905.0880532831,558,60193.76898172321,23,1,1
69,184548.1630976302,392,7137.993895472694,9,0,0
21,118355.7822248185,832,40476.181615854795,31,1,0
73,84118.03710569647,638,30949.85827797909,16,1,0
79,21309.105384921673,559,24795.621832374767,9,1,1
41,30964.200836874876,536,60848.92798236515,21,1,0
51,97191.02275353031,440,59265.65659077532,5,0,1
47,91878.70635047185,779,63439.28086109166,26,1,0
35,53248.50372257898,649,16729.384372819615,19,1,0
36,91186.40504569822,429,29285.215241370446,0,0,1
48,51437.011781966256,836,21758.199021512795,16,1,0
77,172782.4254996513,310,54509.856894786346,0,0,0
77,73675.0780176078,556,46645.503231752016,36,0,0
36,127741.5830284958,668,33699.08002168225,14,0,0
66,110511.75115983562,693,78815.46607797488,0,0,0
80,29338.773966918598,718,10303.400696429897,16,1,0
63,189602.0695084099,318,97514.77218680858,37,1,1
36,114900.676085087,409,12537.863703716554,1,1,0
39,78510.37581052675,736,77534.01044426857,17,1,0
41,48462.78253395228,804,37454.78872692235,11,0,0
62,80934.79425083043,333,86660.96068404875,28,1,0
29,23692.08854421011,587,8342.824929632043,22,0,0
47,85440.4679626936,554,38097.44930904144,8,1,0
75,115667.46691481087,433,34208.897243523395,7,1,0
55,176935.92425317006,798,99322.546784328,15,0,1
70,143727.3951856036,696,98569.35049407293,22,1,1
48,40084.81636398345,786,19790.59190797241,28,1,0
53,46594.338398833,512,63364.74910913555,9,0,1
36,97062.20620730745,649,54016.42257118308,11,1,0
65,55227.39529498181,318,16282.975632833135,11,1,1
62,25012.959964896036,418,17610.190904337884,29,1,0
53,164902.67842125264,601,98935.92111947591,9,0,0
47,23514.06272563894,584,45820.269368472334,13,1,1
72,169524.12893564254,526,13454.327908007277,3,0,0
66,45938.71334593388,806,22264.213835186176,19,0,0
72,195442.1139452809,800,27566.458657606414,40,1,0
50,128697.30412871421,511,51580.80906854331,38,1,0
35,152296.93489338117,655,34219.26482112462,6,0,0
80,39887.05303425168,786,46046.166803102176,29,1,0
69,175178.73322126642,620,17483.45555903491,40,1,0
66,171054.62171687692,522,33346.14036816311,23,0,0
76,137538.69167750917,490,7961.34267905765,9,1,0
45,110409.47562716973,799,89081.31707410903,37,1,0
76,149868.05116370105,794,20676.495239689248,35,0,0
64,21067.07876063807,536,75933.11340744514,16,0,0
28,126639.3359717227,321,35605.627032131255,20,1,1
74,172533.10428726257,626,47965.33457503954,2,1,0
77,84241.97969145587,844,29834.842906661455,0,0,1
71,39492.08416692503,426,69947.68583962962,17,1,0
62,95757.9049537771,664,84610.09550819603,1,0,0
50,150878.80083053123,343,29340.74828921922,39,1,0
34,39314.217866721054,818,24979.546722695653,3,1,0
23,57088.7408383202,427,68462.5862809258,31,0,1
21,46559.33242916599,429,20320.152996204364,18,1,1
37,163450.59600354047,828,64344.136795367456,19,0,0
65,31320.67204144763,620,10348.379889669917,6,1,0
64,143585.57038059793,485,62393.578836108034,8,1,1
44,85962.24573557444,647,51827.266667032876,6,0,0
32,156042.4237193544,780,12276.665842054526,26,0,0
23,193589.01538112678,660,65261.25985159538,20,0,0
64,40618.15392556682,586,45209.15854637351,34,0,0
31,76589.30739214252,481,22494.390030891485,23,1,1
77,165822.57698939426,750,35985.03141451555,31,0,0
28,67908.50948921176,396,49718.108458254035,11,0,0
56,58721.707468287364,613,10063.86849917382,22,0,0
26,168568.0360164149,845,95803.33882970708,35,0,0
43,197674.82552107464,320,66890.653465,28,1,1
33,120238.50622663384,796,11150.963147481903,2,0,0
22,70048.77470000106,702,82463.35624851749,7,0,0
74,91741.87308800971,423,32932.9381636684,33,1,0
69,50623.45892904962,418,60083.1541346052,13,1,0
78,157139.71020033545,776,28437.14131637775,35,0,0
27,159225.3232080982,402,73607.18854654611,31,1,0
67,177521.778628849,632,72577.88852501013,6,1,0
20,24788.461447381498,758,55652.30223036938,9,0,0
30,121156.64149274827,429,24851.63365468623,11,0,1
60,58565.97818177319,433,26116.676943702405,39,0,1
66,81358.94278862428,456,38903.41687279935,22,0,0
47,161292.01075157136,724,15356.204572232245,10,0,0
79,54566.05742506931,734,34427.915605901435,12,1,0
71,134901.51510459615,688,68751.10552358294,11,0,1
62,137821.91442024766,617,83253.68272588271,6,1,0
23,191736.9046824141,804,33925.64675884278,9,1,0
34,159528.96713520866,489,24125.435567182034,6,1,0
76,164654.32648766483,710,83431.6152551783,26,0,0
62,115688.13482322083,351,89179.6987112062,6,1,1
68,53620.54528922672,745,41592.13080789437,23,0,0
70,96601.40582930329,743,3663.511231113751,22,0,0
36,118908.12323212766,681,69801.20046852104,24,0,0
59,142115.4653084682,673,78619.29038212982,35,1,0
52,129387.6401297469,674,2784.4010632795826,32,1,0
63,90916.00920510384,688,59908.054480809806,36,1,0
43,67756.35925925145,778,59248.507066173326,38,0,1
68,50281.55177666296,703,38492.08296604349,6,1,0
22,144892.16952900792,767,75226.96525923294,29,1,1
46,136171.7613762473,804,43389.7247733217,30,0,0
54,143727.0438364052,382,68000.81922734504,36,0,0
37,87054.94150450308,618,52194.61315888004,20,0,0
66,67233.4080627341,366,25597.99586558155,33,1,0
38,156749.83916256655,713,61043.58543800304,20,0,0
27,159256.53110996014,752,73953.94098973832,39,1,0
22,102010.9473140313,497,97416.66167026336,19,0,1
53,130142.73525811835,558,38630.785733438934,33,1,1
23,87233.53956171342,597,7382.78192196876,7,1,0
43,146350.49602156522,579,98809.15090091384,31,1,0
21,170429.88739661683,599,62756.85928312809,29,1,1
79,143881.9899204169,428,94698.59535791616,28,0,0
56,112264.87283248457,797,11278.881515100815,4,1,0
56,102558.43270862666,737,34861.35014717531,29,1,0
67,135617.53717563397,591,14259.733188399707,11,0,0
52,142365.96048823945,506,83715.50530362388,38,0,0
18,120571.29983441702,593,88153.9314015023,26,0,0
41,132489.60951933108,328,50629.85828762702,12,1,0
74,37385.96284901581,478,19474.015548541014,9,1,1
53,191317.79290561881,340,13584.777934931146,35,0,1
23,162339.15147176612,769,59228.246897940466,30,0,0
58,87307.0165472211,491,51131.25613394476,15,0,1
71,121306.2699716534,643,69784.12113439909,38,1,0
63,28518.415424555846,577,31215.51899937913,35,1,0
77,27421.00651983087,654,40834.431507411864,25,0,0
61,65143.700320153286,828,3114.74631126458,19,1,0
77,144146.2956256322,385,61404.161462477365,33,1,1
74,173386.5946040021,616,42891.2086133013,36,0,0
48,120653.4583963727,636,92056.69874753134,7,1,0
37,115783.89312482343,444,64536.84347277568,3,1,0
41,92415.71608246387,614,40470.75465351969,28,0,0
42,49087.63207244381,524,27095.328906461687,30,0,0
53,41303.73823878575,722,90623.20931815624,1,0,1
38,156922.3570197739,353,2610.2423376268835,24,0,0
47,186950.6392333836,367,33364.33425798683,37,0,0
41,102490.97894952916,633,94407.05279501546,2,1,0
61,138700.21856881486,376,65749.26769117583,4,1,0
59,184602.37715856943,838,53739.18805704661,21,1,0
47,36220.45392814602,454,21149.937074122317,15,0,0
39,158686.66156142537,371,83504.10265118432,8,0,1
45,131027.03918760353,800,21215.707196684834,8,1,0
24,127754.69218937504,746,25577.099620603745,11,1,0
52,72657.27712668257,658,19993.263144313667,3,0,0
72,143100.80385998182,576,16656.796596382672,17,0,0
45,163063.5958677398,612,95377.93710190148,17,1,0
31,40314.46968986549,404,60601.12801798953,32,1,0
73,116033.85757657708,394,64145.8760689993,2,1,1
27,38227.73257773374,518,95478.22110219956,37,0,0
33,177063.32347357602,427,23826.930457430703,16,1,0
33,111374.61007814252,499,1585.836321171514,11,1,0
71,165433.82406693633,631,60289.481307458824,10,0,0
48,86255.41477991857,846,51276.640469191705,16,1,0
59,42514.080826938574,591,48287.387362431116,34,0,0
42,27469.874789428068,365,7126.140913373714,40,1,0
30,70671.7317390276,703,45989.051790903664,5,0,0
23,63962.066065534134,445,29468.39694397919,34,0,0
61,120863.35532359313,829,28181.903045206996,5,0,0
26,23912.990851467322,701,23015.77643773019,31,0,1
62,113702.6979738512,424,33920.307615702506,10,0,0
53,90518.91356216057,813,35960.17443919783,38,1,0
73,123882.00858459959,631,31568.801859837753,12,0,0
60,146435.1550670656,779,97896.51885623139,12,1,0
37,134136.55011437103,697,93340.37746543923,38,0,0
35,197235.98648720593,329,57876.49985296136,33,1,1
75,44887.76189783679,355,98124.42900262067,2,1,1
60,97352.66160736013,431,99128.60302159982,31,1,0
74,96469.53259579602,530,36238.03129171295,3,0,0
38,95069.57666652571,694,45073.567028234706,39,1,1
21,139483.7105676803,451,95947.11592148189,0,1,0
67,108169.05089841005,801,61253.99373056997,8,0,0
50,113137.86076633335,805,22079.97920088998,6,1,0
44,97824.07858641764,685,69248.68616531354,26,1,0
24,198505.90298334125,832,21368.872022562664,2,0,0
23,186961.04278742758,747,34596.416623512734,21,0,0
80,75390.35408558678,425,23528.456146439803,15,0,0
32,40086.90645800009,788,25253.04137745038,7,0,0
35,171157.65032694853,745,1460.902575111443,4,1,1
49,199490.6452566304,769,88190.17438774573,29,1,0
73,72669.6009271362,648,30303.059032303587,27,0,0
28,84401.28665151793,807,9551.063572756653,26,1,0
37,189493.97266733652,756,9611.753162427765,21,1,0
41,148003.31324055616,684,56045.80936963426,29,0,0
32,73214.8997203345,747,99299.13450285977,36,1,1
65,124588.36843110471,414,15357.224259748971,6,1,0
24,189961.3242855661,751,10862.556314016287,29,0,0
38,166126.35925024014,418,44392.084159806975,12,1,0
59,153529.88847115875,392,56769.79413023875,21,0,0
43,152659.33611086404,820,30143.655528916104,10,1,0
61,52043.658372608654,837,30949.687158872774,4,1,0
73,168442.62306102857,732,43023.173683046,21,0,0
31,69701.35383982246,444,32100.415899909996,14,1,1
74,187465.9984222753,367,91617.82677328316,38,0,1
54,85635.19838248093,430,5153.502557772267,36,0,0
75,174378.87146760616,580,24222.44582715719,30,0,0
38,67922.02901320426,812,81046.7268265147,28,1,0
35,112614.84858480329,300,83561.85434183072,38,1,0
22,39239.3531880309,731,12043.952817455913,16,0,0
20,138821.40253931133,690,97402.58155125895,40,0,0
40,170494.2695300309,565,69642.13014001178,5,0,1
43,149320.51063443488,698,27986.712542375968,40,1,0
54,114186.53232895832,555,46147.748616631,16,0,1
41,28120.85814826271,694,30416.72333722875,33,1,1
66,188019.3812907545,473,15852.202735587518,22,0,0
36,146988.11874415423,344,29826.628410142603,29,1,1
68,154255.56290575993,440,58429.101811472225,12,1,0
42,163042.50359194528,838,82770.9997887114,29,1,0
38,154593.8166669699,349,36989.378414068146,19,1,0
29,99400.90953770006,360,35442.25251423633,5,1,1
74,152051.92927183042,542,47332.06940705094,30,1,0
78,132504.82180585922,568,64811.004396470285,18,0,0
58,173722.94006038157,439,75410.00998079861,5,0,1
50,164442.76676072666,456,33353.15097514791,33,0,1
67,27447.38884410678,575,59048.894314688754,27,1,1
70,88199.67625986895,330,39546.72328680736,12,1,1
21,26248.90739310102,307,71923.58518597521,9,1,0
80,38373.48645789763,332,17302.81713118506,40,0,0
59,128253.92996065004,751,26435.56164007831,6,1,0
74,177287.9278092056,748,43179.98156443223,17,0,0
24,41568.4565676681,336,89052.0642022154,21,0,1
39,101196.07174402967,333,57759.253145718336,13,0,0
72,183958.20286515987,754,96574.21577915976,35,1,0
50,166574.1770608858,743,11224.4908428273,7,0,0
34,113540.22136386739,536,46557.36595144255,11,0,1
41,158882.85907918957,511,42488.77447449304,39,1,0
78,114084.87932801666,439,60420.411464190875,32,0,0
78,48456.62071091278,660,81384.49626205025,23,0,0
51,42452.50037990224,603,84303.35453272297,38,0,0
45,53906.28177207256,595,67349.26626184532,13,1,1
75,83165.97709382231,451,64512.10006030981,4,1,0
60,187495.26818132336,522,94953.92466243594,18,1,1
58,163942.11445764825,495,38985.05276220404,2,1,0
56,97904.28102073715,598,83445.54810466034,0,0,1
39,108753.80776176332,828,92228.86898213712,39,1,1
66,67809.70237995467,787,49662.3851822545,40,1,0
34,146783.53216498342,510,73181.15528172674,36,0,1
51,164497.82086316685,531,38324.9658104197,32,0,1
23,63002.84522016378,666,16729.022405345,16,1,0
63,27527.892281563767,780,59063.8842657701,8,0,0
23,132300.0097693347,478,20450.693434103658,30,0,1
51,121252.18144435699,783,46302.31394958303,34,1,0
18,92383.60790519776,794,87415.05201950499,2,1,0
27,135900.9095191778,846,9515.80056880437,12,0,0
38,119110.39363732585,315,4012.425030800315,36,0,0
22,65104.6837869547,765,61041.306890806874,37,1,0
19,91591.21561209002,701,33775.071332894615,13,1,0
39,97060.4425545035,593,42375.83298566561,5,1,0
65,178444.63900560146,470,41165.348277174824,28,0,1
74,192962.7477432127,331,9575.402671946793,8,0,0
19,180740.24523136948,562,1353.076835279861,35,0,1
27,149452.04432935634,514,89943.90104356217,22,1,1
51,125298.69204904792,488,22562.05752947089,14,1,1
33,144067.09438387188,560,43181.82019456454,6,1,0
65,189039.65973188402,481,97220.65387043678,24,1,1
68,64999.77234028972,804,82849.49561638158,36,1,0
78,116321.69138121288,641,11685.154671007516,22,0,0
56,144129.44342007342,321,51343.38412964599,10,0,0
39,142264.46023836941,373,73277.82362300658,7,0,0
29,65410.21272383056,465,70140.88571492203,35,0,1
41,125611.67493015534,533,76323.34338804256,38,0,1
64,163264.36563562814,674,46288.01083391549,0,0,0
57,105514.21640904389,732,18416.370003697928,12,1,0
55,162793.6538057723,633,47022.37194801789,15,1,0
77,84778.86759581986,839,65140.83766815591,12,1,0
76,188976.8228894766,334,61250.616573911626,36,1,0
27,116107.11928983819,743,7981.683325072136,13,0,0
52,127270.63114267058,530,7430.290974136984,12,0,0
68,25645.082384825913,617,96560.52528436598,11,0,0
80,50648.44468314697,642,16028.740048937334,27,1,0
66,133928.09848478803,729,30151.78393716047,21,1,0
49,95576.66692080883,765,76995.81373346038,19,1,0
24,111469.48228247145,378,41558.03050649432,18,0,0
38,31334.85357206608,748,18965.020472743236,10,0,0
37,170144.34291386916,581,47256.00584866836,29,1,0
43,161211.0084133191,356,57326.04710557322,25,1,0
80,53363.715629932914,490,45823.89431852949,14,1,0
21,134179.28430632828,762,91975.6614717388,29,1,0
63,167296.7380977689,341,29185.230214850926,28,1,0
69,135353.744554808,785,66471.88390926743,31,1,0
39,75871.65715325208,472,12117.177419579873,29,0,0
32,138100.00708607008,549,39836.26030873863,15,1,1
73,57883.1145829782,809,74358.3319069124,35,0,0
57,77285.89951029576,801,23256.87711835708,17,0,0
38,63212.537559292155,492,59387.33351978685,40,1,1
32,120246.51843023718,464,16190.265891696972,38,0,1
39,39480.796417798745,389,11167.467444775737,27,1,1
69,187995.86846270095,357,52800.04214357922,18,1,0
45,80032.22365931602,562,67826.08861251683,10,1,1
31,59414.62287904424,542,12223.339557213862,16,1,0
44,109378.96644832962,518,91859.84898491859,20,0,0
78,69859.60732184889,308,23351.45400704922,36,0,1
58,116282.73554887598,729,12877.555507770701,33,1,0
57,82731.64696077538,312,21067.191926670843,32,0,0
75,43772.025938427345,524,17787.67319665235,28,1,0
45,67861.14356490716,366,9976.79041068195,3,1,1
43,98919.17209307454,802,79986.08424309203,31,1,0
66,25452.780766332613,483,50058.239699666985,10,1,0
80,158715.65486265716,507,39463.4245974896,25,1,0
19,131928.42162627482,827,95112.16477142918,17,0,0
42,128244.72931010376,599,37729.830319414286,31,0,0
73,118288.98773889788,540,17530.299878671747,26,0,0
79,126256.37101851233,754,28130.24630073303,15,1,0
20,188237.3514872997,829,24657.68682527105,9,1,1
25,21542.457945933325,543,50375.38667676718,33,0,1
61,28603.94773839487,537,29859.007271502822,32,0,1
50,54468.813787544415,545,52090.05604644982,9,1,1
59,50114.24839876701,644,67260.04906973211,25,1,1
69,52615.00270445288,783,77952.57978561253,24,1,0
52,140949.89945275703,609,71305.62034545586,1,1,0
23,102706.99418902976,583,21353.480929179736,25,0,1
56,198520.19810024477,337,12474.072205032624,19,0,0
69,60839.464664530075,331,54702.565751023845,2,1,0
40,75949.41818494903,542,20692.267329606373,31,0,0
42,197163.32902429684,591,9408.438455379814,0,0,1
76,169716.46534440445,591,53182.3399549623,23,1,1
67,104563.8597221359,681,33352.62432567175,32,0,0
60,119827.43939827815,437,75858.75218191187,37,1,0
36,171772.02571751128,499,32104.971424293384,34,0,1
22,106576.44428833904,634,97892.99656852556,16,1,0
68,57084.27024477518,746,76093.7959348101,32,1,0
28,169120.01693978938,647,6711.628927397352,10,0,0
73,116799.04842961581,577,51378.40129527134,22,1,1
29,47547.66748948784,831,56699.42962019693,37,1,0
27,111005.44961319157,698,69834.96835747817,31,1,0
25,94376.60850743458,690,50281.88290634206,18,1,0
41,177831.65573871645,309,48860.916243042746,11,0,0
77,42689.977644926614,848,37425.922556083664,27,1,0
45,177537.7648006446,358,27874.6770060182,1,0,1
58,112197.98302585124,387,94673.82098569672,9,0,1
53,92785.59739660658,758,32442.070293802823,18,0,0
54,49154.09319252926,403,7278.711133452736,27,1,1
38,146147.2332749623,403,17561.189190047815,7,0,0
25,186825.20763980728,553,85870.38696808768,22,1,1
72,87567.92370187756,634,59076.71245321501,29,1,1
26,63485.30012075002,762,78099.2743883295,27,1,0
64,119876.04505984827,848,81069.37306782974,12,0,0
32,163313.47071809665,600,82500.40748189625,36,1,0
65,20678.18501909595,640,55510.757066716265,11,0,0
63,133647.93855117727,791,18534.93897421138,9,1,0
57,127372.88012575355,383,15675.042471378032,16,1,0
35,77267.3934447488,558,57824.45761713613,0,0,0
59,101256.14064889467,659,37284.92101488196,21,1,1
77,64453.380349127765,386,56246.77588333097,14,1,0
37,162179.4328313317,727,50349.30657954861,15,0,0
23,134216.28800589938,666,60617.6098900573,19,0,0
29,115888.09196701735,642,4179.067282919968,9,0,0
19,90654.71571520889,646,4250.831382382212,25,0,0
24,72449.18948373178,395,72437.92191400236,22,0,1
33,168092.56748781767,554,20119.597138449266,16,1,0
20,101253.38067804242,435,65567.64775701358,33,1,0
62,110260.5355715011,547,55111.015168353995,40,0,0
20,113749.17149733349,798,98197.65266905772,21,0,0
44,100706.04837768376,785,83705.18200942317,3,1,0
67,66095.91672291627,701,41900.31761180359,6,0,0
60,41661.27924374936,711,62024.86918922333,4,1,0
57,37736.70809019332,747,12611.65626532173,30,0,0
55,156343.25420132396,546,39252.21825327572,18,1,1
50,60235.00801427205,720,73654.88636789756,3,1,0
45,30021.106691715606,423,62644.48682873671,21,0,1
18,163553.13320525948,559,48962.66111335843,2,0,1
72,47731.09751491663,468,18476.38130121424,22,1,1
25,132526.29651200373,410,80511.44668959692,3,1,0
54,80955.78886061537,589,28043.493836746115,23,0,0
49,42766.446204435706,312,82227.42908452904,13,0,0
77,94606.57626578478,562,61549.297216704355,40,1,1
65,22665.595003872524,322,37900.411366929955,2,1,1
60,171388.09685226085,499,5019.916974039159,20,1,0
54,112429.6330415343,541,24009.46559009331,25,0,1
21,45048.80196343313,538,89018.02162332823,0,0,0
47,62656.45731001725,602,81979.46004567602,29,0,0
23,100635.5345849348,464,57910.47798047569,3,0,0
63,53996.48890679876,475,47165.92393225057,13,0,1
71,68347.84907019546,328,65067.12525368081,17,1,1
36,116189.40156234737,834,47158.56465648685,11,1,0
49,169869.6223469094,593,64786.17923119489,37,0,1
26,92331.14342418574,776,31433.005866355634,35,1,0
29,149055.5492396387,682,84011.22457323603,15,1,0
28,177803.15842291672,595,70489.8714530614,0,1,0
63,58934.169253309155,633,33667.58721434149,2,1,0
72,165294.55467238883,547,83235.94536752068,38,1,0
33,156332.39569958494,540,49246.91055446471,34,0,0
18,84248.71363066431,405,18289.247609008686,14,1,0
80,198113.59271015608,422,8693.533738349139,37,0,0
62,67263.02685847227,334,70260.96901608481,15,0,0
72,65864.5878857052,715,86646.95961659306,16,1,0
70,159006.6496375756,626,80936.75687085983,33,1,1
38,98238.31724919516,594,65909.45199199303,9,1,0
47,79543.09906058779,731,14996.130504872037,10,1,0
30,52159.304961038535,646,10310.3635216887,27,0,0
51,157759.83756821792,336,35157.93267816081,26,1,0
21,161537.92510449386,811,85636.1781494781,37,0,0
45,121981.52058142528,834,96211.89076035976,17,0,0
55,192316.45037444713,317,24894.724629860055,29,1,0
75,77269.38867607777,326,76447.47138759028,12,0,0
48,59531.4281862807,835,57813.05247381337,15,0,0
76,141944.01840820315,328,4148.929340716331,1,0,0
72,156513.55534394685,416,54748.71864336104,19,1,1
44,60483.074699328026,431,80788.09989594617,11,0,0
22,33789.93756700038,588,28336.155551058626,28,1,1
42,165892.96758554695,535,89838.80077307564,7,0,0
20,195770.35525628223,341,24389.780280589053,37,0,0
50,136041.01149301117,459,8570.840131761377,19,1,0
21,70016.04202590094,424,16833.99163451684,34,0,0
42,199401.06953950258,559,83863.28400337092,38,1,0
37,180787.99452807393,575,42313.2859849133,30,0,0
51,112408.5163304529,512,79897.6107985441,15,0,0
43,168557.83127153007,772,53592.073037969916,22,1,0
79,166847.69418733404,730,48575.35335464871,33,0,1
79,188263.81454122992,379,80884.40199775407,31,1,0
22,171366.29187922282,527,42925.273559525216,16,0,0
52,135862.2624722896,394,80401.24037557046,23,1,0
78,129674.66941217132,723,10965.554331381114,34,0,0
45,104124.3118996901,815,63994.770738386396,22,1,0
46,132767.41519473633,464,70556.11859864648,7,1,0
26,163138.9855754689,725,90010.64221803252,22,1,0
69,194426.7727344596,341,23208.0679529033,20,0,0
55,104111.72447278161,702,60817.7681291923,18,1,0
67,123257.57653797627,715,43892.39980523308,30,0,0
23,100064.98911058072,599,38894.39389885887,6,1,0
36,140327.95177701273,354,11564.641965983788,23,1,0
77,133385.6907310267,635,14289.099728899282,7,1,0
61,23210.082234852194,729,83861.85768331698,12,0,0
74,117409.08063811852,633,75225.58980023063,2,1,0
28,35927.641225822525,705,38851.77189881895,33,0,0
19,24749.0512409969,329,83020.17155757346,12,1,1
64,162415.4891752457,834,8995.852297534266,31,1,0
61,66556.97518867409,816,62852.6177862837,34,1,0
61,81317.91391171387,520,86949.42921871455,20,0,0
26,31535.225768731918,793,84047.5588720937,0,1,0
38,52310.04688898311,552,37905.493234244124,1,0,1
41,157808.86728640262,620,74778.15145264192,25,1,0
51,108835.54944187176,338,43319.34640646788,2,0,1
39,178520.3232590267,764,84173.67827460499,23,0,1
20,91503.58366403033,710,53545.43306534728,25,1,0
29,68366.13243576829,711,76720.84786139907,7,1,0
45,82567.96660255716,791,8778.586646875501,36,0,0
47,148298.9228330428,737,59412.57118927742,7,0,0
43,119901.0210202075,778,55478.13356946453,17,0,0
65,182754.417359437,371,61387.695451780855,17,1,1
38,128390.378489999,519,69868.51918364342,11,0,0
45,108743.27752667056,303,91892.78803338006,35,1,0
73,161435.49029961193,589,78782.52609582708,39,1,1
43,190556.09313202015,679,22744.161152055567,1,0,0
79,84052.26402409471,654,82763.7306599175,19,0,0
50,64977.71782978598,379,13085.888083894468,2,0,0
38,130919.13133294505,365,62597.65998183189,39,0,0
52,109797.10780769857,435,88392.62701634837,33,0,0
69,198053.403475661,698,11011.08336727549,5,0,0
51,103225.12114659199,646,85119.5726777158,39,0,0
58,33379.67924486226,358,80063.45268879432,9,1,1
68,195926.43093997447,818,50873.767950068,23,0,0
64,171845.65020683722,536,31580.862627245006,17,0,0
35,52085.025912433404,378,41138.38457908284,32,0,0
75,182828.94556031647,414,96897.15543432096,38,1,1
28,81320.02774791402,761,20968.05805903279,6,1,0
74,87880.15721620001,425,58380.82449515963,28,0,0
40,183150.46682518866,799,9240.8340399897,18,1,0
65,115420.80170635675,401,22571.413354728047,37,0,0
39,44797.327291733534,473,76568.32241937754,38,0,0
34,86430.10868152473,751,30957.304995692193,24,0,0
22,149977.54032821854,391,98590.84098571072,16,1,0
61,51353.153852243006,684,50580.88726629016,36,1,0
28,126241.61553314458,504,52137.39320546654,2,1,0
47,145149.34392999503,662,4595.159194237791,23,1,0
32,81893.64359766428,797,95696.14820814933,17,1,1
44,144898.523967498,836,18249.110647557376,25,1,0
52,179157.32332927737,533,54295.71928223382,20,0,0
50,104981.01396198336,315,40171.78638591443,10,1,0
37,88923.67907236141,440,42142.885373715966,40,0,1
78,65208.51224449143,719,64686.71643757473,16,1,0
33,128756.98637539476,755,66546.77903215526,37,0,0
51,178373.36864696888,599,16274.57287095159,20,0,0
19,78439.02809333493,638,50459.07865906733,3,1,0
52,91322.39441671463,602,79257.26746504383,31,0,0
57,93192.5931589971,375,44885.36187167073,17,1,0
73,120946.22151995309,615,17414.64261183143,27,0,0
45,61113.61308213895,799,32008.477372512378,35,0,0
64,167998.00795538677,374,22025.57684640195,36,1,0
56,73208.40995075984,665,13455.92932356887,25,0,0
23,146965.28436140274,845,38380.53161610002,23,0,0
26,112378.83352031936,695,54552.68807660943,9,0,0
37,125461.56860349624,530,8202.401002386545,37,1,0
77,52329.572988914515,327,60778.513850590156,7,0,1
18,152304.1756720707,774,99309.41957679114,1,0,0
25,53951.6934276736,594,96448.36826998828,34,1,0
72,40425.25477293904,726,83088.17471791673,20,0,0
40,118402.30997998166,390,27367.7701674379,26,0,1
80,147673.48464517976,414,3218.3520514573624,22,1,1
20,29006.450558256212,458,83520.62858540226,31,0,1
21,32491.156689297575,557,6516.30296589261,25,0,0
75,164482.2492870654,672,21357.18006560627,6,1,0
42,165625.88591131975,389,54900.86832923166,32,1,0
64,64154.84907063461,597,18659.425875220713,16,1,0
55,130741.07650403664,330,83545.04479856555,7,0,1
32,99772.41352603871,657,77938.80992972308,16,0,0
80,133885.28745263233,769,75821.18106798772,17,0,0
38,175318.27113786052,427,81796.63397386008,35,0,1
52,34374.15642480617,569,22750.476246196595,38,0,0
74,160037.19667792178,797,73160.34523882519,22,0,0
70,108745.23881378707,712,36172.86875658471,11,0,1
70,121542.84987715936,508,67017.63119727155,22,0,0
63,137707.64480308164,605,13080.151134486303,32,0,0
69,186072.16684323933,490,70853.07142638697,27,0,1
31,30209.591639312814,656,97238.66506217718,22,1,0
53,25305.74338240058,756,5316.436166552909,6,0,0
29,52087.12066797922,748,10289.061215541391,1,1,0
34,197560.59068481257,367,13240.039966463373,0,0,0
56,148713.74612799962,766,43625.82658918882,3,1,0
26,130635.40142981034,659,29787.238308372314,7,1,0
52,28467.029614654624,686,80885.09520052868,28,1,0
77,178239.84030073366,427,47904.936680895196,17,0,1
30,166296.23359348872,784,48969.19692616669,36,0,0
32,139664.0078960753,543,71986.77203121001,30,1,0
35,81043.54678724648,318,36834.929271038825,5,0,0
68,32690.892002286317,695,35967.517494625885,23,1,1
50,124406.92782216605,528,75935.71237512057,40,0,1
23,149545.02286295075,667,78224.13283783972,14,1,0
76,36963.26308590454,357,2425.478480749132,39,1,0
44,134078.17876372926,580,15235.257108232568,11,1,0
40,71545.89221968854,401,22096.7199336995,13,1,1
76,157563.9598195661,347,35808.446407029754,26,1,1
44,117130.85310833066,358,29853.36025976335,36,0,0
51,43226.6218058786,460,67183.48479043937,12,0,0
73,114773.50059198248,402,82985.38814649286,37,1,0
63,91232.63540600936,711,20016.611253246392,37,0,0
55,52464.07429069735,482,56735.025999592894,2,0,0
31,171472.83033118217,716,37413.80885702257,15,1,0
53,21985.120729844515,415,51072.009629560125,11,0,1
70,76183.08983805907,698,62455.026336555995,13,0,1
25,22267.106870496817,736,89466.3820495191,33,1,0
79,37281.25037110749,617,20036.97411490079,30,0,0
52,73477.31945115459,549,9613.652118549975,38,1,1
36,29768.813370087246,746,63093.979985489896,4,1,1
47,127393.4958242854,796,40018.95402849002,11,0,0
80,35635.3234375129,642,17127.36663600587,25,1,1
31,146308.45413189713,726,12591.629568129625,16,0,0
76,29475.580272889,539,56332.06890052895,10,1,0
37,30675.601064197424,358,30746.58885829136,32,1,1
66,74958.66182598795,826,99745.21157901181,40,1,0
42,181382.87449446996,502,41184.181113740684,39,1,1
57,135450.78477019697,765,22016.374267753086,3,0,0
41,158623.6325472055,595,63256.0554666105,31,0,0
31,45479.379705879095,586,25181.234079360183,30,0,1
43,170142.57798450426,372,49914.51827988495,10,0,0
55,21466.32467496233,822,48775.04218837973,16,0,0
40,58350.323131941106,636,45902.20534185798,26,0,0
39,130896.61780699882,617,79812.48393068791,7,1,1
65,87544.35354692907,502,22444.687145152206,20,0,0
74,197154.81050934142,530,90526.42320197653,32,0,0
36,25461.064427297282,356,79342.7098181399,4,0,0
63,199747.67022857777,719,33979.11406008905,31,0,0
68,132253.0099150369,579,18879.648121733713,24,0,0
20,120567.25902729738,604,28673.967426167386,7,0,0
59,30712.239661515385,765,33930.98844399876,26,0,0
36,69199.19779986033,473,56136.38371189762,25,0,1
26,186439.28389248723,565,5590.448712551363,39,1,0
45,83764.28057406397,546,91521.55385535327,28,0,0
37,139097.57608410518,377,10768.810809449988,8,1,1
62,199909.3430753699,552,28648.06601590345,17,0,1
24,67352.54849003741,774,11819.456357343692,6,0,0
31,123694.55822260889,475,26410.609826040356,20,0,0
80,145358.80268639838,720,83929.70804227203,15,0,0
26,49632.90438177473,760,61902.405326940985,2,0,0
76,46761.06146531278,553,23504.999283858586,31,0,0
77,102135.4240984712,819,87304.09445013443,9,0,0
72,89446.25391667208,406,80270.49386262998,31,0,0
74,148558.7786343165,470,75611.27894983647,7,1,1
77,32511.578860745525,357,84915.63714018557,31,1,0
36,194989.9922733243,636,62345.3184703132,3,1,0
64,22569.856703449823,641,50642.298660912,28,0,1
69,128237.02838050721,589,38019.56759096755,11,0,1
31,121273.8672561299,383,23152.63802036214,36,0,0
73,44248.831556550635,416,56183.75410704259,35,1,0
55,47164.87688843536,833,89059.74222569475,18,1,0
70,162681.94780303282,518,59804.19711024017,36,0,1
78,179761.24251428296,401,92041.07931034303,30,1,0
53,70943.05385907853,755,36334.81958972319,25,1,0
57,98833.51351326231,825,69818.65928022227,5,0,0
34,83899.10738690363,565,65217.88177380148,28,1,0
47,33058.46233759734,586,67372.95056221145,16,1,1
26,141176.7642828457,440,64859.159211838465,19,0,1
50,168534.72826502423,705,22943.81281877456,9,1,0
73,74878.28433041729,592,15215.498930031748,5,0,0
69,198231.64285352928,330,97884.1973669738,31,0,0
42,33653.28031082389,470,5484.217755407619,1,1,1
31,139122.32848661375,654,47305.91221579876,9,0,0
28,100681.04261469601,504,43082.95139704433,36,1,0
70,100388.34219919806,777,36641.87686329255,26,1,0
52,102376.21088603725,590,78416.40150409425,40,0,0
58,66562.71928425712,410,74789.67854293907,18,1,0
76,148801.30891980184,367,90617.26742946409,40,0,1
31,149883.77469530483,672,40153.265092505295,15,1,1
47,70831.47981904887,495,56853.77326501651,19,0,0
58,170355.16295452105,425,89338.39768686994,35,0,1
21,77032.0898570594,561,99390.95822268305,4,0,1
76,150516.7623175776,454,96960.14187417013,17,0,0
21,41779.95815217195,407,72066.54325560469,7,0,0
45,50366.29570467422,722,15179.52822320778,12,0,0
25,76843.2160114852,334,3295.4151675096327,40,0,0
19,126897.27818021507,343,82696.61728389125,9,0,1
58,136192.06738616587,715,84253.26042469071,35,1,0
78,91344.11095414548,584,74889.72991808348,18,1,1
63,34011.047559892526,746,28712.425113922793,30,1,1
39,87254.23737669038,817,64341.96810025414,35,1,0
58,143978.15287264728,326,32308.59573971215,28,1,0
73,140779.18300345686,526,45614.176363991544,22,1,0
80,48835.354376979696,724,38861.07341307054,31,1,0
80,21401.114648414088,667,91450.3685922155,10,1,1
72,155536.69111330103,609,24181.57574364368,1,0,0
33,39146.26994934387,404,58183.47955280127,31,1,1
46,34822.84591357139,317,36737.17137435206,4,1,1
79,20486.219030149423,504,66644.04007950836,30,1,1
66,97868.23867224691,342,56891.75097657002,12,1,1
65,110587.5021621466,388,92473.79045522811,21,0,0
47,134779.52830674633,456,11059.603018420104,34,0,1
29,73291.49132826546,565,22843.443135919577,18,1,0
52,147876.4489496204,433,76868.44841927453,28,1,0
28,50479.73433324948,763,37509.897149589495,22,0,0
63,169758.20955986253,431,17412.594836643668,18,0,0
67,122932.6992002802,333,50828.804665293384,15,0,0
38,125100.16820696872,382,65562.06409952723,30,1,0
80,57759.57448023946,431,5437.844701196361,15,0,1
38,33339.574874069884,727,29870.567047377026,25,0,0
22,103650.46455452086,503,81132.83123190825,2,0,1
65,130810.1513460246,635,52504.21209440923,22,0,0
37,37108.36255910341,796,4502.542302158679,8,0,1
54,191096.20541507,741,28913.149522195385,23,0,0
20,196474.58484190522,557,64274.924941962716,32,1,1
61,118182.20517064855,591,20736.58748822445,13,1,1
50,191012.44794921312,424,82911.74921572201,27,0,1
70,52300.14276455355,474,67981.01480128276,23,0,0
78,24575.723332314483,791,47666.527033831524,6,0,0
26,27093.71635227019,379,91646.7543256117,37,1,1
78,125752.24629682023,604,39788.27632154151,24,1,1
26,31095.539018628235,809,24272.26764584444,1,1,1
21,192538.20922833568,643,66478.89626014339,0,1,0
52,45547.97793669174,390,57756.223559544705,22,0,1
34,74850.10508953615,468,34189.542192191286,39,1,0
51,168053.2043597027,633,35022.791571073736,17,0,0
41,59373.25815873675,535,40422.82055477607,7,0,1
49,63734.32252182271,698,29822.71818045756,33,0,0
18,135615.6120423833,776,71313.89922973132,7,0,0
25,69695.49592806722,834,65484.48210006933,28,0,0
62,59140.57412138605,387,44636.98760209287,12,0,0
40,65751.98857501836,552,40387.61290214448,0,0,1
64,108316.54988133082,657,37140.07566661081,28,0,0
57,193897.97709166678,357,29063.3638178331,36,1,0
29,169802.8294810211,698,9483.969652548878,0,0,0
71,71229.84762083189,820,27552.263866727553,4,1,0
29,85407.1775296576,824,32798.93352061344,1,0,1
63,103612.20509073393,716,55220.716620268984,21,0,0
64,196207.33646305828,692,77605.06239872692,29,0,0
32,51030.28430042883,521,40174.51233856913,10,0,1
58,84346.95862853891,628,94530.93367935708,28,0,0
36,151296.6969168887,671,82907.64638067508,2,1,0
43,193509.87216840978,810,98495.38294049077,12,0,1
69,48021.53829756279,452,87744.10106310669,2,1,1
46,60928.391754982236,779,62055.86898162854,9,0,0
39,60625.04139027744,319,60249.44949385517,3,1,0
57,23767.76530857323,527,13823.086548667487,13,1,0
38,128740.81249657091,645,72517.5256402652,22,1,0
68,140726.5533462609,318,60420.47890167446,16,0,0
55,128454.6602225456,743,51186.27823620249,0,1,0
37,32838.13809430658,667,69635.40038317157,14,1,0
74,32461.422634213704,446,44960.73644096137,1,0,0
46,57869.579808942326,803,52862.10657842033,17,0,1
68,72253.01282580463,729,40436.878175522375,38,0,0
21,161577.85806380853,739,72019.7184436983,21,1,0
72,48690.24783480581,497,87784.48608424093,27,0,0
24,27936.598951555785,586,84243.64897412766,29,0,0
45,90917.75138834992,668,78816.50193289742,12,1,0
45,94950.59062554565,539,2364.9827499105404,2,0,0
21,101163.32087401176,586,91276.16592386848,2,0,1
39,168842.63792485432,694,28212.696351616,25,0,1
29,37640.97467676951,817,88909.42035337423,3,0,0
62,146709.5748359532,359,20499.842205848276,15,1,1
20,80830.20278815234,844,44524.92939104899,27,0,0
39,75796.42455838459,602,75190.48063836446,7,1,0
61,187857.76269547638,543,64387.615582440085,39,0,0
19,64724.33439501357,506,42176.27186491356,15,1,0
41,135655.73036108594,674,68183.76181728755,30,1,0
51,69522.99632769657,582,55346.00149461731,22,0,0
44,111285.89887526933,777,28297.894356917695,1,0,0
72,161532.72066733002,321,64986.615104216835,8,0,0
58,178710.0542329269,648,21220.461548107814,26,1,0
18,170965.50325310905,788,69704.84014165738,21,1,0
25,124792.53250603518,557,1307.9768847010375,33,0,1
40,64786.93676087998,346,55328.4788624152,8,1,0
55,139022.00898713584,326,40705.69512805796,32,0,0
23,147782.90824032945,326,31007.273606392784,37,0,0
39,21924.558220430255,696,52055.08875622912,33,0,0
42,99057.89196773742,444,64885.85162105292,34,0,1
35,171787.16770791757,821,96565.91435513302,25,1,0
34,108125.76732374853,420,83473.38449892167,6,0,0
78,76047.5795893978,761,71997.83842529726,26,1,0
29,176923.5987844393,681,48417.724256235495,11,0,0
23,48058.52555536503,717,39822.26784677107,16,0,0
43,57160.14183491607,626,4220.435804013724,20,1,0
44,143727.026048504,690,36550.59340284577,21,1,0
25,83438.46947478349,596,84989.33672858904,25,0,0
36,148343.0304320802,383,39018.433615652706,38,0,0
77,48386.65182670854,445,46696.914907152495,12,1,1
59,65408.436128152265,470,27911.60797846557,22,1,0
18,48196.52810545403,633,28139.143122523306,29,1,1
74,191523.85644143174,723,7125.304328283091,16,0,0
46,92972.71295316634,608,61766.58863636028,26,0,0
62,80699.58378384067,825,45358.87090148929,19,0,0
66,22556.388110737647,646,60990.119941588666,6,0,0
52,47615.16429395974,601,55141.80310285642,3,1,0
57,95804.4541236499,646,80085.61414242031,30,1,0
31,32330.502662940933,707,75350.1793188358,29,1,0
52,111933.07931111904,432,77373.93146065006,30,1,0
65,101902.7789236006,405,50424.66168722588,3,1,0
62,158090.26526198335,470,36034.25378403912,17,1,1
37,138764.486252057,549,93410.22246276232,19,0,1
73,100270.51495770329,843,6372.707597938841,39,0,0
66,60438.92601891286,561,16109.509477172802,39,1,1
30,150835.44188320515,793,42540.31012548733,22,1,1
78,147415.17862175676,543,61781.8076042331,37,0,0
55,47593.30889276974,750,1811.837105865443,8,1,0
66,184655.3296565725,589,72212.95911180305,15,0,0
63,31592.92088270777,562,56313.92773620156,20,0,1
66,29906.787600688913,613,48985.5731090156,8,1,1
79,53723.07517923686,384,42926.00884395895,24,1,1
25,183702.94364877883,714,52429.21614232183,35,0,1
60,113599.66232664592,628,17016.78771369301,13,0,0
37,161829.365721122,344,11762.46218842127,16,1,0
77,61011.77385377011,632,29674.110396432003,27,0,1
50,108239.95543767336,764,71240.97440654715,40,1,1
43,84492.1034522988,499,59240.50049971414,7,0,1
56,169009.14927191468,500,48532.17874428225,13,1,0
38,24068.799084660794,628,57580.575623700075,14,0,0
70,63891.69139389896,539,56366.54329089497,38,1,1
66,47463.36037442818,658,31397.15062350261,24,1,0
79,174654.02696988248,659,10648.138777227858,10,1,0
59,104157.89294487784,677,89781.45449764201,28,1,0
60,92759.60790077891,684,60391.214999767544,2,1,0
71,100906.89717819437,764,70077.05196840431,38,0,0
79,194946.41912642034,521,46935.72521232856,21,0,1
58,173048.13098046635,664,75891.5774176797,36,1,0
26,147146.37893305536,371,58865.22913388805,40,0,1
41,72286.21266018583,539,6326.311087621833,19,0,0
54,49731.1399133206,803,89119.60650397542,18,1,0
66,185858.0532244016,713,31248.0785320008,12,0,0
58,96153.59410336691,426,14651.186964712213,26,0,0
34,70176.04390435325,786,9716.059762727262,18,0,0
41,104765.74875517438,826,72323.59107036897,15,1,0
38,185212.53610766339,547,70692.86831363162,1,0,0
68,89672.11641043278,781,70316.05035651379,0,0,0
76,121275.3795046579,611,91659.52449547502,2,1,0
56,164533.93419954204,743,35545.359177767496,23,0,0
72,96883.85558871042,582,56552.1725795334,37,1,0
58,62037.52434674629,301,62330.062716440596,1,0,0
56,199014.63470894602,373,97968.7010280798,15,1,0
30,192182.75434138873,363,31922.26822814059,28,1,0
28,171826.2504425925,646,95676.7887904901,36,1,0
63,143907.29828946607,623,15724.698975155756,3,0,0
36,73075.81305254545,538,76636.14414675636,13,1,0
28,184414.32886952575,696,63655.70410202086,16,0,0
30,69600.20062182118,636,81872.70768992676,16,0,0
80,164145.70904182986,640,3839.871790344867,19,0,1
63,185286.47022943513,578,8734.973250966526,28,0,0
62,128540.69127738407,652,7899.882177345439,40,1,1
18,164550.1192204122,762,59702.98609423149,25,1,0
57,162505.1178563144,761,60690.67068997826,37,1,0
61,54768.39520177638,592,90704.38404614264,16,0,0
36,140226.40524729522,706,47292.74793732605,11,1,1
29,36824.22864279984,461,7736.85644549143,27,0,1
25,111413.02576474664,802,21743.410760629027,8,0,1
25,49202.39866530395,747,1799.2363869664478,31,1,0
78,94942.9097833577,754,77894.7379877121,33,1,0
70,169936.77344571878,564,81744.34425119667,15,0,0
62,197690.2111334368,431,99796.10121212946,30,0,1
29,77232.7696987312,419,41807.25045625634,26,1,1
78,115752.02578097179,518,2910.539164757659,28,1,0
65,112033.64438668794,716,24238.25826754685,0,1,1
50,191792.27176959187,804,59189.117898666285,26,0,0
62,106145.07183789923,599,96232.3537382209,31,0,0
43,145839.11697194562,408,11254.276595608637,10,1,0
56,185922.0619595347,537,13035.728995913536,34,0,0
45,87208.14071663121,592,70474.13954261536,1,0,1
75,182382.00288416978,486,67053.4984471334,0,1,0
22,185142.11994038243,335,25800.129175871476,5,1,1
25,187519.25071408352,555,81501.33431043738,6,0,1
42,68680.31338485675,734,13749.096792268858,1,0,0
44,92064.00696859253,307,92648.44263289923,1,1,1
63,176671.26348062634,477,20902.16110290972,4,1,0
40,84649.12837047537,541,9053.884899577493,12,1,0
47,128045.54592803092,340,34612.68656091161,18,1,1
62,41249.81130680935,656,19596.287564919952,18,1,1
64,30129.497860023337,412,53167.18127856726,0,0,1
40,94158.91810859107,465,68997.80719980088,34,1,1
66,124204.97586668914,803,49601.23626935083,17,1,0
64,90685.84040460945,377,66400.1258492868,31,0,0
37,123992.43862895155,495,37127.13092559846,31,1,1
35,112715.18771092131,701,3764.337126625359,7,0,0
35,143427.30127149366,363,97432.34829828975,10,1,1
19,136915.83759177016,724,82121.93694945954,19,0,0
21,96364.22657718441,341,8268.46358437818,7,0,0
47,96499.14327557539,672,45468.46321947711,27,1,0
50,45340.10120220176,605,63866.887937115585,20,1,0
80,112382.94297736265,508,19868.83278669115,37,0,1
53,125692.2430644254,766,58220.872524914375,37,0,0
35,105768.09152368872,603,53831.21319365102,5,1,0
54,78627.32031565982,691,21618.25366493577,1,0,0
36,149896.73796531244,452,14979.820618467873,9,0,0
64,33439.096036140334,661,76137.26667224511,8,0,1
45,184599.2665557285,563,32936.05816881374,2,1,0
57,23715.81911824279,515,25160.01285038209,1,0,0
37,193223.02401889002,842,74049.95692779288,35,1,0
66,103224.00816823923,823,73870.80051027522,7,0,0
50,94280.58992063742,493,28363.763977286686,8,0,1
29,66159.92314337386,326,87384.27766393352,25,1,1
75,21812.80426981097,345,69136.76634216189,33,1,1
68,69462.24759592395,357,35230.65756433227,29,1,0
32,39691.98658286011,312,43321.47536828123,37,0,0
58,138767.75168481102,348,72944.25890713117,7,0,1
56,77433.49501773072,393,21946.799456653705,2,1,0
19,158092.27911265907,750,47407.318455047185,10,0,0
80,57244.91372230105,678,65702.27588355186,24,1,0
46,182042.2743377797,309,54410.356252862606,4,0,1
58,114136.67271904986,815,61224.506244544835,11,1,0
27,40611.115364416655,523,55075.03744820118,29,1,0
19,92152.14241762621,680,20723.516935211992,26,0,0
68,57216.894332557094,840,41610.329152289516,4,1,0
28,55943.376710272256,601,53666.564052277026,19,1,0
30,111146.5527773976,502,78226.21149224867,20,1,0
27,140940.56281454707,495,65736.5194797847,2,1,1
31,184091.27699061707,621,43232.50357340754,40,1,0
35,110389.16193745761,717,97465.58338375541,3,0,0
68,193850.97951049943,641,11671.756646292792,23,1,0
71,189494.27337320638,688,21473.68198694187,6,0,0
26,175711.25539718487,308,34789.948393134735,23,1,0
74,109995.90769323535,831,23628.635621803107,10,0,0
56,45362.70986383704,448,62918.75768379512,1,1,1
45,59222.804566769286,682,4915.52220428927,40,0,0
20,136580.60048815561,828,18566.241643068177,5,1,0
37,95915.8964511553,311,30041.376528201832,6,1,0
23,46424.29371571935,775,68651.23173285233,37,0,0
44,106218.90805507588,352,87710.62337553168,17,0,0
70,23137.498190368267,735,80050.68528475238,8,0,1
19,152101.16676192678,505,19026.01239177523,27,1,1
46,33244.63300814436,353,56975.17008566584,18,0,1
55,133240.4515841814,789,3972.2418891240363,3,1,1
20,162741.8553726079,643,31743.140759933256,3,0,0
33,43875.897401713795,468,80792.39568800434,12,1,1
47,113354.96431988226,460,46209.905660590615,27,1,0
57,160232.15258470454,826,15844.190905307622,10,0,0
19,66914.02185626025,826,44416.78476734296,1,1,0
34,49324.98674029144,586,20605.2596207606,5,1,1
58,80627.43997414224,711,39925.954328532316,11,0,0
79,119845.85178499685,821,49295.5138020365,39,0,0
29,123550.327073855,498,35606.25313859181,36,0,1
52,43557.74002238366,460,93759.92609295223,23,0,1
60,102362.3925813149,688,56690.49945808182,8,0,0
18,68290.79519710781,773,84446.37472074278,25,1,0
72,171564.35925169114,680,76312.12615850245,3,1,0
62,76443.52377152554,423,66455.46461750988,40,1,1
32,170966.8144160947,371,50191.98608195564,3,1,1
43,97141.63026832258,467,1215.2045943771627,33,0,0
54,150785.4378487616,583,61733.2924546563,21,0,1
38,111810.84113794586,793,36239.78784724727,12,1,0
79,131953.27234357578,335,12658.45451333056,14,1,1
66,91164.17195504897,474,45018.000097595694,39,1,0
80,158277.21820534833,498,73819.77890604717,37,1,0
48,96534.0890432585,415,96206.1016751717,40,1,1
42,102343.09638544793,614,38036.38422108612,1,0,0
40,113182.1602815723,519,54729.6065717927,1,1,0
41,169728.34130947702,433,85273.19395299492,7,1,1
74,138688.20714826367,421,34065.942575051464,37,1,1
55,82848.86958183497,720,15083.467252110722,17,1,0
45,140657.5341166777,791,28906.301292036216,28,0,0
38,135636.7831415439,588,90013.16015103042,10,0,0
71,187583.4696583468,352,16779.91773772194,5,1,1
60,171454.958484563,504,33592.885039671426,8,1,0
35,136540.44627522468,647,46999.39073953372,21,0,0
53,81471.27992312785,350,84864.20912560108,24,0,1
52,160323.7607950285,339,93833.6150816445,30,0,0
62,123537.49275130418,549,43155.22065369223,20,1,0
72,197348.59785816228,517,93263.45078699804,37,1,0
26,64551.10314256472,478,16984.4503909177,18,1,1
70,34338.05136755965,850,16528.37689774067,9,1,0
55,32580.52613983058,482,94975.83114384499,36,1,1
75,135205.46990330247,463,51458.33321930479,11,1,0
47,189066.8412040743,676,19404.87570004144,18,1,0
77,20347.744572470932,796,49311.04668698062,1,1,0
61,150638.78845239992,760,78537.9043825261,14,1,0
51,138271.73285593017,773,82865.11620662884,37,1,0
49,151814.75459950385,336,86532.95640827499,7,1,0
20,83972.9732172204,618,57387.519405654435,34,0,0
20,167689.36003841393,711,86827.65542242015,37,0,0
45,28047.24765539515,655,51492.99067152221,29,1,0
61,155977.59811196497,528,61098.93033671666,8,1,0
32,68072.94944283579,563,76113.26042489288,29,1,0
58,105830.79947445288,786,43118.093978340345,18,0,0
80,168074.52888029968,651,8284.567226738702,28,1,0
40,68844.62633440466,741,35666.46932891206,1,1,1
57,53337.352095900824,758,62770.477462800074,27,1,0
28,142636.37336261914,324,20040.90459430821,7,0,1
65,116011.08047122482,430,15690.150986464365,24,1,1
49,112592.69637431321,669,30014.973914552324,9,0,0
75,66218.51279682436,735,4179.034765504314,21,1,0
76,26278.455047604977,523,74598.86691060505,34,0,1
74,93848.44489970904,651,26612.84461664554,23,0,0
71,39180.706484198236,784,13299.601267023352,25,1,0
53,183078.04711685638,496,70213.81218038009,30,1,1
77,27425.058224911496,408,84449.87324178549,22,0,0
50,97697.15375318866,519,2967.6839903160662,1,1,0
41,29404.205066149018,618,24126.37730338126,38,0,1
56,37197.89742165794,381,94578.00016208876,32,0,0
51,138596.00004596397,836,39140.15945734475,23,1,0
73,136480.026975337,731,93920.61427481119,11,0,0
45,25949.39507829916,307,28147.041298697062,36,0,0
54,20203.665521756637,448,22588.695921621267,8,0,0
24,34187.25390370112,397,22196.73276107159,2,1,0
21,157339.8015881496,400,9437.637382068888,22,1,0
54,125223.76509527129,666,89746.79656240344,23,0,0
73,26861.28413392849,761,98003.66724065722,32,1,1
18,107857.46285710891,713,95496.37191989215,29,1,0
18,148165.28426980122,558,85350.78584290012,37,1,1
64,176411.25102814514,655,84841.90285744655,1,0,0
37,188126.5683186219,310,66447.46124972978,39,1,0
36,78939.301331732,715,82795.15748311074,21,1,0
46,44449.83711438783,549,21625.894069961727,10,1,0
27,62646.66573166054,849,39403.35040832572,11,0,0
77,159710.86856724028,421,64442.79303618004,18,1,1
35,194867.15870761592,364,87602.36192359804,19,1,0
45,103950.8511248685,601,66386.47677450959,8,0,0
52,74963.57843860216,424,84063.17387508639,17,1,0
60,97254.3047528062,611,47921.002069080445,40,1,0
64,74866.36603612383,490,72013.07003279938,17,1,0
48,66167.75417728777,749,98018.09983113359,39,0,0
44,126875.13543329232,458,16195.367155846016,35,1,0
79,22832.476467237993,652,92765.1485392731,26,0,1
28,66719.40475969788,562,52714.03083634837,12,1,0
66,139048.77401209803,705,64678.58504227574,7,0,0
66,25771.285335224904,316,87909.03168414076,22,1,1
55,34976.3269716083,559,41555.763082679376,12,0,1
22,72811.30606144125,654,42450.56491411501,6,0,0
25,178004.86374961727,788,53191.00179836294,39,1,0
51,157679.50882975332,513,2891.1063651882073,1,0,1
65,23988.193294923833,538,50169.95191339173,2,1,0
69,110308.30700392854,479,29817.639234428803,38,0,0
73,69443.748917735,718,92867.46405678635,22,1,0
29,136756.21863117133,442,9685.7945765501,6,0,1
55,149879.69886682302,616,46472.72573996038,3,1,0
18,175315.26388327085,543,94799.34886735873,7,0,0
48,105574.92267872256,531,90202.48978152928,31,0,0
21,199001.0159382052,602,70433.49579508047,18,1,1
66,196397.49931167968,630,59346.744147611396,11,1,0
62,178790.01040478598,547,28792.362776151174,9,0,1
67,123476.50912845276,582,37328.75416249302,13,0,0
22,91641.1587506867,586,9923.351610658598,26,0,0
47,85589.53582516129,331,78824.72147806553,20,0,0
73,22182.45501579407,799,33063.10702247736,19,1,0
41,64851.409503625975,829,67110.40800399052,3,1,0
76,149385.4822908496,680,36401.88294266273,18,0,0
20,128653.77798075198,362,46968.71369823001,28,1,1
28,184955.99405015603,427,55945.2447652631,6,1,1
62,29004.008044980415,827,80383.38843066976,32,0,0
21,47949.78857191951,462,21904.481376527357,7,0,1
43,162063.88208338342,550,40477.773296155785,10,0,0
44,84531.37361516009,594,13878.07561728994,32,1,1
63,41302.16006921802,478,8500.28998720467,24,1,0
71,199361.09091801604,528,60862.761260710395,32,0,0
60,161705.05448048533,693,19720.013391531364,35,0,0
44,93573.38661646206,695,6920.134850683783,25,0,0
59,168202.54585030527,371,89812.69518943415,35,1,1
68,142508.6966214476,617,53897.12755875419,10,0,0
67,162195.45672257,678,14328.19253289548,29,1,0
23,166737.14796181698,435,6289.186617307421,32,1,0
76,35251.162992257225,677,12866.145287951957,9,1,0
78,132135.11978385723,418,47662.38679174079,28,0,1
32,21221.399535828965,829,67178.06026172088,24,1,1
70,27822.124334210712,822,64486.72742361851,31,1,1
47,182716.40163005135,686,15297.885540185353,3,1,0
59,114961.469844225,568,63715.40623193317,38,0,0
54,152462.35745633446,823,41081.69679754234,33,0,0
75,170930.17827976626,846,47009.63464564704,21,1,0
78,190925.61816162532,785,80341.6102182864,12,1,0
54,176483.51262610327,737,33917.437895284194,35,1,0
59,106996.0607655129,410,15552.905669172023,5,1,0
77,80474.65532849207,621,87471.8602230677,16,1,0
54,47808.782517086875,826,22000.92701076746,25,0,0
52,92057.8668477104,476,30108.95718490963,23,1,1
40,85968.84424900942,850,70952.41583135961,8,0,0
23,120723.4715520572,837,68671.48138870312,1,0,0
21,139791.69357629842,772,80239.60210709904,19,1,0
35,196098.58576010854,687,19202.797503346166,26,1,1
77,151109.51349813186,397,35875.709438106125,5,1,0
26,135874.7358397262,710,13462.440656669847,26,0,0
66,80316.63816830167,674,54562.87556969182,23,1,0
46,26210.697769698676,469,29964.48866133142,14,0,0
30,71862.52319384452,355,69204.6284598477,32,1,0
76,158320.6220827312,624,1034.0924304695661,9,1,1
64,56948.94934468431,559,6908.616847498346,20,0,0
79,148193.87486134062,639,43823.469751414996,5,1,0
69,124360.37166249486,703,95860.23144158129,29,0,0
34,50934.23655508368,831,89194.28734855911,22,1,0
62,67092.46513252938,473,99406.89377813633,35,0,0
49,109334.64862756577,837,42266.19226154044,2,0,0
65,95307.44691941254,459,5610.2801411014025,25,1,1
39,160141.4925584167,309,31289.658059956477,33,1,1
21,152192.83565778445,555,67901.3143652212,29,1,1
22,123423.41062514308,643,14381.217166974111,17,0,1
54,168009.44806512655,835,30697.2456972401,16,1,0
58,121280.51732317555,672,6560.450289941009,20,1,0
66,193590.06619830683,734,48021.73680063319,23,1,0
30,59100.337847194656,345,21683.147091813706,3,0,0
51,148543.7588483875,354,10033.554663001232,24,0,0
62,86589.94376980423,377,41710.365138765424,23,0,0
39,70213.9149956349,790,35771.31503304134,26,1,0
70,52469.74567418832,571,54214.25595760374,30,0,1
76,119450.62572707789,849,75154.82687605027,34,0,0
40,58784.497894858025,410,12144.304906224017,19,1,0
68,56063.153260713065,314,79321.43343079084,15,1,0
20,198295.74291508723,377,3602.7080076428315,30,1,0
59,164314.53503223695,800,44867.08834708893,6,1,0
51,154689.82764578756,717,59155.598401702315,17,0,0
49,162930.9126588959,574,95742.86864083997,7,0,0
62,194406.11726937364,793,57818.37966009532,26,0,0
68,123189.80397557662,496,16716.17013386747,13,0,0
75,59643.8979325149,675,52236.63872904701,17,1,1
66,175197.735335583,362,40182.6107719502,0,0,0
38,153691.53130173622,660,48456.20119242412,30,1,0
63,94575.49622015115,843,20512.604451249637,19,1,0
80,105242.50974343634,409,50581.87718881591,5,0,1
61,94025.43172619643,493,15853.936664796807,0,1,1
38,187389.58884122074,818,74660.26498839611,18,1,1
61,81835.69006969294,758,59796.71976233419,38,1,0
28,193427.17015811105,600,8774.241467586548,26,1,0
56,183848.91882571098,795,89071.832324969,15,1,1
21,133493.8056046712,448,62021.580856948196,13,0,0
68,124367.91915801344,760,32294.598457655313,33,1,0
18,86616.07041259475,438,5518.59755320372,6,0,0
45,23300.910021916978,591,63590.44288139167,19,1,0
80,42972.17352279559,634,37970.58587348535,30,1,0
41,155761.63820291875,483,90854.19238297027,21,0,1
78,104877.22278586974,606,4452.905438703281,19,0,0
52,46970.864153834256,561,4871.14109888209,14,1,0
30,67512.95374373678,609,94980.6294037866,24,0,0
64,190610.64197245994,643,96522.52062227111,0,0,0
51,86083.91035584772,723,3746.4804504912213,16,0,0
28,183382.75013944763,813,71887.29025919143,15,1,0
53,74834.44981284381,823,22927.990380555206,36,0,0
68,117779.61698608896,560,70437.88386232118,20,0,0
78,23685.87500519562,661,87004.54686914038,26,0,1
34,113937.51986724384,468,10982.316407365264,34,1,0
52,134649.56190991343,499,24637.87525944216,23,0,0
77,62174.917880692024,684,3383.689164322988,1,0,0
35,124208.69171696425,611,5339.154698999639,24,1,0
57,136490.19896917738,611,3932.1679635596442,18,0,0
39,143639.49410871617,694,80267.55328621503,12,1,0
74,159752.59796397857,650,30530.97516464689,28,1,0
41,76041.06372729497,327,49827.93251762692,31,1,0
75,122199.85215773807,432,78996.58209610461,5,0,0
36,196684.225357627,679,49999.42260796509,8,0,0
54,181665.95071972828,827,43490.410199835016,0,1,0
56,191479.77705770597,586,2145.747442456422,23,0,1
38,89504.55173514286,583,57235.91075113886,9,0,1
25,161647.0590613991,526,13349.564735571554,34,1,0
45,131581.6313168626,726,76700.1758383116,5,0,0
22,34892.3149512034,326,26516.034657686938,19,0,0
34,168316.47004827176,631,67744.55367005685,37,0,0
54,141878.22974432562,416,64976.12925464326,11,0,0
53,55805.124712748024,388,62050.88469007199,2,1,0
71,34352.94033730304,421,27428.248746182067,17,0,0
36,170663.98351669952,332,27441.887940381246,20,1,0
80,34202.32930841619,697,86441.75630069166,34,1,0
44,36443.69576595859,824,2267.9259304122725,36,1,0
70,96933.49182277675,323,18970.740711941835,18,0,0
51,44263.609115505875,624,61406.92084655652,24,1,0
28,184460.52753968947,333,81887.57918591381,17,0,0
71,104651.10852738262,546,36476.205358613006,39,1,0
62,122447.17651782287,318,65690.90240246922,29,0,0
64,187059.09610605575,329,56158.485542403396,33,1,0
29,115447.38061490275,348,7389.470343721505,9,1,1
71,83646.40627231734,479,62553.26949613713,21,1,0
38,163487.91904684974,669,81576.44375497685,3,1,0
71,99713.03554553793,694,99252.38370964152,2,1,0
28,77324.49660841498,795,3934.367192520563,27,1,0
56,150181.30254899623,730,66345.75908580294,21,1,0
45,164289.02179034776,506,42040.40576164825,11,1,1
22,162508.91016516887,334,1969.000981914323,12,1,1
34,195981.39454316738,712,61821.73342714262,40,0,0
73,161600.05079749328,663,13120.302557007915,32,0,1
37,158588.01847076352,609,38478.118168724526,18,0,0
58,174347.34567251964,578,26875.342156351828,40,1,1
63,20033.335153179705,451,36755.17682483883,16,0,0
75,85237.65401379872,526,49776.86256859401,33,1,0
29,152768.55728619598,542,36561.74371646193,3,0,1
23,127949.42199984993,309,55720.45518836438,38,0,0
34,51962.96047369118,691,24626.31933305252,7,1,0
68,74671.95603593817,347,63900.814975409776,32,0,0
36,80622.66999477922,503,85522.53740836048,0,1,1
43,122209.06001101689,456,23182.637644606028,4,0,0
65,169687.69335939374,325,51279.844369706625,31,0,1
61,187848.52035998236,720,65220.28867043898,39,0,0
61,155016.63431365503,563,56897.98699012819,0,1,1
69,171731.07023182578,828,37199.29517303037,34,0,0
49,104617.2725212729,769,64577.771092569084,21,1,0
23,90159.55753201174,553,3796.3744147975467,28,0,0
80,90687.53578595906,845,37620.71696764687,16,0,1
72,130886.93510119227,446,53728.60924945931,29,1,0
75,42362.607000045624,625,3040.702724750603,34,1,0
53,124308.95290224702,637,51257.23413874568,0,0,1
55,139723.9148330706,417,65771.1916157972,3,0,0
28,99003.57323712298,464,76161.56207359146,8,1,1
50,191570.09181881012,849,12224.03405953361,31,1,0
79,129478.38902832354,497,99065.92261427779,4,0,0
41,59599.90500259253,673,61010.60243217446,13,1,0
40,106258.92633803292,428,36956.18546862067,25,0,1
32,141572.7986843529,713,25660.192591214665,22,1,0
44,78253.24242448622,679,57716.789306658044,21,1,1
28,34335.48913202417,300,88289.45306949051,26,0,0
74,125018.4142479593,466,52535.97421799511,24,0,0
68,190616.6303515424,315,66485.73350489108,35,0,0
67,107312.95740137128,411,36411.94751451546,3,0,0
34,183099.63451646682,667,39427.07652080829,31,1,0
68,170304.24590690492,401,29331.335471417307,8,1,0
70,46534.30105411701,705,70858.09214245573,1,1,1
31,147470.58593040274,806,36559.56778823994,38,1,0
44,98383.79451295613,339,19880.924000082683,24,1,1
35,65044.33854732864,847,37570.656545457554,9,0,0
45,143648.90402000654,680,85528.89357544287,36,0,0
68,153678.92935815584,815,74086.95231411542,24,1,0
64,52381.33737227098,796,34129.443601892825,39,1,0
80,184600.04277011752,580,90774.08751883353,28,0,1
64,155206.50391125938,650,8408.430876629229,36,1,0
21,188007.58984555438,633,5925.625349950679,4,0,0
24,77073.17937746437,823,13619.565123738885,13,1,0
62,189080.30283373763,582,12529.020830001708,32,1,0
52,86333.17841090856,618,9695.59718622171,26,1,1
65,29714.557056930513,713,66472.91858780125,4,0,1
80,157334.4899676242,313,60483.39558588696,14,0,1
26,146631.46593590133,355,65112.945547589756,2,1,1
25,127623.97860739984,702,69148.23936204097,0,1,0
69,108180.87398915133,641,75931.0954955873,23,0,1
62,25789.74865807365,498,21510.515821154626,11,0,1
34,132427.50527362776,591,62608.04781024518,13,1,1
34,95030.23074010285,740,58424.817274300956,19,0,0
66,120837.6924933701,377,94422.3425545439,13,1,0
50,97277.84155417453,411,24004.404699725208,13,1,1
49,193890.10389773583,834,6813.570503058809,34,1,1
25,128739.6022071525,674,65696.01190173978,18,0,0
36,154862.53950844408,415,74277.11118343446,19,0,0
80,188542.450544795,441,29036.404574947515,22,1,0
55,126487.87812501314,496,57513.99466302723,33,1,0
20,22171.253208032136,839,6894.070487880907,0,1,1
76,26172.502095897624,598,96044.43927566061,3,1,1
22,146420.9181383351,375,11882.572356617693,39,0,1
30,70235.32450723104,829,7689.483079047575,16,1,0
64,124288.35092263078,399,5366.905789967286,25,0,0
63,56409.89259632041,778,43299.91874383191,13,1,0
78,68644.79751110854,767,10618.814602261813,31,1,0
48,110835.39007065355,591,74720.17585460196,35,0,0
72,195602.50340409478,424,89988.54190201416,19,0,1
33,130928.68805765448,818,26761.67430016085,15,0,0
67,188506.6588123442,322,63248.53880588849,18,0,1
49,192688.37378965056,461,5191.506254169959,38,0,0
39,57459.799355691335,805,39269.88269758674,23,0,0
46,76014.84844441,320,30001.269229345107,13,1,0
39,158598.61061936675,763,23633.290547595523,28,0,0
60,176017.5204124419,782,64827.625473241205,13,1,0
20,113460.813954115,801,13892.566689495094,10,0,0
71,198780.69211049884,608,86210.34180640185,10,0,1
27,22082.99577594865,502,66818.75473050473,39,0,0
59,73926.67800533882,715,71362.78269011775,23,1,0
79,132169.1156740244,441,93599.08655710914,21,1,1
38,104472.18396874692,406,94294.91427874895,20,0,0
33,40988.53395718413,828,55613.580058104344,5,0,0
29,86201.67538650145,836,50042.601911312064,13,1,0
19,24580.48579310703,590,34202.7792144641,8,0,0
58,135694.28829355031,610,71841.58941004435,34,1,1
41,180693.65773934394,684,54282.67981100148,35,0,0
52,179277.3422810226,352,93354.63289427233,24,1,1
73,145918.00527779837,482,24623.968922547927,14,1,1
47,103838.63518962696,668,31715.015938798584,27,0,0
74,112165.69136446815,312,32292.954294576903,13,0,1
47,44645.388319219324,459,80793.847001114,12,1,1
64,81383.07676145656,583,10804.992852373081,40,0,1
52,53791.053589689254,586,46109.26297790899,30,0,0
36,167816.03660299184,307,43330.492960331685,4,0,1
67,184655.70224083276,371,8240.822480362101,18,0,1
25,116646.18705562106,397,41668.90285589037,7,1,1
43,150997.52729232993,386,51824.42034511415,12,1,1
66,41863.65876328295,400,7445.364557986411,40,1,0
57,129536.23578990292,580,51476.35071602207,16,1,0
24,146502.38384801228,588,95964.5525636567,31,1,0
47,101498.26331205214,495,97912.51799299169,4,0,0
24,63789.15520472575,690,53636.29808039131,8,1,0
20,177927.41369745045,749,51994.59632769294,33,1,0
18,153723.56959167004,667,29265.30847522275,0,0,0
53,181974.3107328551,729,99714.43169949806,39,1,0
42,167312.47654960823,395,28148.687931497378,14,0,0
54,198267.39732419525,560,45837.22874355568,31,1,0
18,54591.09197860081,811,1290.4717224649762,33,0,0
32,35614.59820471534,420,35573.99680000455,34,1,0
54,80660.50244070654,665,8072.589760273565,27,1,0
30,43220.7515041866,631,74638.65226812809,16,1,1
57,114163.42032312039,351,56540.43084996329,10,0,0
25,133945.20297339367,695,57645.01585147799,22,0,0
22,124091.95073121267,617,29364.617304070594,25,1,0
77,66663.22437024862,576,81674.73273504438,4,1,0
26,183588.32557438343,493,1323.8216077937673,25,0,1
80,23811.02547236812,320,34026.51673725501,5,0,1
18,82642.40367742872,698,66290.25155542791,33,1,0
53,149418.645571651,501,90884.33120427518,12,0,1
52,158047.2067428487,765,24226.979735598074,24,0,0
19,94901.33799773478,450,54568.90512101439,1,0,0
80,23043.766386146075,458,54261.15063279878,13,0,1
57,131247.8622422727,609,87543.26253532628,16,0,0
40,31357.042612978825,803,6001.172066424392,40,0,0
26,39414.039707632604,325,43023.08054600002,39,0,0
51,137045.1295363142,365,19064.101804401223,39,0,1
63,76247.89870571386,562,3131.727429561207,38,1,0
31,82645.42748748552,771,15556.0631115278,24,0,0
21,107625.27385698383,466,97670.5966119717,26,0,0
47,196144.1110746873,453,22270.002442506524,23,0,0
48,193779.59973296788,642,93568.0465602442,32,0,0
55,94926.97988481353,712,21320.179920463226,26,1,0
28,67789.8590992908,483,93198.22751106396,30,1,0
52,74466.58747954085,493,65807.47258483112,37,1,0
25,68380.63366908874,301,12208.63917269075,14,0,1
20,115804.24528552053,514,58609.6003575312,39,1,0
31,129234.76540416713,782,32532.889716487585,0,1,0
77,107980.2898813399,331,38932.16244182895,10,1,0
30,93438.98520466742,314,44576.92482566233,14,0,0
62,58031.3067625888,617,42847.99523050312,32,0,0
49,106851.0064487804,542,66746.78015781986,31,1,1
51,81398.48848444244,316,77068.43879048555,24,1,0
62,117487.18330370172,833,33588.59123091101,38,0,0
78,141534.0947920923,380,92512.03220688329,32,0,1
36,133996.1913985899,735,93908.16508786877,28,1,1
76,103248.2378730068,307,5028.353277963197,33,0,0
55,120089.43637039297,586,2475.9700994188315,7,1,0
33,71274.10357293674,485,43081.56668495504,10,0,1
19,24363.246624030144,823,59473.8798477782,12,1,0
57,132503.50175025873,721,28512.5699977541,4,1,0
34,65462.34064478365,765,26681.961357491662,18,1,1
72,140411.66781228944,382,68155.04914120988,20,1,1
51,154461.52992745268,782,60568.72418090141,2,1,0
59,184866.9942986806,624,17547.540624317855,25,1,1
77,192462.10318633035,718,88565.59536325072,32,0,0
33,21894.68833574626,350,68317.63094594592,29,0,1
55,198267.35768383474,326,36895.048667731826,21,1,1
77,142943.29732894897,844,68678.84430912384,4,0,1
19,135834.34886735407,361,12152.655590013777,18,0,0
19,22738.357135163973,470,47357.35633283155,8,0,0
43,175022.01413961276,585,17729.45654639637,23,1,1
30,46188.460504608745,416,5101.693366715226,38,1,0
73,170719.42770794738,303,34494.30075854168,11,0,0
64,22801.25832656888,365,15922.812864597541,26,0,1
48,136273.56724984903,359,63718.277738428646,20,1,0
77,98264.276078569,801,67732.72150775332,37,1,0
51,56138.01123068032,528,15720.53831643373,34,0,0
56,39361.05051867814,399,3436.687554739201,31,0,1
20,99222.98537833877,418,79488.24560188087,35,0,0
25,42195.04495785646,368,1203.6450521276663,32,0,1
40,107560.39010438856,520,35047.395829195084,16,0,0
31,132539.0705575134,522,49963.74650652131,4,0,0
73,168929.15484932446,803,82045.57666530485,19,0,0
79,142156.89869291597,510,84017.30563186793,22,0,0
72,31735.95800710708,561,72769.0046204351,38,0,0
44,75337.8558586107,817,25472.564631449888,3,1,0
71,71836.14942785008,547,72298.5064975979,25,1,1
46,184705.83622479517,556,25407.380589817225,29,1,0
56,176200.76799069744,362,22246.210981438464,28,0,1
70,86626.62530307505,691,55165.66746882271,33,0,0
56,32807.946058864596,839,68206.5899395722,9,1,0
18,180939.317204852,716,6252.124825256378,19,0,0
34,179874.1915335537,352,6942.237511336236,23,0,0
58,173854.3037655305,337,78632.89799486219,33,1,0
47,172114.69479239028,607,86090.2278455825,36,1,0
70,106445.72019550785,352,60839.65071784751,12,1,0
30,51937.697404927676,751,43453.97296098171,22,0,0
38,105947.84908323699,760,84686.33148031941,9,1,0
36,109027.59872050368,785,73152.88624475768,21,1,0
70,108187.71558407493,436,58379.82564469559,13,0,0
36,116979.0655007209,671,32655.955072927576,24,1,0
74,66378.26413840792,555,20601.51110402481,17,0,1
42,85923.41260405071,694,42448.63088788005,19,0,0
39,98153.58655342451,336,29395.435020060944,27,0,1
48,43601.817712969976,446,34586.600185711635,7,0,1
34,101965.54422107009,307,52047.47447589121,4,0,1
72,165884.53107252673,550,17740.301738209368,20,1,0
40,169050.71769191773,746,80811.49132730873,19,1,0
49,94081.47894218547,562,15407.416709761976,15,0,0
79,113385.49617518364,738,48618.37030267429,19,0,0
27,26057.059784310193,558,74851.16246996322,24,1,1
27,141397.86016434745,622,49017.05006127003,6,1,0
53,92829.05893043535,829,36741.184295275234,24,0,0
25,100185.98295500224,600,48014.23927645235,35,1,0
71,177261.09089235766,784,85018.3991885399,9,0,1
69,103130.1982209095,391,99052.7381301118,39,0,1
37,23814.604321013496,463,63483.18563965412,15,1,1
49,60948.36035643123,634,79550.96022222137,3,0,0
67,105611.71057548662,614,2434.3799297695778,9,0,0
31,96391.33269473644,537,88156.07654293269,30,1,0
67,174866.6247104865,382,95450.9262328639,11,1,0
45,117584.75167511,408,57941.76483399948,19,1,1
63,144134.43354472177,477,75626.68134396175,31,0,0
69,104478.19346782462,549,51761.729553047415,1,1,1
70,99138.03213064969,390,29334.170305103384,10,0,1
41,100331.60032538323,638,85372.54922631827,19,0,0
32,93965.88254489099,468,60086.83448759824,22,0,1
39,116945.00945375662,438,58358.9252953493,12,0,1
47,65079.81231564866,816,66254.08818027943,34,1,0
80,180389.93489152775,483,85744.313417056,16,0,1
21,79955.39865689713,469,73458.70645132547,9,1,0
30,46554.290151922425,661,21901.29522735878,39,1,0
76,37379.08614759412,543,47215.530896324635,37,1,1
40,22416.12472162297,437,98049.5348666344,13,1,1
25,96114.09414203507,327,55901.51066251469,18,1,0
35,53769.977938176446,818,93886.28999360907,31,1,0
29,23896.622465704626,697,81523.57914499255,32,1,1
72,113603.51833211427,632,66936.32073906713,24,1,0
48,142396.13875713706,616,35587.15506331577,24,1,0
31,35435.18916399879,725,31127.61540501846,13,0,0
51,102965.73912553873,435,64698.6854644612,37,1,0
35,153853.1621481344,566,43823.562843794665,35,0,1
73,197445.22778151653,406,80076.60865885598,23,0,0
51,140094.26203566097,437,76285.21721447939,40,0,1
80,64071.1191457137,346,31900.918187112915,38,1,1
28,148979.65516021993,667,70570.14952311444,38,1,0
58,127627.2968275694,305,49960.46881962122,12,0,0
29,58123.87194467859,822,33005.91798058571,1,1,0
66,173199.94865255983,828,41883.69268369936,33,0,0
32,96932.79690096815,571,89639.83485401393,14,1,1
74,193155.97785214265,365,36592.25152013151,1,1,0
48,150122.18134060001,719,29452.528058626343,24,0,0
66,136021.36783372797,638,35828.91485030364,4,1,0
75,151103.51074578112,797,22247.225184660478,33,1,0
46,106057.46338727987,768,54918.86375223654,38,0,0
43,110940.76600430132,630,15596.20719593069,4,0,0
35,173217.3293800539,430,81926.93485725472,7,1,0
49,142567.1365958305,829,23332.44447731698,13,1,0
39,181503.79853449552,737,60207.44772642492,28,0,0
55,180348.81564336835,542,13377.524393069463,29,0,1
34,195768.20612796486,762,97866.8616732183,36,0,0
40,146038.63859216013,649,46002.97043047107,3,0,1
41,110414.30917911357,316,82394.96273512264,34,1,0
67,49936.106037634825,765,77096.13572934839,6,0,0
25,146968.50073653512,662,71655.6116674222,25,0,0
58,72483.98901678753,509,82909.12224925637,31,0,0
23,70930.56224671962,824,10945.897257310877,32,1,0
22,62891.799760652255,719,68171.22254972425,23,0,0
61,177521.97032326105,432,27316.896292104335,0,1,0
74,176233.6004027885,313,78801.29474259239,28,0,0
46,133574.68007661047,343,95730.00722494099,37,1,0
45,105136.57664673246,676,90247.46345442689,37,0,0
28,140980.60281778383,594,12380.270024892943,20,1,0
74,129301.30105371033,695,37585.68964660928,22,1,0
18,94832.16469820972,403,37067.952962562376,4,0,0
60,88333.55614741419,744,13107.33036959353,29,0,0
36,88902.97546616304,361,10714.479281335916,39,1,0
26,126044.01256808688,711,39104.12336194899,17,0,0
44,136580.48410174868,620,99215.08349915461,5,0,0
51,101313.51563277956,430,57325.32245556124,4,1,0
61,194364.46103834774,498,62556.38123182137,17,0,0
21,35092.229240806584,335,47630.87209184955,12,0,1
53,82468.46467167986,515,66570.72467809825,19,0,0
35,95433.44296257937,605,95709.54599373219,37,0,0
32,23045.84182368976,311,59281.09740782479,20,1,1
68,85692.29378028052,382,7438.807512398133,3,1,0
30,69267.78509111165,331,49796.16634765166,12,1,0
36,111086.52864094653,707,99282.37605194317,17,1,0
66,80553.89849298846,385,39352.86933883207,12,0,0
23,150712.78429036302,710,59794.242484232745,12,1,0
65,111787.84917337673,555,11557.039579452883,38,0,1
73,43357.202029327585,540,14976.869374920123,36,0,1
29,155011.0383459825,751,87593.4638622423,34,1,0
68,37861.20129488179,300,30734.118196909534,37,0,0
54,171028.85025428433,581,31239.676062104707,39,1,1
34,187655.9949355195,813,39334.08660423049,26,0,0
75,78040.1522332737,418,96681.38861754772,25,0,1
40,186705.67398732755,804,9354.659107650767,11,1,0
43,162741.4686420569,379,82057.64615258215,1,0,1
46,186038.40998067858,518,34814.22977013266,19,0,0
50,139928.6246457526,816,85097.33457256202,34,1,0
77,62415.927095855935,765,99183.8093009497,9,1,0
44,181014.18264397507,817,35518.07361096304,7,0,0
42,53167.71371073387,801,13806.28025502317,39,1,0
73,58350.89918315639,357,15293.174300309898,35,0,0
72,68791.33822526547,636,76115.3482039694,30,1,0
27,74764.33606758525,809,15347.233681475516,14,1,0
64,112606.3355835855,725,26781.735284929026,17,0,0
40,148422.32487812793,669,21235.436022545895,14,1,0
38,186717.47139212306,710,36212.17783906727,18,0,0
38,35918.76572039044,731,8362.29093981906,23,1,1
60,191786.48520108245,495,85817.50575831854,34,0,0
30,185838.1340774264,676,86154.48486829836,1,0,0
54,29719.87259258701,664,41880.356949786285,12,1,1
50,84857.8047844813,704,61596.669333324055,8,1,0
41,166365.81025388057,791,64553.205519526164,34,0,0
61,130083.7781862922,365,75176.55341924695,1,1,0
28,160236.9098087187,690,52548.31866686106,15,0,0
34,149426.00098217977,382,51523.26849872691,35,0,1
21,109418.62036288944,780,63499.07395549287,1,0,0
64,27419.248271305914,528,70601.79117131788,15,1,1
42,125168.27637161019,524,35322.34732589593,7,1,0
47,28741.997550673274,412,33706.67685361269,0,0,0
26,128670.80915632355,484,27702.12200549501,17,1,1
38,164073.95524886207,811,55335.8089759621,40,1,0
37,125298.51476634535,472,36655.41326602147,25,1,0
36,199463.92482110547,822,54491.013503055554,4,0,0
36,102055.97003247796,504,41192.49181686524,20,0,1
29,154788.94344871774,837,83836.68407271343,34,1,0
54,140098.39251354334,618,8239.893734800613,39,0,0
59,198457.70448045584,458,57648.848766862786,27,0,1
34,148379.42091387892,577,57986.751308132574,25,0,0
54,49525.53166269009,447,38988.013743331285,31,1,1
71,191993.18715510337,382,42681.06856175118,20,0,0
65,140199.90076023704,718,80213.00472740993,3,0,0
56,30680.88154515018,837,28786.697315773148,40,1,0
45,138362.29504123025,848,87268.97535119012,35,1,0
58,178961.49320145953,691,89737.98710933464,23,0,0
52,123867.53515820451,432,65411.3111358174,32,1,0
64,83723.53484576201,541,77512.91365710174,4,0,1
65,167763.73413271087,750,61681.80530709435,2,1,0
35,160852.1614770493,499,53000.65226091257,10,0,1
31,117952.78776163414,416,96701.09767077274,31,1,1
52,47785.11858126206,518,28982.841458518953,21,0,0
61,65177.56739417265,604,16260.9437176681,10,0,0
58,152927.11499349904,542,29461.050951109013,37,0,0
77,165094.78977108694,591,61847.93522956507,21,0,1
24,70267.75004737815,600,19333.160372013226,3,1,0
58,86237.3138936216,687,90972.59027940509,38,0,0
30,33973.73934496313,508,41691.41566587388,2,0,1
35,148423.15070596995,613,85146.32495089252,9,1,0
54,20643.958028005643,325,25674.417908352854,36,1,1
30,28377.473819432253,378,32003.667153192007,18,0,0
53,20781.932201136184,427,6863.116320077162,17,1,0
48,136157.525000771,712,26519.00152637182,27,0,0
19,95129.68298609837,436,49541.068077366835,30,1,1
33,73558.41704179945,633,94667.55485460098,16,1,0
26,184286.18186427988,847,39501.39441525832,23,0,0
26,54704.5030417892,687,64334.644068851245,0,0,0
55,90086.2418686521,529,43343.30162941001,4,0,0
28,189256.12416699532,720,5632.393226026182,31,0,0
71,96879.18131066763,423,50849.72996377356,16,0,0
73,119844.8634164704,387,7525.451023688165,20,1,1
39,34460.63598250777,440,88486.29253515607,40,1,0
50,162229.9496408232,350,75550.65923314048,21,1,0
53,96096.57987588288,704,38486.49565398425,38,1,0
62,164092.722427727,636,64381.64795293769,38,0,0
40,65683.57566007858,665,12090.787376019878,33,1,0
62,96046.17510105381,557,70552.94370930243,13,1,0
62,161578.80854570185,687,82450.50849015548,15,1,0
51,195297.99806785514,344,82352.81920528521,4,1,0
26,30732.594389708396,568,29143.477221374927,17,0,0
41,166242.11193540276,610,27110.873332405838,3,0,0
25,74124.03217287984,577,52618.37110236517,27,1,1
24,119133.79056039298,774,96809.44403105498,26,1,1
53,72216.60769113462,444,92131.77478300245,5,1,0
35,130420.18506223823,534,36604.2096938422,10,1,0
20,83684.50951591559,435,78203.12111212137,20,0,0
45,80050.68037598266,744,92210.45864505428,16,1,1
23,26828.896328468392,652,26831.720106042896,30,0,0
61,46452.87306268608,693,83199.26931069104,33,1,0
61,185074.0757957862,574,27521.66706400848,12,0,0
38,199689.93719718434,683,34984.93046283385,22,1,0
45,160493.70365652916,622,20683.24839422466,0,0,0
57,71626.27245922762,482,51200.900108198635,3,0,1
71,92440.12491984665,739,84487.77853186287,29,0,1
71,153110.6218830949,362,53277.16160611572,30,1,0
18,194332.44023897566,333,13220.560959616656,15,1,0
53,101984.81073128617,776,25925.817290489827,2,0,0
38,169314.03475190743,386,56723.324860852554,11,0,1
77,195512.40606776904,509,58735.558101485454,11,1,0
60,177225.17079008077,761,58113.68445094211,10,1,0
52,60886.954418838846,380,8623.345758115382,15,0,0
30,21445.735497612128,621,75615.89337084067,28,1,0
74,108574.70696991473,714,91033.39169991165,20,0,1
66,115644.94970514803,489,51541.37582526009,4,1,0
71,56225.06561921053,532,72164.09939041443,12,1,1
71,71241.39055042717,691,91487.53371161857,16,0,1
27,157727.56895273845,468,64619.652739853576,11,1,1
70,104662.50656836407,742,67758.24671867405,16,1,1
61,77123.73504804619,467,72419.0369250115,0,1,0
64,132072.6849251455,530,26789.74269395245,7,0,0
70,137496.75607570255,449,58685.109596965915,15,0,0
27,158491.2398313444,849,84375.33633990117,14,1,0
63,48207.67323732545,685,30320.110295814316,18,0,0
30,153473.10541885826,680,89819.87946008917,24,1,0
54,127897.11057987534,574,62417.813026797565,30,0,0
55,30362.93575450348,361,42894.31029187256,1,0,1
41,159940.213085614,766,62695.113178629,24,1,0
19,88954.4506399733,827,40784.13066321856,30,1,0
39,79468.56817933476,449,83965.52458296929,3,1,0
34,100653.52728469418,441,48749.539426692114,3,0,1
53,82311.51391510323,415,90220.12261567933,11,1,1
31,80891.40659778363,364,51471.00000393482,16,1,0
27,165453.9801861126,728,66376.47057410133,20,1,0
52,42410.9457858246,609,99776.69767967821,28,0,0
42,194708.01221434254,729,15549.618259845574,21,0,0
20,119887.69598738178,460,73936.18572460716,35,0,0
64,52926.319715836325,605,14748.350563677423,39,1,0
55,43618.78692770357,660,84047.77021067523,15,1,0
34,126471.71578429686,577,60048.88473503915,14,0,0
29,133939.89989244705,595,93877.79650003946,29,1,1
71,29544.63878536594,850,86729.70359254196,10,0,0
69,63740.34454318145,468,8412.33170941352,12,0,1
41,163183.14581986412,758,14592.95162620723,22,0,0
46,28932.43299383459,306,60515.9219320757,39,0,1
60,173915.9595030865,431,52313.149354265406,40,0,0
42,138469.24577474003,646,17687.947930731014,33,1,0
53,98196.18668537686,552,13806.56359889333,19,1,1
75,82357.91281476486,709,56835.0875607197,1,0,0
77,23464.813492800913,842,5843.233249524948,7,1,1
43,168538.69023533174,654,87499.79499239047,17,0,0
55,45689.93371433686,667,80901.20906045943,6,1,0
18,75717.55853517586,810,78751.62719939784,30,0,0
37,122439.25646530469,832,2583.7175570333657,21,1,1
72,64278.668012825765,827,5716.453397861057,27,0,0
45,109485.28347539624,827,55434.072993922135,24,0,0
33,165681.70917296642,701,99448.1432005236,0,0,0
64,104696.82826224947,474,34889.30389616382,31,0,0
34,190815.92194152728,377,35093.10682412905,24,0,0
57,172550.1116677415,739,14293.51871933635,15,1,0
45,79947.06236541095,848,67759.24457021063,28,0,0
75,91993.1824251088,531,65020.99221040656,23,1,0
29,96198.81086405489,699,11030.919221536748,16,0,0
44,132712.30152641266,512,47273.816419766765,5,0,1
71,71623.23125393716,492,67040.41597337545,13,1,0
70,194464.84498805154,566,49858.097495870774,25,0,0
59,129563.15970863016,425,67761.9946046108,27,0,1
76,91892.29857340404,681,81810.76934571749,35,0,0
64,136101.7667884821,843,68895.72787905499,30,0,0
47,91172.90189534739,801,61995.30934722186,26,0,0
58,167203.2225762954,702,85505.43543750483,1,0,0
51,122211.37289930983,560,90158.26821910903,18,1,1
54,27554.69061309206,686,39499.757280404614,27,0,0
23,51816.236136222935,711,18151.738884664708,20,1,0
24,175698.91514531622,645,81968.17999679701,14,0,0
49,121321.96874422219,393,22161.557622648834,33,0,0
49,191061.8257725029,627,92966.11630515948,39,1,0
70,33036.01631492326,399,3264.9165769684414,2,1,0
42,73146.91341547531,760,92205.84707931105,0,0,1
50,54837.80718312307,614,59329.11626859421,23,1,0
72,119691.25260117251,324,77699.46953477526,26,0,0
75,88902.70959438369,793,40450.76611937604,8,0,0
24,48309.236133750775,652,99179.91289897914,23,0,0
69,135695.34451271844,416,23527.591329062754,16,1,1
74,116533.70584349356,498,27170.022601179302,27,1,1
79,69452.52523333418,578,6091.81195970982,38,1,0
29,106358.844400828,378,94106.8629430824,3,1,0
33,154232.8967074141,723,46146.90105626894,28,0,0
33,56948.901419118534,653,67810.38905721557,27,1,0
60,72723.03440631123,825,69056.63201882123,36,1,0
70,82299.97767694073,840,87575.70713598508,28,1,0
53,154410.7586961857,776,66827.59981399451,28,0,0
30,172446.06791916327,309,56640.097048114534,4,0,1
24,87749.92935948996,802,71321.53389491331,10,0,1
53,73391.75513010527,559,75346.10910130951,1,1,1
64,180100.4165033019,823,19406.866678599716,3,0,0
68,199885.68779468216,305,11857.036858698548,9,0,0
26,140663.65513912385,334,8410.03619807075,38,0,0
49,198196.51069805253,474,38031.29595773113,7,1,1
28,138793.9300043438,741,50302.02374393678,22,1,1
25,152022.84896140848,446,61949.339930696224,26,0,0
50,89958.08027783246,492,95845.4174492714,22,0,1
40,97934.15845982963,312,33747.99420049362,33,0,0
42,45944.41951809113,829,76326.53115565017,34,0,0
73,168095.0026577222,545,53604.404339893605,16,0,1
25,187590.62555969603,413,22788.903276604768,9,1,1
62,132218.86406494016,532,61915.23748374715,1,0,0
39,81856.51552017173,621,96750.44165068066,16,0,0
76,47722.93856738593,837,13306.521625875968,30,0,0
21,67728.12134695669,425,51220.69669037367,15,1,0
57,65973.87575333178,612,6109.227060902294,23,1,0
20,130435.01914944315,810,32800.41359073987,6,0,0
46,190106.7437654488,783,62439.665081805135,18,1,0
58,28688.93965243666,580,84264.6366670447,15,1,1
46,20184.01392700064,582,73302.51375088103,32,1,1
51,128032.7499765786,691,46822.82104333192,35,0,0
51,71130.88317434874,822,91013.05295331051,9,0,0
45,178498.70162101224,681,30968.751837353295,14,0,0
30,78905.05542304706,515,75644.35761229147,2,0,0
32,72152.76809520007,841,47926.89315301859,1,0,0
77,68511.91181929351,415,89964.9397126048,34,1,0
40,46073.50890828394,808,79945.84934372226,26,1,0
61,124675.4853698799,799,90245.49646940242,4,1,0
43,50278.4484201578,570,22210.537045265264,14,0,0
21,96433.60876225236,739,67146.89277950459,35,1,0
43,102974.9694060168,590,74107.87740008236,32,0,0
57,23688.568438035403,338,74499.01226297677,0,0,1
26,23025.31036780565,323,50896.044596266416,11,1,0
72,113638.28397622926,342,2113.8017124473017,40,1,0
22,145286.2518012438,469,26881.64760303842,8,0,1
73,189585.64681047283,639,33006.78662543373,19,1,0
49,52241.47114825192,468,85351.62511089438,29,1,0
37,38586.58569849486,837,84247.69589331781,13,1,0
67,29375.823246887165,771,11363.330299740544,22,0,0
28,98487.48492433105,442,95033.7522953545,28,0,1
32,132166.52612047223,400,19063.291178497606,34,1,1
49,171299.60421522756,774,42021.58567879119,26,1,0
45,142876.07881276365,610,22300.539644964785,26,0,0
39,57504.94203347432,359,86172.91441410639,29,0,1
58,103118.66595133021,328,75190.80115407187,2,0,1
34,183862.34233555794,830,35999.351881892595,11,0,0
76,78813.39124592682,372,68505.98397657949,30,1,0
43,109771.46571654767,693,19252.321532982693,36,0,1
61,192541.76023586543,693,38847.41214522416,26,0,0
24,152247.4410032656,780,38333.65124547271,23,1,0
59,154593.26941550456,772,24555.731490418384,40,1,0
74,65420.12079438097,612,87754.89290870537,39,1,0
43,94645.66129492306,737,68205.7278124335,10,0,0
42,34821.58935740991,623,28713.99174581613,26,0,0
27,129174.65606909606,386,24969.955302274695,8,1,1
76,38671.42961764895,658,2777.393628924666,15,0,0
62,170463.72479707186,496,35311.64312544311,13,0,1
36,166619.68166359942,684,53150.3570482165,29,0,0
28,116048.91820201572,417,28493.383248929265,23,1,1
30,45409.885975465346,797,70345.36936654722,12,1,0
70,24604.216975130268,761,41763.203372115364,32,0,0
25,163407.56015766304,795,32315.465864056117,8,0,0
57,128025.28697841683,546,93966.70822024278,25,0,0
21,147967.334614619,533,27017.286851525765,12,0,0
64,74685.28263254616,716,40427.504389568974,20,0,0
48,111706.89281190462,766,38846.78806355642,28,1,0
45,154491.35069713707,781,24878.636221453584,27,1,0
28,103261.39549648392,664,22530.197241231253,23,0,0
60,128249.16009837156,452,30935.621862526958,12,1,0
18,162151.0871254332,571,86559.3808231869,19,0,1
66,58739.716147948195,691,76941.20583569976,38,0,0
64,31867.200084346816,846,68418.95190184517,6,0,0
69,115728.23194594492,729,46253.19627160685,40,1,0
55,31182.638729617232,488,51267.64447862774,14,1,1
41,157980.31298601558,551,27446.745703852575,24,1,0
71,149458.06057408196,694,8357.275469755845,34,1,0
77,178708.28086375346,518,33773.01511532775,12,1,1
74,135121.17764611292,489,50062.791843244246,7,1,0
64,32095.562735427276,533,6673.991605413912,20,0,1
48,65567.38258813113,531,9735.096903653537,5,0,1
58,165427.73202128947,657,27039.49805557216,9,0,0
63,50083.83511644579,777,37340.9569856834,40,0,0
67,145726.48420667974,728,39938.36430075181,20,1,1
43,160446.67956568603,536,12670.720562512508,13,1,1
66,79420.1236139434,332,23356.31409894409,32,0,0
67,78013.54521252352,512,26903.077954297263,24,1,0
22,120404.48261764644,678,7695.852743923373,18,1,0
37,175031.53989585748,301,33283.87035838003,8,1,1
69,60303.1163444265,749,8149.935702795216,36,1,0
58,189426.4752876325,726,70642.32646785733,35,1,1
28,127841.36326761948,578,39218.72888917373,35,1,0
73,198582.7648434097,513,33348.4865484591,14,0,1
71,36130.47031915808,584,13525.694978857082,4,1,1
50,42781.18457121663,842,23423.861889044685,16,1,0
67,168795.5246684269,573,24037.815684973237,29,0,0
55,175656.06120869287,310,98535.217272457,6,0,1
44,100182.5639067681,346,83699.58857134084,5,0,0
51,148532.8117056203,814,2510.966871709731,14,0,0
32,176160.31174019692,737,62066.822486079494,9,0,0
49,27763.00187938916,726,26335.099545770452,5,0,1
78,123311.07613878655,731,11333.315953138843,40,0,0
75,173626.51997476813,429,70854.37654885571,12,0,0
38,91667.89002525949,321,14028.949397366574,13,0,0
63,74429.04910023684,688,44930.33717344383,0,1,0
22,163227.20331707076,434,63584.3513191525,32,1,0
23,80441.58503051051,831,55894.98085934388,18,0,0
55,20571.37367321058,519,97785.28073197155,8,0,0
79,192723.06577323182,632,78788.51869912974,36,0,0
39,126582.18254318333,429,77645.14423662148,11,1,0
79,167513.22536781282,331,36203.94401402209,4,0,1
35,168554.2812216886,724,1831.1537163300281,5,1,0
31,31953.875667091907,597,73706.68203739815,10,1,0
27,50754.83588956366,803,99973.47634527157,37,1,0
63,76001.72253673653,656,41182.03166661794,9,1,0
30,77725.87130743811,754,98566.33139675463,14,0,0
48,138581.5011825643,700,15029.102843900297,38,0,0
47,132163.92573548327,754,30354.722812035023,27,0,0
20,109026.16004176647,333,17901.966242504597,2,0,0
47,58027.47181557823,547,48042.421319754765,15,0,0
23,88757.02454425461,341,79901.15874921482,16,1,0
46,117846.91432373051,422,34725.50746225743,35,1,0
25,104237.36589870954,326,90716.66477803528,18,0,1
61,42912.65595711411,761,54938.21091964872,3,1,1
62,136911.8888303463,446,47077.01696044585,24,1,0
60,33149.3198259189,795,78916.54837733235,26,0,0
61,88075.04295459445,785,11042.906207136672,11,1,0
50,147805.28258154122,759,77601.49464985679,26,1,0
34,23604.23621354717,427,25052.248017109843,3,0,1
65,122596.9074281569,675,28800.44217114052,23,1,0
28,80213.77534579352,382,60345.92355868791,16,0,0
30,21589.731816092204,834,90291.50807957431,25,1,1
67,54268.98879097494,822,58262.28802731562,17,1,0
28,189370.3147887178,402,65245.98553065421,21,0,0
48,113806.80299091627,818,77882.86437092214,5,1,0
45,199500.89683324372,661,26673.15114025619,18,1,0
61,114467.01506565341,555,82896.13360761011,36,0,0
23,117908.55421224829,546,42378.05475764782,33,1,0
58,90531.74232791344,491,18389.91365562509,10,1,1
33,75807.27537165457,834,35661.689866651366,23,0,0
21,65278.199563930066,613,25366.980060104306,36,0,0
52,81815.7109035213,575,23642.646908428942,22,1,0
77,102773.19456207778,672,28973.756673197448,39,1,0
65,54558.55104154221,743,18912.15065946686,3,0,0
73,60477.516525025254,494,67102.47395118164,17,1,1
76,68878.05836031905,557,58419.1839464766,29,0,1
43,100866.78054755105,659,65195.74740535942,14,1,0
79,137506.40602656375,847,35028.747658987886,36,0,1
74,174106.3070515317,407,77203.60685483039,22,0,0
29,71683.7306936858,323,13831.26535446231,11,0,1
28,53071.10126145872,764,57542.53423667466,3,0,0
54,88192.54367309989,321,28269.84425240092,3,1,0
42,180988.95374693404,801,53233.38016906353,40,1,0
35,21774.931100685106,800,33040.08034878368,40,0,0
36,142016.35089039418,706,79260.66474403824,13,0,0
40,105888.80835408467,629,89235.91204497137,7,0,0
72,48988.31869292241,585,74515.54111379149,22,1,0
55,77783.874729404,446,18382.78757207543,0,0,1
71,60491.0078978661,683,28211.82294044787,10,1,0
35,178009.79022022203,310,92016.44848632316,26,1,0
43,106737.20911009825,575,44284.792638161925,3,0,0
23,121356.9700170487,602,94176.86052557742,28,1,0
21,126863.77148066371,503,39852.717197364414,16,1,0
61,135131.0824284241,644,95225.69139847571,18,0,0
68,109200.0242676674,565,92648.15978559977,23,1,1
46,23217.235550536847,321,66392.16210867501,40,0,0
76,80250.08364463734,835,1873.8777976887811,31,1,0
78,53097.18332977842,395,40633.13351561775,30,0,0
51,142425.71172410186,744,91212.277839864,15,1,0
34,30206.837246608397,562,88625.91862170336,31,1,1
60,121484.61040009596,682,19551.392209515252,33,1,0
60,57913.71000937417,849,40519.06710094116,34,0,0
70,190792.250924071,691,83715.4828600677,36,1,1
33,80397.36959357638,839,58209.90747175538,15,1,0
19,78539.81444743415,391,84882.62411117386,20,1,0
51,186209.24023833027,458,82830.17106040774,12,0,1
72,95122.62565474544,527,90840.71868829582,17,0,0
25,193315.2201534336,772,12604.838231263588,1,0,0
30,24350.663384030628,671,15376.29900389805,32,1,1
59,75142.02353638633,675,9198.093867936199,40,1,0
25,139914.7328479576,336,93591.61526844773,17,0,0
47,180354.25361497494,336,48041.07605341142,27,0,0
49,66153.0067414911,400,7368.203064762367,36,1,0
53,187485.96655346028,842,32831.46034889008,34,1,0
64,126941.86396985388,489,35789.851471866714,36,1,1
47,164181.4837756249,811,81146.42252419896,11,0,0
18,91497.3147752415,389,73812.21232492138,39,1,0
60,58192.468862037196,305,69249.31790669433,7,0,0
56,184022.37478058477,438,3164.4917065464947,24,0,1
34,187964.45631311936,394,91158.8838462115,6,0,1
76,109563.52594774439,685,22339.971424658415,1,0,0
37,21169.102879866172,422,63277.079064575104,32,1,1
41,39760.93166067281,584,7120.085258130497,32,0,1
67,123145.03284170992,665,9071.083095333397,39,1,0
39,24279.80641433952,789,1948.1523168820927,22,0,0
46,91444.14631760515,624,57026.83680998773,4,0,1
39,74606.59020296227,706,63308.58729207357,13,0,0
61,148582.68957239686,818,5995.768020089647,7,0,1
26,30004.161130628352,376,29758.00359163985,19,1,1
54,107971.62841591175,533,85293.98700362365,17,1,0
27,124240.56857760895,783,11029.528315468497,22,1,0
53,131112.39368947118,763,22438.16929077979,28,1,0
54,92928.38096304935,570,43014.72963877028,6,0,1
45,74786.20101731917,766,84385.13616067848,23,1,0
45,142848.74607268677,768,26230.05639304522,24,1,0
59,172562.4286584491,846,99716.56452097087,13,0,0
80,144851.17480091818,569,36170.919500714306,37,0,0
60,187778.4257822999,677,39258.41718987869,2,0,0
38,149107.4345644269,476,13088.514218848639,13,1,1
41,157631.3721224513,573,68339.59218479655,2,1,1
59,50222.57538837599,326,25103.05309566368,8,0,1
77,95517.13601480811,359,63257.89193420958,6,1,0
57,107309.95957207374,516,23092.615111889732,25,0,0
19,66132.76921302937,569,39399.354455420325,6,0,1
72,115137.17486413181,415,85810.53710348734,6,1,0
25,72342.54995993254,544,74151.68523593294,35,0,1
65,143750.37670479488,384,16304.49909442862,12,1,1
44,104651.92580657166,749,61163.108570036035,2,0,0
39,102585.25176842642,835,63235.42451570713,19,0,0
54,197055.65558590612,388,9966.278876684242,8,0,1
44,90640.07273766267,848,47114.75977925764,21,0,0
74,85213.17786612229,806,26806.171171093185,32,1,0
46,77348.7868308778,707,47245.88413358481,22,0,0
20,181054.85977564365,570,77930.02814096463,22,0,0
61,109410.28869767208,823,16667.696421221648,37,1,0
30,128002.60594651439,793,13207.116353216334,25,0,0
62,52547.3262204311,747,27662.333015471522,31,1,0
27,117369.62480088684,842,95275.26958431174,27,1,0
53,69436.67471632789,649,75034.59690731167,29,1,1
26,151514.64582731796,627,2926.130418640112,39,0,0
71,169855.1027826288,585,40699.47940585429,16,1,1
73,148665.92458362997,334,26482.399928958133,17,0,0
72,151443.94992864633,832,64176.31226884522,24,1,1
44,112245.44674151306,787,46469.95289988512,3,1,0
51,148181.25014014434,786,96485.35396153014,25,1,0
68,96083.64839146884,444,22678.86664743958,30,0,0
18,137268.04763533035,823,59197.785183895125,11,1,0
49,66627.05782169264,445,70320.79148403204,17,1,0
42,32556.262216161827,802,82730.88444519279,9,0,0
46,94425.18754195434,826,41290.1320123727,35,1,0
24,103120.0680404882,571,69005.26885809067,1,1,1
66,66153.2884739642,833,31016.945667043994,24,1,0
20,150987.71331330278,394,44112.13314382021,8,0,0
37,33239.086215730254,746,89667.08598913653,31,1,0
37,60094.69838825394,714,95040.85332376447,4,0,0
70,154741.64932165283,556,72162.91734579921,2,0,0
47,98682.36927320223,561,38060.83718684232,16,0,0
52,146951.05232707624,386,82185.72120749175,12,1,0
52,122147.45800104733,735,3560.841090816598,2,1,0
66,191128.29499952524,407,11171.845143402685,27,0,1
56,127603.24989010993,318,66475.99990116074,3,0,0
44,22676.415382193547,664,29833.608951735685,17,0,0
43,83517.92309078012,678,95187.2356216473,34,1,1
31,45750.922796847386,459,44170.00059713817,13,1,0
34,186434.06196758657,399,43507.117218528525,15,1,0
35,38722.24177131445,564,68129.8715089022,11,0,0
62,89787.19936359575,348,76989.28766831277,10,0,0
69,60697.854852804594,714,48080.31507438851,1,0,0
46,172409.958271412,358,22186.089269460692,32,1,1
37,75541.96956600505,482,77557.55562983654,12,1,1
70,198540.8269656761,746,32714.77621248913,29,1,0
44,26950.989010205158,600,18335.966160091903,25,0,0
35,43089.81904326186,653,63532.37880257631,17,1,0
21,60434.97975723964,512,9954.91303204469,12,1,0
18,165999.0872360287,488,97163.91483351943,3,0,1
67,178133.09763152283,646,63607.329176801555,32,1,0
18,32861.24850969602,436,98603.65657125383,14,1,0
75,25842.825517209752,329,34550.44892438497,16,1,0
43,154020.23427882427,445,97149.31095784939,5,1,0
62,44003.361215650424,767,15410.662525133735,4,0,0
37,43939.745673435056,802,5028.782462355817,32,0,0
69,24025.97620899727,490,4265.421985005653,15,0,1
40,28965.417965015935,770,47022.16668932348,23,0,1
27,67461.58254718804,644,9217.415550380883,4,1,0
76,31700.988093945132,300,51704.62053259257,2,0,0
28,86398.2364986696,409,33422.549847381146,34,0,1
58,169899.50562092284,363,34227.270254937444,26,0,0
58,78737.64631788668,352,63925.29065797181,11,0,1
22,151010.14926428688,561,17146.702609010397,40,1,0
75,36903.793669585415,828,76888.78366363337,24,0,0
18,138687.5337355087,601,58621.06105808484,16,1,0
34,77014.4929863383,533,91579.51825590359,19,1,1
39,154955.51816546687,372,37119.224722984814,27,1,0
51,44525.362530148734,656,98288.78421464543,34,0,1
73,181619.00799760674,783,58006.9370246883,14,1,0
62,63663.89652162859,305,97366.79366256585,32,0,1
58,83564.80279061176,436,3679.0047506644178,2,0,1
46,191032.5279472475,703,73069.65591882641,6,1,0
21,124126.82475155461,505,81845.53090498089,9,1,0
22,85838.87341334396,709,6264.15538097227,40,1,0
28,190928.3864660537,335,58317.99673760833,25,1,0
73,79233.93504020576,529,80392.28706535538,40,1,1
68,37076.728281532356,526,56542.833797084204,39,1,1
38,199432.79981469558,561,7317.545450141197,5,0,1
52,68212.08570060448,430,69651.27684893283,32,0,0
29,173226.41276592933,747,6999.094552657554,15,1,0
43,49797.34306815571,485,81929.4206066274,23,0,1
68,151643.71491992805,485,5260.384147362745,29,0,1
36,114400.89100500537,573,14602.340720026708,9,0,0
62,196563.18049222333,651,28235.65146180358,10,0,0
77,119509.46409663191,712,63703.1144338192,21,0,0
24,24502.727340353744,450,97659.55086349929,2,1,1
64,128698.03813233582,683,12664.462409373507,37,1,0
72,46156.96214059269,335,15128.059252177924,39,0,0
24,163737.36475077568,625,37518.16927339705,22,0,0
43,174182.2753681818,764,83785.6946377767,18,1,0
57,106776.83338304858,765,47255.8643223306,39,1,0
22,160979.86226941374,394,32839.44942532634,12,0,0
38,46119.932386688924,433,56559.179388677265,35,1,0
31,108574.0735764163,461,26791.796547129252,2,1,1
21,90909.96764430523,599,40714.830817504575,21,0,0
40,130037.12966955465,655,33927.90977397215,24,0,0
59,28005.893984568796,539,80609.96121904995,19,1,1
37,155382.1108847529,466,92501.31691736208,27,0,1
32,34243.27210544306,439,76197.64702353427,2,0,1
67,138164.87315542967,438,44469.27402696836,21,0,0
69,23322.300597189962,534,50929.162772169715,36,0,1
62,169739.8514762113,302,13382.295699014132,37,1,0
46,51445.93344028064,555,74939.60640231924,17,0,1
25,112789.54567585829,670,60051.09226010936,19,1,0
58,67068.72267097147,577,90341.55961760621,4,0,1
65,150076.49637099233,815,20860.503213940166,8,0,0
36,77843.19803414983,511,76212.8860713286,28,0,0
65,150429.6548458971,515,68782.49451019977,16,0,0
56,71276.81723038577,569,27318.707847165464,11,0,0
63,155445.1563684368,775,67070.48531454169,25,0,1
45,25508.98934064276,827,92512.9646770883,32,0,0
63,70996.04036729272,363,91925.16277904477,32,0,1
74,109754.03115925021,759,72243.03087709799,35,1,0
44,28110.724745550586,315,5759.23814087195,28,1,1
21,53486.13104683016,318,87354.16939469599,21,1,0
75,188216.65669541658,624,66120.08209344945,17,1,0
32,195830.16773243406,392,31732.991065090708,16,1,0
52,153154.9905302874,316,19537.78580886423,23,0,0
54,65396.00911104432,787,12504.182436734394,21,0,0
18,66893.14017847442,393,5973.4530265183375,4,0,0
20,136242.2644031131,309,75656.2215471249,0,0,0
64,41167.93098776632,827,24348.456895384257,18,1,0
41,190695.688477466,788,3401.0406682822518,29,1,1
44,60466.32191183322,443,40329.79453235694,38,1,0
57,199934.4125765799,814,48778.10097864155,14,1,0
80,109232.08315444288,769,17753.792859112564,34,0,0
78,158857.39801872853,676,5360.7852800924275,4,0,0
53,20393.1370110003,793,19723.42282670882,5,0,0
51,179974.35285529555,783,68231.17342182086,24,1,1
46,68600.36806050448,751,9142.124047869434,10,1,0
41,140228.61401865177,835,55948.66602514239,21,0,0
41,165143.95054284614,374,15494.7868029085,33,0,1
59,49546.59330062037,339,20373.228184461517,13,0,1
21,99651.70663926122,601,39914.71044340317,8,1,0
20,108890.46931734621,361,10981.708269319402,19,1,0
51,76181.50376105681,802,18147.146775439072,15,0,1
74,106716.04935121666,544,35546.28873368406,16,1,0
66,77158.21837796085,317,33637.23154433832,16,0,0
40,84934.59410993767,697,75177.87708189746,33,0,0
70,140479.61216649303,488,8403.448207516012,10,0,0
73,133866.78829489945,403,86184.622830968,34,1,1
69,61807.830643554546,643,81806.98490320603,33,1,0
40,181546.91926317642,670,76833.1723295019,35,1,0
62,175301.9382208503,332,31627.863883850117,7,1,0
22,111634.99520419129,673,82465.29676853797,18,1,0
48,97985.13368523507,477,19097.4059486388,32,0,1
79,87834.07693713959,311,13316.511379647796,22,0,0
70,147308.22535995906,755,5450.677015459248,1,1,0
79,140899.89029770467,548,93991.72593755201,7,1,0
58,55312.50924883616,747,31493.078872822094,28,0,0
74,140862.44563406502,303,91844.17013761269,6,1,0
78,65437.614938367195,535,27988.74259041364,28,1,0
74,23340.5005742346,472,90849.02997429861,30,1,0
77,145857.56195672788,621,90488.97623176273,29,1,0
71,136062.84844293492,670,92443.92845606057,34,0,0
23,93945.66722738146,847,50119.19048913518,24,1,0
54,114623.4900655111,595,86728.6823930903,3,0,0
74,190490.45450703675,699,95125.8237205647,37,1,0
27,127136.03256297878,357,33137.077247820765,16,1,1
57,138419.10836057566,829,42468.566162572955,9,0,0
24,31504.037770845396,847,72204.77854623865,0,0,1
56,49879.002921522544,707,30735.622350606787,17,1,0
55,74171.40975408588,812,75627.12158235324,18,0,0
38,117088.27724506575,363,8315.322376139859,31,0,0
78,159786.3612769978,719,52826.34004456568,30,0,0
37,77823.35800194566,445,13109.034924290776,32,1,1
20,84148.83748617931,571,30039.024167230968,21,1,0
68,66107.1593312748,316,26603.913856160725,0,1,1
39,65829.67927315505,397,84054.27528270394,40,1,1
64,190795.49226106337,751,20158.20828521355,34,0,0
21,134382.2923314002,542,81036.34409575278,16,1,0
45,48062.22383719043,778,79602.07424488428,33,1,0
29,150004.74405516678,500,50389.42250016576,28,1,1
55,149963.80580480522,772,24150.482304016834,5,0,0
68,139964.6352896669,478,23462.73765566605,0,0,0
80,44249.68011631945,807,47027.54006446893,26,1,0
53,93438.46702452564,752,1872.0917319581147,11,0,0
64,39216.13948899436,569,53603.72470652525,3,0,1
58,166991.69073658457,533,95325.17305093848,15,1,1
22,137930.98577202548,785,16315.981304397055,10,0,0
30,111296.70861820731,637,57761.21652608474,19,0,0
40,81742.78577010738,747,96216.09017580122,25,1,0
75,53164.90540899801,656,86191.69180966842,27,1,0
67,39160.56598995942,348,85187.63152175269,7,0,1
47,194463.30935664193,795,82363.14310922271,1,1,0
79,55936.75555208415,645,31593.336999562376,39,0,0
54,30777.43280984942,592,89171.0662954144,25,0,0
42,193100.01899284936,449,94192.69477208394,26,1,0
65,118811.31344440888,844,50083.449906604896,32,0,1
44,163398.2122984057,559,36102.53367868642,6,0,1
68,27877.85249569734,621,42008.67254497976,35,0,0
31,122050.25434633784,376,34086.43774129529,20,1,0
74,91677.79354123912,409,22029.42576042947,33,0,0
79,158953.59818297904,846,62226.39855503605,22,0,0
65,26916.616215030546,722,56697.09173828697,33,0,0
76,92304.30234109057,693,46795.92203288829,39,1,0
64,163833.2155075153,534,10488.693281798347,6,1,0
71,114085.5076349066,629,79892.40350589398,25,1,1
53,119006.97337974871,624,18318.42271232813,39,0,0
56,37489.64275387379,450,12341.642296208765,16,1,1
33,43819.500101616446,845,62684.06815281179,30,1,0
73,141859.92896584145,331,40465.791762534594,38,0,0
39,141508.3920121856,571,6921.039059880618,24,1,0
38,196238.6109654092,667,36201.26714114476,36,0,0
71,148151.53785179908,791,77406.25487621131,14,0,0
38,108783.82926802052,615,61909.67131649266,1,0,0
25,174319.00823603952,667,36915.816275712685,10,0,1
66,38805.137446868524,379,19988.67437182422,31,0,1
33,100873.24776132581,471,63547.76645967255,29,1,1
76,71679.63996696255,557,88867.97479368917,16,0,1
72,38834.80524697261,578,64980.999083575465,23,0,0
48,157430.37524966593,803,81477.4816103722,3,0,1
59,111942.5654897991,790,52631.25601688273,31,0,0
27,120218.36958154832,636,72079.13956736185,18,0,0
49,94025.93382385922,820,89726.45060405688,2,0,0
76,102860.70168849234,625,77544.71884760685,3,0,1
51,40883.12968214056,471,91075.54138641641,24,1,1
80,141125.20837165575,383,43682.82060948992,8,1,0
79,97840.52472893847,823,90517.8052575786,20,1,0
26,167018.163163325,780,62535.15621368905,22,0,0
34,55331.6960257537,843,87134.82784208767,28,1,0
28,56909.91681539044,717,4898.276513345705,29,1,0
49,136236.7228755238,638,66127.38580944008,24,0,0
27,172280.61621153145,619,84949.53280891197,28,1,0
39,104995.61095127156,603,18246.001330676776,33,0,0
74,150851.696371958,571,66516.90641302739,13,0,0
34,199879.3858687554,413,82670.51670744651,21,0,0
21,198247.81515120706,706,29506.98759363107,15,0,0
65,153980.63170790602,325,41119.386462732815,10,1,0
69,153125.56814208478,536,57382.25413142272,13,0,0
64,64571.399695803026,609,52397.60119957165,6,1,0
42,170037.13367787926,532,4879.749910676429,4,1,1
76,92918.3828684817,848,10768.53771045593,39,0,1
38,193158.90377602808,564,10946.19135113177,28,1,1
54,34656.983967248394,312,26964.522644418324,16,0,0
55,98451.26639709069,795,25340.547167442473,29,0,0
66,120051.28778302975,615,74480.01599489317,24,0,0
18,92928.11727550968,683,57701.694215598305,13,1,0
80,57904.2542908898,615,76633.63237987888,21,0,0
42,126737.92798085177,555,7919.709683676143,4,1,1
68,156065.22463252477,740,49036.209509688466,39,1,1
53,136070.94728363535,414,33053.78234726167,27,0,1
34,62200.79278544711,598,85143.99176481889,11,0,0
58,151689.42998633432,423,71071.12653408042,35,1,1
80,66241.60508802139,555,87056.58861185283,12,1,0
41,51536.4253263272,346,5596.285118199946,20,0,0
19,144320.24277897,762,72361.52546709345,31,0,0
57,171701.70430050723,649,54460.82686379822,20,0,0
32,106677.10058538339,422,82675.00287254101,36,0,0
49,115650.5227649188,330,51208.89850165628,37,0,0
56,74494.56268482184,354,54480.69871228899,8,1,1
76,109031.2427198058,452,6124.970713264447,36,1,0
23,43756.939642233294,755,67183.7636385607,1,1,0
18,192049.5493429382,585,28040.847684899953,2,0,0
64,164064.91765818733,335,2949.6982957032287,9,0,0
40,140235.15094799327,555,7577.279088096974,34,0,0
75,116874.98690319253,477,95771.27528763654,8,0,0
56,162590.4445210336,847,35261.65166840485,39,1,0
78,109056.30312544477,553,86939.48723349473,31,1,1
79,73995.30346781586,807,96008.04617285632,20,1,0
74,48867.362330000964,320,94383.45169489495,33,1,0
34,136565.4059843253,374,88290.7988292426,24,0,0
51,187296.63410477253,759,89589.54733366879,31,1,0
76,47651.33963078321,477,29611.7963897542,36,0,0
58,52403.24810914522,681,15995.51913577547,21,1,0
46,98049.08601371631,336,64286.99364670444,24,1,0
26,165241.882625544,419,49322.45359501356,0,0,1
30,72906.09121487083,300,10775.925150821933,35,0,0
23,65704.32644060507,610,68076.59028621868,20,0,1
23,131593.9324633101,507,56723.14074099257,40,0,0
37,116410.66073737973,453,86443.67268023347,15,1,0
69,30839.66560014253,614,61309.19577315146,31,0,0
70,34668.19591566978,606,57820.67179245361,20,1,0
20,135742.3364332579,803,44634.42060993017,27,1,0
34,103722.24784660032,819,46815.91991899816,18,1,1
80,194775.89448604645,396,95483.7414709325,13,1,1
66,142135.65393141165,789,14706.154930623692,22,0,0
29,21813.25915878166,306,45175.66303963653,23,0,0
65,106583.38036408313,311,65926.89615875744,19,1,1
64,94600.62830638631,813,43868.05391344956,31,1,0
62,39208.49479887837,648,29038.347077035018,39,0,0
72,186177.59045699422,306,29448.379705522628,9,0,0
18,164902.03383471025,799,24131.948579513857,0,1,0
34,61415.463515600335,774,35046.416857725875,30,1,1
20,66076.5365917395,823,87295.80278277313,36,1,0
43,25763.249597501173,356,51017.23048197652,14,0,0
32,73409.14128422737,532,24783.634079704025,39,0,1
53,125231.96160440365,329,39068.144985626706,30,1,0
49,95751.80990960028,666,11477.210795778234,27,1,0
49,194465.98346954255,355,90499.53823413506,9,1,0
21,30094.430467460756,309,41411.58537705177,5,1,0
35,126457.42860182191,446,98058.72925471449,14,1,0
66,174495.69929126865,663,35406.33855298941,26,1,0
36,106533.36423375006,552,83799.24867548498,9,0,1
60,20533.289700871428,552,26382.14601585387,20,0,1
69,63704.26996872953,742,8539.13644438262,18,0,0
52,78278.4156202339,639,4141.602805706269,3,0,0
57,193879.00902034325,815,61010.67423783357,21,0,0
31,184119.1907309659,652,31845.79349568535,37,1,0
75,190850.69091937348,622,44908.46816710701,14,0,0
50,168636.5223710543,439,82046.05652447874,5,1,0
31,83296.59214050279,744,25562.70048378541,10,0,0
51,183057.7559773161,394,31556.59519675641,29,1,1
78,196703.21106866878,719,84688.28232080805,39,1,0
72,83012.83620949154,813,49783.46506100691,23,1,0
21,66900.0738775608,449,82938.85153819628,21,1,1
41,118444.93270079984,650,38073.12434316532,29,0,0
76,53687.3946678074,415,40438.62810188374,3,0,0
46,25872.35985314844,536,17546.69781604737,5,0,1
36,190249.61080085655,569,91718.23950590167,37,1,1
23,186633.31383945546,590,89781.58570724833,25,1,0
74,49277.693677181785,733,98437.48444191257,18,0,0
50,93393.2444473495,308,40842.26558980144,1,1,0
66,169586.5363890834,774,82042.87923410557,3,0,0
57,138980.05378775354,821,42080.41943553974,4,1,0
36,91061.7516507285,836,45975.580103176304,34,1,0
70,153950.77949290743,310,83169.93996588764,28,1,0
18,181468.52987783437,626,18559.310317753574,15,1,0
22,186708.49949465625,575,22810.782511713478,11,0,1
44,88192.93014599402,669,32158.09579918569,20,1,0
33,51240.9224131074,789,79029.72421750569,8,0,0
23,184310.99447491553,644,37892.50338744019,10,1,0
57,36659.98025498509,667,36458.65261979539,7,0,1
30,149903.91042106945,610,99882.81818026894,25,0,0
65,45289.516674944294,784,38996.80816684847,31,0,0
79,90089.63384018459,314,25529.28309524311,38,1,0
52,94080.03437810493,303,62698.154141893385,3,0,0
36,48576.42472017501,675,80386.11524354508,33,0,0
29,186082.65812119015,668,7891.175538592767,27,1,0
33,20480.27024167153,764,62270.33088270903,24,0,0
76,180885.53777899352,832,4537.810132142251,34,1,0
60,179089.2782255874,436,53106.90274697227,18,0,0
27,77053.4576656403,662,26442.164812023108,34,0,0
42,146771.1685782696,515,31357.528069645385,38,0,0
37,65505.60403369679,667,47242.50043425588,28,1,0
48,156579.2412057089,416,92783.63861381312,13,0,1
21,121001.5535217938,478,71356.06335219977,20,0,1
61,74040.5817645785,545,93747.71403216514,35,1,1
40,92042.25565477782,427,66337.12945130908,37,1,0
19,144179.97180291265,657,1703.6669616981067,13,1,0
73,183097.54093588094,377,27292.934537420082,39,1,0
39,43530.77298210943,592,90671.48519431702,14,1,0
68,122845.51454044829,381,64701.106575806734,29,1,0
74,65671.25590228115,641,98183.0764204572,11,1,0
54,164247.00497758266,637,16440.437902611266,4,0,0
25,32642.715056506593,395,30378.03547754542,26,0,0
24,144012.04223081056,444,36874.3982921866,14,0,0
31,51490.28246438537,820,33329.22399856374,25,1,0
73,127349.37531258127,696,25947.161484838183,8,0,0
72,170424.66569468458,656,44903.10585992101,39,1,0
20,155914.51918190232,485,64587.514213567745,39,0,0
67,155529.7197830547,842,31814.43536578291,34,0,0
33,113212.15619364294,450,8890.292408111312,12,1,1
72,180334.20653294984,618,71144.72016242317,32,0,0
36,125858.93568355963,358,46442.6390223456,33,1,0
68,185153.23433892272,309,56091.74830291626,3,0,0
35,118374.04240983517,423,46084.66505922759,12,1,0
69,111073.80134360053,655,89145.39284203612,9,1,0
33,60023.543457856606,645,56315.754719471624,0,1,0
25,118061.59772543689,536,92404.40714532322,10,1,1
77,45305.269624801454,632,51546.958814044025,8,0,0
50,176544.23622671817,316,29966.2280617879,37,1,0
66,141660.5399674928,723,36188.81613044346,22,0,0
29,198854.38072872956,623,52690.80006489377,12,0,0
79,36577.53700229416,322,53468.954342695855,4,0,0
70,63321.09497215164,758,69046.43245334593,24,1,1
28,177888.54876790507,759,23224.992346476447,9,1,0
22,91145.73795840518,820,66225.44709658467,4,1,0
44,103934.53819674156,720,78080.21282969447,21,1,0
29,174917.33972977105,702,67982.60695723201,24,0,0
34,113928.1804909914,630,48700.982871941495,36,1,0
23,54825.65289458627,756,99176.38446056657,19,1,0
50,180565.42077376056,782,41076.5027537924,27,0,0
22,25591.09815614603,797,11552.470843403093,20,0,1
74,181171.3281758198,326,82328.91732532695,10,1,0
45,29093.640801020243,696,22007.9206691614,28,0,0
31,139852.88562802307,487,71615.27171734176,4,1,0
22,32902.28834156024,439,18718.651988797465,36,1,1
71,147118.3374737118,820,2670.8616949359985,4,0,0
73,26114.83783993116,391,16820.06177511354,32,1,1
76,171642.39098794176,376,38321.88096100637,35,0,0
50,103869.91116739725,543,11555.20646585003,7,0,0
79,36821.70428039803,387,20570.22933933252,5,0,1
67,147227.50010182592,593,76698.0014907549,14,1,0
65,108072.22835067725,394,77218.47718973595,14,1,0
58,54370.79459757972,552,81931.33449190669,8,1,0
36,22821.02729997064,850,84274.36841821166,4,0,0
39,95239.6867505967,698,42623.153566761786,25,1,0
22,35413.261531136406,353,86887.41640865932,22,1,1
76,36950.54568450269,542,53067.75062639026,15,0,0
19,68119.31870528182,409,47589.114576664804,38,0,1
47,133482.4935036364,520,72135.09657058181,34,0,0
64,115383.90954097085,461,22168.022724630813,9,1,0
56,32417.71548656251,334,79160.24030591972,26,0,0
21,194317.62966064457,336,43517.116830054125,15,0,0
50,179690.3638930264,669,13602.245986372283,20,0,0
30,66660.58768612848,476,12811.879438179789,11,1,0
37,42020.94367318542,820,17325.767640823313,8,1,0
71,189632.51565625824,574,89166.70069013446,15,0,0
24,103005.52001852597,404,99102.8444036457,8,0,0
32,76010.05365885844,455,36340.406120927066,28,1,0
40,108264.44632973374,635,29922.241368324463,22,1,1
31,159093.94601835418,325,22658.326286839394,38,1,0
40,50309.353694549805,595,82557.8312395573,23,0,0
36,158149.2500316753,836,21711.540759468735,21,1,0
71,154900.42182809577,654,92484.9228630967,30,0,0
46,117082.67687135836,368,67067.68751815699,9,1,0
73,175851.61197492472,626,89815.65137525027,26,1,1
37,43785.8080705749,450,55846.97558502048,33,0,0
46,127186.22119982116,619,69377.30635606719,38,1,0
41,100881.74945032789,751,62326.35196511306,23,0,0
35,96012.5803104497,411,83288.35017605589,20,1,0
80,65460.99282851458,761,83750.22030740223,14,0,0
27,87010.33822578345,661,59389.50698466739,16,1,0
58,39467.13608425984,502,63618.25728364746,18,0,0
74,65287.814557668535,786,92265.71612928517,24,0,0
25,68953.71940005486,779,93056.78191253197,39,0,0
43,149720.21614282508,303,66760.72860562298,21,0,1
79,28739.07689759537,428,1767.6735391431907,40,0,1
46,137214.61546715494,325,11336.710260640159,13,0,0
27,59853.783762774176,326,85936.3106456672,27,1,1
34,34735.071064932905,341,9386.69752070935,11,1,1
19,74145.10899537813,363,22138.39890465157,26,0,0
23,60405.1164971485,324,23824.12134194353,23,0,0
75,119365.827651173,371,60423.242208210584,21,1,1
22,84327.75262063323,781,58086.646990492656,38,0,0
45,193878.8736334987,567,29652.334818619627,40,1,1
79,193438.9278903531,394,21553.52519127584,38,1,1
58,99868.74844164311,694,76688.6709558901,35,0,0
22,163115.74291884672,663,93610.15940499165,22,0,0
35,22388.337354957504,614,6227.762311727431,7,0,0
43,118606.08525046447,416,14184.86580778142,27,0,1
37,153793.85101525622,463,64574.234881865035,28,1,1
58,59049.780573320466,605,80639.70371547114,14,1,0
66,31010.915929869876,499,79327.67820886357,38,0,1
44,48065.408463162064,479,72248.63215518623,7,0,0
66,99532.65569129426,657,88855.3674953111,27,1,0
29,111146.85573612715,551,22517.53907751047,32,0,1
24,88559.32197957832,598,11621.803702702768,10,1,0
76,99195.2780676284,729,61920.93403904546,36,0,0
20,104642.29272967063,303,82405.3132608198,24,1,0
27,158498.5990881973,553,58622.314269576746,33,1,1
51,38943.54165397743,395,96336.75125843172,21,1,1
42,158411.08408869128,466,79760.88167778715,1,1,0
52,143952.91441309964,630,70378.38829001682,15,0,1
33,153498.94570573725,361,6965.471796301626,10,0,1
19,152204.30945755812,473,11666.481634436528,13,1,0
77,104706.52684432107,552,78698.92562652823,31,1,0
41,58052.03322096201,760,20625.554632125906,21,1,0
27,116593.20277432472,514,3854.6824318200647,4,0,0
55,192436.76964963792,538,91165.30788894952,35,0,0
39,125934.62265080547,714,89189.73199642218,22,0,0
43,21988.48613829997,425,22629.898895917693,18,0,1
60,30747.962877750317,552,78240.41954922251,28,0,1
72,198715.41804863943,496,5749.986459953854,22,1,0
56,32950.34466309927,712,29220.742378503044,8,0,1
44,28288.12880808174,755,62743.02391740586,17,0,0
46,83544.36848455797,353,76554.72061968016,30,0,0
64,194477.0965884806,638,2029.5196900307676,36,0,0
55,77361.52767191583,658,33294.652714100666,16,1,0
37,93779.14355754871,450,22220.210446303725,17,1,0
44,134133.8710175418,399,99879.26016912363,26,1,1
58,24340.13107875161,533,67427.24100613827,20,0,1
71,181597.44395345385,843,41161.473835094635,0,1,1
37,113499.74315979778,361,8489.607596087817,31,1,1
61,104025.96308073043,495,60268.35549318942,13,0,1
36,174930.79919719347,841,64528.445622670355,13,1,0
37,191553.78608444383,405,81824.18682281037,32,0,1
52,96216.54169643026,594,29569.10843901699,35,1,0
64,51039.39427278153,750,98161.37996752954,38,0,0
19,166827.66860037312,833,44507.108192081,11,1,0
47,92586.87582004769,455,30298.431711289868,24,1,0
70,188398.1971121179,705,35496.48406614432,14,0,0
51,190981.8170895769,674,52439.01924374526,19,1,0
39,40669.225709846505,754,93733.4548862056,33,0,0
20,192179.71411991323,501,73780.72099402065,13,1,1
23,86288.65858012177,751,58133.855296914444,29,0,1
32,136325.4531782943,486,17118.22841000632,12,1,0
44,26255.014712128286,667,15785.977778196295,13,1,0
27,179999.1693350899,639,50717.494467542834,28,1,0
26,135487.5192820757,561,73142.16175556327,25,0,0
50,135839.80405215546,842,75350.2051027559,2,0,0
49,182391.70879594708,850,23365.524003749582,24,0,0
65,111502.49148332176,605,10909.851771878073,26,1,0
23,93892.9952652591,464,39061.63793612516,39,0,0
58,175903.17541261693,387,91899.08178116335,15,0,1
76,153635.6921368517,499,54991.358014268844,37,1,1
53,190815.61969368218,570,32689.876916345656,10,0,0
76,189221.94079589588,350,33040.129165573046,28,0,1
77,88818.70962084325,788,14076.61747699631,23,0,0
19,100457.53222545522,497,47849.14987450964,28,1,0
46,66077.29168234012,322,79344.90517296901,33,0,0
21,138916.6200449422,522,96887.31046120678,10,0,0
18,85617.55461599959,520,50657.90499583956,19,0,1
36,161498.1163893808,565,17554.276668426155,19,1,1
43,41879.136931563895,372,68612.08958048359,8,0,0
42,40952.51320983426,376,75922.34293178424,22,1,1
27,56801.968655491444,843,8098.275192887118,35,0,0
70,35172.59391873443,734,85163.77383349165,26,1,0
32,131605.68938208226,364,83102.91660958988,23,0,0
76,46523.497883012955,656,47781.56434987268,39,0,0
39,48793.32514417776,317,56481.82934297097,24,1,0
68,22561.080271249877,735,71627.398307381,24,1,0
65,160776.20263224977,740,67998.06438122307,32,0,0
38,166213.2899762266,308,2637.0618411276973,30,0,0
76,49164.034945599145,769,13121.095081000092,9,0,0
73,153114.3981681004,647,17096.465022343327,38,0,0
39,98038.12216832473,671,75811.91301813778,14,0,0
53,63127.07893377044,474,44568.272726345625,0,0,0
51,131849.22945328918,814,55004.76001229569,15,1,0
47,52127.133382475266,429,77496.05625265292,20,1,1
42,156239.04937754638,592,34757.244637344986,1,1,0
62,28570.740962699307,652,75140.13250455854,2,1,1
45,192643.5679270246,523,44787.6281883264,14,0,0
18,32937.545667552404,823,38340.83858964645,31,1,0
66,124300.71546476416,808,33970.68914141927,26,1,1
62,182394.97222202813,667,96529.5367337459,35,1,0
21,22142.804392613063,799,77425.3676601889,34,1,0
24,109732.60297803026,389,2999.398136579408,38,0,0
66,83001.25357592238,371,95784.13316530197,23,1,1
26,124459.79424642363,732,77768.52334294067,7,1,1
53,60582.329612778565,647,15768.2967309713,6,0,0
36,31681.859101710455,562,8557.474415720397,3,0,0
18,132667.94663276724,570,31511.215272285885,29,1,0
27,95032.86310881244,808,62793.97140526011,9,1,0
53,132047.39696712134,807,62038.12222579728,24,1,0
26,57897.04643081172,719,28309.162389772828,31,0,0
62,80973.42733162674,371,45121.82288708436,31,1,0
63,121102.65008562985,373,21977.12541565981,31,0,0
59,126760.30009845091,802,6007.28983150701,9,0,0
49,87016.66539936773,445,52180.07627526099,8,1,0
49,70409.57701098017,345,35352.122290951775,24,1,0
23,69266.11330794726,404,54745.36079749507,24,0,0
65,51445.88325576171,408,94704.22492457471,40,0,0
55,78572.89321932569,616,15193.660857836789,15,0,0
34,55899.26066237959,420,1194.2398127845775,15,0,0
27,134086.77312139008,798,8610.943114930393,29,0,0
67,122432.05968357612,342,46808.121314061274,37,0,0
44,88865.98826076562,398,70986.27095043003,4,1,0
71,78649.403588731,610,58495.59672840171,6,1,0
67,62770.55603503565,513,49994.56613000095,12,1,1
52,116382.49561268142,762,36042.34997814883,7,1,0
69,185402.4975822239,722,31687.442981618595,32,0,0
76,143426.54925000868,688,38252.33133539303,9,0,0
38,153994.64852640213,411,61551.86044689806,19,1,1
80,170188.0154581534,571,17607.641630688086,31,1,0
42,83294.29520081278,401,77364.84622240794,28,1,0
45,31317.640780607773,509,57950.07076921792,0,1,1
64,132060.58459789597,321,27646.481383531336,26,1,0
32,53961.012421045874,458,50614.14331831709,19,0,0
21,122427.85699921992,642,96315.09008083148,13,0,0
46,153111.84196827165,699,3028.661385374209,14,1,0
76,161054.8943866106,753,20752.74144922169,5,1,1
26,74331.04164455278,442,45389.643750424526,1,1,0
44,112237.98186247674,696,64205.532456202985,28,1,0
43,131773.7173298946,835,22010.598362263034,38,1,0
36,167506.52990611194,440,93208.99088924343,31,1,0
73,157049.95971889055,539,64614.62923003957,4,1,0
45,197835.55777592666,591,87865.76294668662,21,1,1
34,21455.24177540196,381,33602.475094781534,27,0,1
60,98748.09935536394,470,83066.43949635632,31,1,1
74,66088.00754770302,825,38443.70247304518,28,1,0
58,41580.80968607721,841,26022.42547365929,39,1,0
59,184072.75907009322,409,91253.87857721551,2,0,0
67,199633.17189722354,511,10129.6290922066,30,1,1
37,52507.317422850254,737,94345.99080958401,12,0,0
62,26918.010704245447,621,46393.005380892944,5,1,1
57,69509.80058249006,383,99269.9218751003,20,0,0
56,170275.1452519512,675,54419.87071976785,13,0,0
66,72900.21497587702,352,75991.329036148,24,1,0
70,30242.26648957188,795,1700.0306174623959,6,1,0
40,29448.593111545382,555,50170.01517605635,21,1,0
64,96936.10442649855,519,74007.8936901934,31,0,1
49,187728.63015109155,399,78499.87497588646,40,0,0
69,71465.67949513375,428,16646.809677558205,31,1,0
64,96888.38252618788,518,42478.124087895085,29,0,1
80,38348.08496886954,776,42488.12385381453,16,1,0
50,108843.1027884166,757,11260.440041406533,39,0,0
74,145378.47157142672,321,44861.5052614552,37,1,1
63,68807.06501189953,628,80902.20291090454,20,1,1
22,73408.03553516326,779,30717.893024279714,25,0,0
60,171555.50457312883,638,43824.87766749443,2,0,0
65,21865.470022491874,478,96134.90982115212,37,0,1
51,134564.72753901745,720,4139.099513264659,16,0,0
57,90899.23428949105,781,59560.65502164022,38,0,0
28,73708.49244106442,348,74600.17308598528,5,1,1
78,138366.88980389788,329,76327.36096908666,20,1,1
67,170240.33392214694,384,71877.8644635204,39,0,1
20,120510.58093916127,801,72918.6929033752,12,0,0
79,25597.031949750082,845,6842.253901631936,8,0,1
75,103052.2143486037,628,53879.52529449695,4,1,0
50,103296.78936091515,733,78513.93809406835,6,1,0
28,117883.72906482941,548,10312.43985469563,37,1,1
33,140772.6021878394,433,2192.9423162999183,37,1,0
35,23477.31263618128,664,81641.62132836615,30,1,0
47,110362.27239195509,724,71517.14436908244,3,1,0
65,125895.39848850633,714,41808.43527452982,12,1,0
72,81803.60955488935,811,94099.24682484302,14,0,0
27,140305.74078627795,684,76893.21137049566,39,1,1
35,61071.9890832508,687,96818.23321905117,12,1,1
55,77127.01995214129,748,93002.21069519926,25,1,0
80,193295.96253637868,602,48648.066694951405,18,1,0
36,82652.66675500522,398,75716.18888571304,0,0,1
53,82370.1597258341,605,67249.94749195626,12,0,0
76,127222.51444816074,341,81333.07579915666,24,0,1
80,194775.55937481084,767,78981.15182284822,19,0,0
30,196954.48027154006,739,16169.965033289449,40,1,0
73,124338.43346173689,626,24139.817649046086,22,0,0
63,20195.663564887855,332,27307.426140579166,23,1,0
20,182118.17913831194,711,82031.35736248405,40,0,1
27,122642.83362386866,413,81263.4286889897,38,0,0
55,85879.35349218846,807,50038.199347004775,39,0,0
18,169255.1253828689,355,58502.393665940195,29,1,1
72,91969.84268303691,651,82865.29314387159,33,0,0
73,26128.01111604764,628,31946.76646709658,9,0,1
44,167793.00015026337,845,5967.6989147199665,40,0,0
63,118254.69218355721,569,48777.047389637555,0,1,0
25,80865.83688035532,495,91457.9972410185,11,1,0
68,65160.627743693214,712,79256.35783504722,28,1,0
63,126883.54269477661,378,37295.11300774009,10,1,0
59,57448.91868051802,382,7412.364687800835,40,1,0
34,78293.15958026057,436,64055.03103286849,16,0,0
26,134575.45569451706,838,83614.5887911815,19,1,0
78,178678.00107306775,605,66829.90807900921,37,0,0
23,115920.25911048778,610,43082.39181153895,5,1,0
60,156639.15169383667,687,13212.007704728063,19,0,0
42,157350.90867734753,848,91166.65016959813,9,1,1
56,139583.71147868963,805,28319.874249584915,9,0,0
66,64250.900782493176,687,23204.416612802976,30,1,0
77,176021.94766704354,592,81781.68989535575,25,1,0
45,98529.61801512197,478,98140.77393366185,16,1,1
50,27957.9339084261,728,66355.86561573128,13,0,0
71,64030.28061251452,823,62856.23841343051,4,1,0
54,157798.70373787684,611,32623.656052885195,2,0,0
26,32444.000447148086,379,3020.931617827805,19,0,1
35,46525.59238788401,313,19987.988716448253,14,1,1
73,144960.82688750682,353,58858.61321910062,2,0,0
76,180668.14215095728,746,15980.329719788506,2,1,0
38,134071.76091037464,364,88499.74488620138,22,0,0
19,60012.38968931983,671,19626.324097435634,8,1,0
78,29614.477384918748,802,52688.34084817825,10,0,0
75,130722.7848590561,395,51689.3113311107,40,0,0
60,28531.744027609515,832,60790.6173828354,12,1,1
76,130289.96934951626,559,33415.972902085865,7,1,0
77,60604.38994899711,547,87479.88590546622,21,0,1
55,182838.09123358934,426,44985.85206153189,37,0,0
75,105516.68032772513,798,70315.20429492083,26,1,0
57,60308.917995745214,345,63955.17523570361,25,0,0
53,173566.15698054648,567,12598.452228850623,22,0,0
67,65726.3717205515,841,62641.29591755853,38,0,0
77,75187.83377447759,393,55519.5651201285,30,0,0
60,170170.02182998203,615,89961.80226233469,28,0,0
54,75582.56536410727,370,88206.78701200543,0,1,1
32,93829.47846151472,748,15944.52395375299,9,0,1
45,82579.82073659598,666,9086.82941307416,3,1,1
35,40952.05720946765,709,30164.629701876005,30,0,1
51,27001.246204428706,390,98674.67281174657,3,1,0
80,150417.32133097664,808,3135.8038642253578,28,1,0
39,136124.68230842974,827,67616.3317177148,8,1,0
28,70825.8921593703,409,61242.85965025674,14,0,0
75,73207.84249727812,388,65011.24976532387,40,0,0
74,190101.04094156265,571,22610.303087303408,2,1,0
30,197780.80290202858,546,23445.017234185143,14,0,1
21,105218.28258206483,660,43633.56613520864,10,1,0
39,164441.31418666887,677,10489.922899628678,5,1,0
24,152603.45765648579,505,8386.70769287508,6,0,0
78,73517.18771216845,644,9747.585895123622,3,0,0
60,30541.2878936861,754,57724.93795931952,20,0,1
71,45660.1262842892,366,40376.443832891484,0,0,1
41,170892.9410601374,342,30068.061285070085,22,1,0
21,151618.4875993306,528,32266.118585479253,12,1,0
45,139580.27200321003,743,21521.0472790583,27,0,0
32,43516.789705396695,533,41739.02819687156,28,1,0
18,135187.52374109445,498,21102.748850796772,17,0,1
72,158987.4196687608,796,70106.55818763393,22,1,0
20,174908.3149748523,331,13269.318752739677,27,0,0
31,22381.63025485128,563,94875.9663735038,8,0,1
55,143205.51833812598,412,9892.075072600937,5,1,0
67,23437.578008576795,758,94402.61071370772,15,0,1
74,147237.11219781893,575,83496.20218052025,36,1,0
18,134411.84565176087,445,68390.49994072465,0,1,1
55,46702.615325415056,656,91317.86390098288,21,1,0
55,157901.91524212345,305,14782.66055822031,22,0,1
38,32302.571274144408,639,18455.162644504617,20,1,0
65,168751.77927403402,793,25963.106613822765,30,1,0
46,67147.26407268122,407,25236.341149823198,37,0,0
22,143993.3352141197,370,31773.978821788856,27,0,1
66,186264.08138393666,639,57987.45892903624,26,0,0
27,81168.86444122081,399,3789.0885192053574,38,1,0
45,110520.93402927545,626,38844.9869089576,12,1,0
38,103361.24611108107,332,25392.127661367052,31,1,0
67,48370.042831316256,442,61056.35495721948,6,0,0
24,126256.1618883371,543,98531.76377410203,32,0,1
20,153740.34533377065,516,52247.806606153885,12,1,1
62,185037.46920628747,733,43142.838672724945,31,0,0
64,173144.4682969123,353,37456.1109693665,6,1,0
37,111803.4883510457,450,78709.97266910592,11,0,0
36,149423.08781214827,354,8126.112233421967,39,0,0
52,164141.0144073007,816,96017.28093155203,14,0,0
21,108827.96847290278,747,42373.87071281651,20,0,0
22,40776.960926768195,334,32056.371856686186,11,1,0
18,98827.53749252675,418,97432.74352357042,12,1,0
21,171646.04687628167,496,93652.00746107679,39,1,0
29,127395.4529708723,813,64551.47983680638,38,1,0
77,150402.50786168102,721,2832.230110189731,1,1,0
44,53348.24398746576,816,75104.96264445061,28,0,0
73,193580.79827798103,438,34220.18260415813,28,0,1
59,92734.4953087957,343,39439.74285457185,35,0,0
40,137654.39408919122,518,16715.470768761472,37,0,1
42,23397.00582630895,557,52822.35030262503,6,1,0
38,42917.46720595244,812,74710.70702417285,29,1,0
78,160766.1685792854,676,28028.100691213775,22,0,0
80,194234.50019364583,588,93934.55789629414,27,1,1
75,77609.96390998608,769,20278.948744292476,22,1,0
69,26692.53228942767,402,7559.971718848903,35,1,0
41,84955.98835642476,448,64792.023461640194,28,0,0
42,23144.26345022047,383,85082.55445612464,3,1,1
62,54627.15660724444,325,95360.15307144371,19,0,1
72,155444.96270967292,474,76949.93004113536,4,1,0
63,188675.9116591693,721,20765.35113910116,10,0,0
49,35740.8351863996,645,97788.4572955693,1,0,1
72,120422.14018589167,601,92024.15172685543,40,0,0
49,65698.55230232576,597,17153.5748534823,23,0,1
22,45030.64264290732,434,56319.796864617114,32,0,0
53,59416.441380480355,354,55996.22516716691,21,1,1
63,123997.35214958734,355,44810.94303481761,5,0,0
59,31724.210259912987,673,98443.85169570919,23,1,0
66,98159.34731031515,638,6902.601480841899,28,1,0
59,44341.0131719295,756,63093.68193591489,31,0,0
75,69081.86943100666,654,21325.0586452022,29,1,0
56,54335.779353787504,431,53205.789268365006,40,1,0
33,178935.5899695615,792,78194.33640696436,2,1,0
50,147442.0395568321,409,25425.953513686087,24,0,0
66,176323.26421054467,425,39942.59510183171,27,1,0
38,89023.31021858465,595,95126.03935375951,14,1,1
78,76414.40567366063,478,76386.59303431064,16,0,0
26,88505.69508159807,496,57699.59526667172,1,0,0
23,23338.675230393346,400,22977.74139286496,26,1,0
68,150446.76952674048,482,43105.23831028073,35,1,0
62,82959.0422411141,308,77632.07058594235,13,1,0
52,76398.2846438225,712,82233.76473288765,31,1,1
56,127665.39176669592,403,25216.013616097494,11,1,1
39,98524.98410776696,425,66543.9608312849,22,0,0
58,196551.80628030174,845,10405.29622021659,15,0,1
71,84125.54772178424,569,3298.018437595979,1,1,1
22,130501.2515974244,765,55318.7184198691,6,1,0
59,76097.1981097373,417,23213.605573762445,20,1,0
40,198307.0964379182,391,8812.291092971154,30,1,0
34,100119.98624962306,784,73253.00297662777,22,0,0
29,134143.18595602454,386,50299.484248099856,24,0,1
40,42809.90077148187,533,79831.4240848866,34,1,0
33,151944.35867545847,423,66730.47972837514,34,1,0
20,68457.81041761197,502,73250.68905163351,6,0,1
47,100750.38550934094,331,31428.697548294083,4,0,0
74,178963.9512189424,656,27064.3067426404,31,0,0
80,194699.45267931826,762,60486.61431743086,4,1,1
39,96422.97833126425,850,20808.131899410353,24,1,0
26,170264.48023180998,393,81725.79944757008,30,1,0
46,29602.819018974937,821,52769.096728449615,19,0,0
64,172563.32536224727,707,23472.003302428337,21,1,0
54,133311.85798747695,399,62891.65500066094,37,0,1
40,107967.11031048835,543,94558.53777327815,12,0,1
30,180193.4669247046,357,9127.377932486637,38,1,0
49,172160.7000511545,656,11825.175524036791,1,0,0
63,73450.11727164296,790,84540.07553947065,21,0,1
69,162467.90882205634,619,11849.783682120484,8,1,0
64,37908.36805922707,318,4898.161565945792,1,1,0
65,168097.50838412662,656,35445.127523600815,31,0,0
40,141582.0112441851,416,47203.88260723816,7,1,0
62,35815.939567749694,435,57374.999232378286,15,0,1
34,142954.43122534436,595,51222.72302386073,32,0,0
72,124493.46980174663,824,91405.27170315322,10,1,0
57,127019.01820610807,400,77098.1419387721,31,0,1
38,72355.50832334574,679,98397.21533030937,7,0,0
19,67969.49600231214,454,48169.08689930691,31,0,1
54,157256.3201697236,404,9348.631374078714,20,0,1
23,66226.42658310305,825,95597.53365134458,24,1,1
61,100327.20532578176,427,1407.2029973206386,19,0,0
35,145062.01974778125,700,77833.50537006579,0,1,0
47,34330.9252389388,828,4096.921046396266,20,0,0
39,127018.7088700983,849,76360.2048745122,6,1,0
71,126087.74707666111,423,93855.95504495737,24,1,1
50,143161.16795984458,659,39536.76943577364,8,0,0
47,86587.05715501856,363,24855.520270752048,21,0,0
34,100816.35933149114,401,23401.636098671253,1,1,0
79,79394.47651004486,576,49680.04677087013,18,0,1
60,165470.28449397965,526,17917.81653992236,5,0,0
49,43509.93680650384,322,67619.43943531149,4,1,0
59,193331.71164355936,363,37466.88339134912,9,0,1
68,134270.5080762591,456,32987.83974792264,0,1,1
31,179643.21039059164,689,46667.27204938925,25,1,0
75,96721.66248765757,448,54716.16274153543,25,0,1
27,79810.2326705594,662,15051.095963620783,17,0,0
64,182130.64582231702,763,71068.5730158875,20,0,0
77,37797.1451977345,698,88411.76289062729,11,1,0
68,41079.30167095001,704,28520.704703916996,37,0,0
53,73882.41976724193,431,18858.699281118996,13,1,0
51,192759.49671793732,496,76290.03694818729,31,0,1
26,133952.34977571928,334,19170.6306527993,38,1,1
59,119754.86539077168,719,5084.260875932705,34,0,0
45,146964.1405439757,676,62305.07881789511,16,0,0
28,95145.42009406991,698,24735.390214229672,9,1,0
31,156453.23025574387,519,18009.23048392741,34,0,0
56,90781.52563511797,816,98178.67142973612,15,1,0
72,168745.3732741636,641,29894.63335657304,5,0,0
64,68113.11477377082,715,90440.88573133803,3,0,0
71,69958.39867364436,755,18643.657822971825,8,0,0
80,114028.99497681233,596,82078.73607418108,28,1,1
36,97537.00850511232,630,50699.86843179972,6,0,1
71,136660.85197124517,638,8780.882142483533,15,0,0
32,85572.33584124422,597,73626.92407071366,5,0,1
79,61499.116832666026,611,89315.26380174322,2,0,0
45,104565.54131892219,354,17138.68204321663,13,1,1
41,120972.16990948631,833,72833.43399128136,13,0,0
25,45668.00968934428,404,45060.199388239256,8,1,1
60,120209.35263196976,474,75633.17487241511,35,0,1
78,77466.20694462143,593,71678.86687034526,22,1,1
26,90641.33927633142,850,3633.422815837536,14,1,0
64,70277.26323139062,674,18693.38256074836,6,0,0
50,187653.85900275077,749,47631.697050295166,19,1,0
79,143000.53063043847,744,93425.82301929595,18,0,0
50,67242.85605212301,359,34865.272218725346,5,0,1
36,136105.64021935104,691,63258.47355773801,38,1,0
20,172743.03372476832,689,2196.2908059284523,0,1,0
27,92293.43749989835,511,71401.56523314747,6,1,0
57,169392.35164811282,834,60703.75801252765,34,0,0
64,47794.68998119862,539,71824.07991496082,24,1,1
59,168100.64567591026,787,90561.40068946955,37,1,0
18,117252.96368102594,421,15503.394378663193,22,0,0
46,60135.407841796776,552,26897.370004798642,24,0,1
67,93285.44922006405,440,99582.30832464606,37,1,0
51,197838.738640391,751,16472.111892453067,10,0,0
68,161040.0829956367,452,72342.0736460766,33,1,1
30,123515.54504932075,607,72782.51514057929,30,0,1
71,40729.50414281461,616,68616.38087732137,37,1,0
18,95206.08492227003,828,23516.61834214319,11,1,0
51,67349.2725221487,595,22298.272258173205,8,1,1
46,32780.19431097025,644,66967.76573544402,12,1,0
65,117596.7899694767,581,19438.76826146239,19,1,1
64,180053.4259713577,507,66494.7698423132,20,0,0
30,141607.97627134252,395,49760.29992050649,21,1,0
65,64942.46983649201,751,39276.257897289026,0,1,0
66,123245.22925168205,672,30723.002588416628,39,1,1
70,189782.17100245442,372,94810.11639898855,40,1,1
78,150124.70952612837,632,51301.27211653597,16,0,0
46,144105.30189321752,692,56563.94428858524,3,1,0
56,194268.46992095292,405,94976.35238399176,5,1,1
41,163797.19601312446,400,65733.85449161624,18,0,0
43,44592.23775777538,658,95827.43984792593,29,0,0
34,82574.31565571626,628,11530.307311747147,22,1,0
24,193725.3261327835,694,84817.32354546798,31,1,0
30,108146.97095563961,334,34206.04817428599,28,0,1
22,40094.740157813365,456,81238.26498196377,7,1,0
43,102548.87834102154,572,85708.02579530288,20,1,0
66,145458.78213274415,695,27877.300728113027,16,1,1
20,199558.6799026234,506,41474.23103503241,16,0,0
24,78302.95698137634,605,72875.4210771755,20,0,0
75,112535.63747826927,835,10806.507458800097,14,1,0
66,178342.5268369629,761,75797.81989959466,26,0,0
56,83948.09925032003,551,11936.819679419657,24,0,0
70,39667.0801863543,566,91531.11749453776,32,0,0
18,190808.4575002707,508,28357.59003633899,1,1,0
66,107919.34520843002,838,57984.33533986822,15,0,0
79,110501.0679389549,802,12598.196507551005,35,0,0
34,131816.0260287528,813,27679.82231158539,7,0,0
60,20636.59226658043,447,40991.54930522344,15,1,1
42,187603.61160239286,382,49217.83879161842,6,0,1
76,85061.1952594175,341,1006.6822670108688,4,1,0
78,91447.73522918276,455,88976.92047566637,22,0,0
20,51339.664555982294,752,1759.8061463288345,7,1,0
32,88067.29039264299,583,77594.77173644808,2,0,0
46,164709.83553968937,487,47587.31232328073,34,0,0
70,163998.50105999626,773,52864.122465236265,35,1,0
60,188443.43136118152,806,21618.282454119548,35,1,0
49,92581.30508254324,432,61129.46668422471,14,0,1
43,147569.87067474518,570,54185.95900777577,29,1,1
77,111302.75993736027,372,17259.40425540924,14,0,0
33,164724.10211344357,735,24573.781133572695,28,1,1
42,148257.56164393947,592,7623.459272233259,3,0,1
71,86222.52655152962,736,7562.0736368558155,33,1,0
45,80601.29016566464,359,2363.80280929023,22,0,0
26,65439.643345034165,626,22826.95822282529,34,0,0
73,123772.8422879548,481,68286.46151230851,27,1,0
73,193491.71328689472,733,32305.323426093273,30,1,0
18,56012.01277116188,818,34930.69271687029,32,0,0
46,37145.44188277854,382,14058.633932289025,17,0,1
74,41492.11557373645,327,57971.59609798557,4,0,0
39,160957.761725027,565,34872.22051312699,8,1,1
33,83018.86477122147,582,67955.36353959126,19,0,0
58,60386.02898462835,696,74404.48741541279,37,1,1
68,83511.94130723001,682,58884.594649589824,8,1,0
61,136159.5463093139,618,28330.88414439159,17,1,0
68,118421.68246909107,492,51352.17213438818,14,1,0
71,153846.09317382067,526,25941.14966354803,14,1,1
58,81033.34672671973,750,90388.37070003789,13,1,0
24,101365.14322364338,481,76872.18925817317,34,1,0
31,38354.30641332623,626,49807.58469455106,39,1,0
46,33150.55628590066,502,96580.25717463651,35,0,1
36,103205.94371193809,701,55128.78922628861,19,0,0
36,74287.38934026624,771,33525.01221873787,10,1,1
19,130304.10298450355,478,10451.26277861066,40,0,1
58,27740.389780022946,317,54830.81883652794,16,1,1
62,41917.94796792178,762,86181.24454655321,40,1,1
32,175734.34599915112,845,86805.15408748842,24,1,0
20,121936.09187343881,702,60852.13960159209,28,1,0
28,148169.8160644209,692,39950.39796018707,22,1,0
70,171554.98136731322,599,65379.334500977304,8,1,0
63,103490.1817310094,650,76451.89510134491,24,1,0
47,156990.8691141457,486,41750.853655018494,40,1,0
74,114425.40423323438,646,48149.16275227761,22,1,0
57,60094.7786492667,708,68381.01443041636,1,0,0
35,80778.11038416912,370,87788.6080041719,0,0,0
68,108263.07939001895,626,79310.02743608522,37,0,0
65,77039.39939100874,511,3216.74556271452,5,0,1
19,80394.9844429817,608,13312.862034674195,14,1,1
49,80730.70962477796,407,85425.03984826665,6,1,0
25,42111.19619427875,476,83548.45997645833,1,1,1
39,35235.66929820525,726,39491.87153172221,29,0,1
23,28369.28714443478,830,58843.514313408894,28,0,0
29,39972.12698618062,717,90678.65326043598,11,0,0
64,81867.27658441124,547,91244.30941970253,33,0,0
74,126896.92504095027,508,78526.19173032818,29,0,0
57,53866.44689769361,515,21749.304897608217,35,1,0
53,179841.59228047484,737,73297.99792804054,34,1,0
32,165508.8376231009,610,11008.744802358606,1,1,0
45,113694.88030564945,682,89499.90748600234,2,0,0
69,150357.76954640477,570,15765.731554292737,11,1,1
74,85939.13444577652,420,66572.51537103365,3,0,0
66,26620.002691956182,706,61414.08415098252,6,1,1
62,182779.91255585718,544,77913.06593207872,19,0,0
35,43002.82788640796,365,55606.172733487096,18,1,0
19,190628.72234833727,527,6897.090962197486,7,0,1
30,122938.86588789981,436,70878.77915037077,2,1,1
62,75001.35098385738,493,38932.30132469153,26,0,0
71,109194.43219613204,788,32708.215120691875,14,1,0
32,110293.36560615695,653,99175.68140383974,7,1,0
37,24191.674299664744,456,59449.57683001305,17,1,1
46,83982.77333914496,775,71361.18825367172,28,0,0
76,153175.84391772514,315,53106.287556629184,35,0,0
59,111812.45401112744,377,77227.29194921361,2,1,0
46,63961.42106172515,351,75455.20081449754,8,1,1
20,80319.77480664992,813,66057.46545233589,9,1,0
36,175349.79076087085,803,99776.5630829339,39,0,0
20,114598.94062704132,360,46519.55987423063,19,0,0
71,115103.38205922248,431,70913.04248151735,1,1,1
31,193064.14262918182,681,79980.0183176869,0,1,0
57,77758.6518265958,842,38227.436249859886,26,0,0
76,106317.40251912111,709,46260.32772780824,3,0,0
72,166108.4475897501,454,96947.55937266795,36,0,0
79,156604.20479966534,350,4196.810695534201,31,1,0
21,67843.89594716106,394,34194.26974213052,17,0,1
76,47196.38856896945,822,49135.083271528325,13,0,0
77,146126.8237137263,823,1145.0343138498333,14,1,0
69,66378.11182529505,654,90013.58299965457,3,0,0
28,186081.6491343634,344,29338.19562100371,18,0,1
75,43264.5849180607,504,26512.778378834984,23,1,0
48,77296.73602425978,730,82212.29334002045,29,0,0
60,29861.70444648448,555,28520.33962174506,12,1,1
49,146594.95523540807,547,66104.63679630021,10,1,0
44,180427.27680477168,832,82328.81124629396,27,1,0
47,134457.41491958126,340,79455.20792332687,10,1,1
60,188795.54279206705,758,78413.12300516696,0,0,0
19,43130.71613021774,576,9775.11941665825,3,1,0
79,35792.1069072858,494,8904.849789664055,37,0,1
66,170914.29161012673,370,31370.23353800136,33,0,0
26,173992.0115695714,569,4558.840238405759,11,0,0
45,169587.11487928306,634,50542.54391540717,23,0,0
48,163813.68245607422,607,40083.42456075161,36,1,0
77,85201.10550895883,726,56145.56534177176,31,0,0
51,59143.175046449796,498,30580.065328299355,18,0,1
78,187184.7235996022,375,49089.64629605228,28,0,0
73,75260.03291270012,824,34139.73182004633,37,1,0
32,91713.3827895258,529,20325.601130107552,28,0,0
65,145920.61270129395,384,65287.301432643675,18,0,0
42,72804.09439891778,461,67670.15424841933,19,0,1
53,167443.43988098024,696,83093.93758222526,2,0,0
25,32606.232253720627,670,87600.42653221876,39,1,0
26,162412.8801300082,514,70741.72853242363,4,1,1
75,128333.23807120475,300,69062.3105830537,22,1,0
75,123138.85594044672,676,6610.8908683107775,4,1,0
54,102507.86704495893,711,11868.144904358982,29,1,1
65,69868.20733101603,499,81443.70832869646,31,0,0
62,103532.65137762259,482,24062.174900739523,23,1,0
79,101005.13216336371,709,36200.940961491215,34,1,0
56,125075.75398095259,697,15384.438013911806,31,0,0
49,70683.37145399544,515,20320.044888916982,21,1,0
75,33967.20475570682,648,77766.30630165042,20,0,0
69,46116.10039504489,340,26924.10233203829,27,1,0
34,145851.9376630831,302,45454.461660154826,33,0,1
52,24048.61933439729,393,16015.465932864689,15,0,1
54,174159.7480361774,358,68115.06072529376,10,1,0
36,144991.5189463844,706,73098.70367921414,32,0,0
61,158255.57743538893,317,36807.53947197267,37,1,0
46,170477.20083682548,793,78689.91796615231,18,1,0
76,42087.87990743261,807,24750.75854029052,27,1,0
24,168041.19637461193,631,69498.48234791546,28,1,0
45,110835.63877863015,468,73266.49356062493,36,0,0
26,179394.29097557548,505,96897.08040108885,2,0,1
80,179585.58819086183,820,23999.84485348491,17,0,0
45,24352.04787575064,804,10277.33752423252,17,0,0
23,88915.738787037,645,27040.506806688874,11,0,0
46,114751.78325574921,603,13163.357461629786,17,1,0
75,142104.81616092235,414,17799.736540936658,31,0,1
34,71513.52440314411,386,34077.33667374147,35,0,1
33,65385.60691963741,394,41985.08392547809,18,0,0
40,88627.8294360285,727,90468.69834938657,3,0,0
48,110168.96451498101,749,20365.961378502085,10,0,0
20,191206.3216529744,840,97204.1386162004,2,1,0
38,157179.52400553875,301,81205.167779721,26,0,0
43,97277.81004878695,377,88265.66759945065,15,1,1
53,29785.91211923308,623,93014.95498428411,17,1,0
59,50333.70658587669,397,75570.87851697094,29,0,0
54,102066.39637749507,409,79089.20333008905,23,1,0
70,166488.66201776676,756,44344.011363956335,5,0,1
39,88525.19642192191,787,51534.573232948154,33,0,0
79,116929.39713411075,670,93316.0572498968,11,0,0
59,180524.87949531837,636,38447.335243712296,22,0,0
29,184483.3266967932,321,5152.760233356513,35,0,1
59,58839.49935968409,604,76512.68416200252,39,0,0
78,27847.08592266699,571,57742.59366003432,14,1,1
30,74973.89557487269,789,81672.72027198786,15,0,0
28,145244.41666864042,745,8479.57539448525,13,1,0
71,191200.19617572796,577,62501.96705710319,14,1,0
33,33865.75999714051,676,25522.882911085042,11,0,0
25,25127.08589886887,531,90423.59085495392,34,1,1
57,179146.49833742992,725,11881.084034432823,24,1,0
76,154666.1484385654,354,84463.85799978125,13,1,1
74,198604.74424800355,740,9766.870945219125,1,1,1
57,91422.71866381758,333,3484.6381942028115,17,0,0
62,94889.16292461847,628,24270.88357415031,34,0,0
76,51016.13071354093,753,33971.40955174169,8,1,0
19,40852.48746752093,687,63026.34840937525,10,0,0
47,124169.24190624284,729,14040.735138744325,25,0,0
47,85571.30023306985,775,44295.663425516424,2,1,0
29,34456.96063014411,424,21222.0966081845,4,1,1
27,179657.67251419756,822,85675.02883315926,31,0,0
61,55704.16428487995,781,5451.684287179191,40,0,1
28,154745.1824606359,616,36237.83494216359,9,1,1
32,70801.14730126,421,63506.03391694178,37,0,0
33,166322.86953550382,846,91395.72962714196,5,1,0
34,41311.431456977734,612,86931.34884669563,10,0,0
43,156092.88983991707,786,89624.00795219919,16,1,0
19,37661.39730209224,311,7222.476074615227,1,1,1
67,100444.8418142498,424,84251.4028848825,40,1,0
29,152120.78310792882,376,78211.34527586779,23,0,0
68,51179.308613642104,535,90340.73327828628,4,0,1
43,71419.69799241013,553,31846.050458542133,20,1,0
40,175658.0585765956,705,91264.7455210633,5,1,0
35,179321.4777633763,542,40861.46742355833,3,0,0
79,28088.38144149072,760,63775.868867054196,8,0,0
49,50256.305363535546,576,42993.72012949283,4,1,0
66,41144.94924911462,768,43337.194621049464,3,0,0
79,52344.757037234536,519,55117.06486069525,8,1,0
55,194633.79037512906,524,36236.74425246143,17,1,1
74,119297.94478228217,400,79480.96243265434,15,1,1
64,104260.23028188682,806,63730.234806108645,1,0,0
20,197204.1271566709,630,69285.82039235563,28,0,1
55,120252.10337493237,536,23872.445221954596,35,1,0
20,139001.22692219442,638,96987.95355965785,11,0,1
47,79898.69828885244,805,66357.43367952357,40,0,0
78,88780.67561171335,464,20522.39058850877,36,1,0
18,126993.68908563314,517,75298.53410363234,33,0,1
47,32561.441120083655,675,18197.696217554647,34,1,0
62,66058.91948805953,311,7275.10473365133,39,1,0
49,55426.11490285528,731,53227.7862184376,5,1,0
45,22860.810765200647,382,55798.87146207238,36,1,1
38,116642.22869367595,730,19707.59189842826,35,0,0
75,120989.51111429824,777,35489.51548492374,19,0,0
63,89109.0601467066,668,94631.160272191,15,1,0
30,68370.94450366235,440,29215.3199766615,7,0,1
44,137370.77767903247,755,16401.238015771498,21,0,0
53,44238.64904920224,801,99263.63390787995,4,1,0
24,113350.70569436013,702,30928.24810166621,4,1,0
39,158253.31744591158,587,68345.11364146178,10,0,1
27,49573.637111445016,654,23924.45796248737,18,0,0
56,155586.71694724736,642,55461.99850165255,38,1,0
70,156943.01164761162,448,39241.91667435194,16,1,0
32,30786.796681481883,509,96196.34685475967,36,1,1
32,23381.17869569273,411,43847.78158049828,37,0,0
21,195308.37307787506,835,58833.24423399069,17,0,0
49,54808.87870978849,348,94531.86032411456,8,1,0
40,167985.05763801854,630,98934.19569385756,16,0,0
72,121133.11754815375,664,11064.178036494653,40,0,0
23,67604.98835665942,310,83597.7504921965,32,0,0
41,43394.67859138627,487,38829.532924537634,19,0,0
37,109401.90924399096,808,59888.041914355665,17,1,0
75,93323.86609330098,744,38129.759816569305,23,0,0
54,145799.49532107223,389,40710.504359824445,12,0,0
37,182750.3389185908,747,16726.896062526044,39,1,0
29,164944.65565341891,331,57703.87938435873,27,1,0
50,69401.36903686615,626,55124.878648527745,2,1,0
45,178207.97932141504,373,19746.223065301587,35,1,0
25,170010.43653882874,550,54631.3125040602,10,1,1
18,187244.52206991828,749,97337.08638047753,38,0,0
54,102558.94778683777,654,71726.45098952518,20,0,1
80,158343.53103369172,832,48617.27339875184,36,0,0
39,126498.45179426068,595,91692.31457255615,1,1,0
23,75890.49545890701,597,57956.12129402527,5,1,0
78,198997.58045769742,627,14369.751874052534,4,0,0
38,26895.344031139044,601,55203.45513343318,31,1,0
49,49209.063060633445,811,18916.338421220913,36,1,0
52,180657.6252557411,637,76982.97903601975,39,0,0
32,30901.311814274035,673,96750.24721517612,10,0,1
22,179627.7201218339,393,36721.039869789696,16,0,0
77,148739.86569047614,431,44056.87013239426,13,1,1
73,26603.120971017615,352,42728.15021702438,1,0,1
63,97277.60771375179,795,29244.697603693305,38,1,0
67,155804.86550040267,528,79623.81652298447,17,0,0
65,124958.05123354394,511,62155.104941952595,32,0,1
23,188456.83255360243,803,7341.104128799401,29,0,0
42,176175.92592415996,794,84041.82716729041,14,0,0
73,79876.57436014627,532,19521.73488416752,28,0,1
63,35232.89519361626,370,97935.96500920299,25,0,0
76,189966.26713621724,488,38289.65076125401,0,1,1
73,113111.61819822679,307,62028.51506788206,16,1,0
57,33391.572386950735,631,8704.53827070701,38,1,0
80,166983.61040467033,315,35121.66419414731,1,1,1
46,176331.1647233704,392,80433.04177871736,14,1,0
24,135096.4352317828,561,48243.640703372585,21,1,1
57,100551.61382354118,848,90555.74487085827,19,1,0
30,139191.1422182431,460,57938.705664029905,28,0,1
55,147203.06522692225,650,92928.64734417903,24,0,0
35,180745.39245547424,473,98278.38079424306,23,1,1
19,192055.10246745285,616,45935.56139230932,33,1,0
25,112577.76783036404,317,56950.500685203,20,0,0
28,163729.01603478126,785,83657.1436818757,1,1,0
50,193611.7200784979,666,22931.76754804549,15,1,0
71,47223.80086645388,650,86301.32780432985,39,0,0
78,23288.236689741803,827,59600.09389734969,20,0,0
55,176413.4791126929,734,72824.51340306802,36,1,0
65,55149.19998448894,569,8905.548243681076,7,1,1
44,27646.17799372417,367,76852.58066188695,13,0,0
37,48817.304778340025,329,31767.903552792184,21,0,1
29,89140.68402387846,615,80717.99540813436,17,1,0
60,59467.826286664415,463,51406.101291967985,4,0,0
78,74945.65323807974,619,28186.81914674768,29,1,0
48,195552.92925740834,313,95323.21000514376,30,1,0
44,146792.99794926352,578,76741.17737343842,8,0,0
49,148194.51108557673,731,98582.92131349104,30,0,1
78,37043.367451026104,562,37082.519942808176,30,1,1
27,151777.7065680845,821,65272.74372062223,40,0,0
20,153081.97993195488,471,61547.27910850895,8,1,0
62,138754.1033131938,657,69068.11736581149,36,0,0
44,61118.53327961751,312,4793.340038091752,5,0,0
52,96146.51223479329,531,29880.213063860036,25,1,1
48,172329.76184053256,775,91024.41980528992,9,1,0
32,140636.29328131274,770,42958.18543235046,5,1,0
33,151898.39029998242,459,96103.72422907318,32,1,0
78,125727.3920226456,560,22136.8140918526,29,0,0
30,100925.58784012012,658,99744.97337462785,39,1,1
66,156629.36181207947,554,70060.5099869937,23,0,1
52,32226.64658593489,814,77862.9489825823,27,1,1
69,141168.93190044753,579,40289.256048051044,37,0,1
28,199496.81141312225,416,90793.80400480147,28,0,0
76,160434.5473042457,461,55000.827194903584,14,0,0
38,72301.43208394195,597,68412.89964223887,7,1,0
68,70007.50904696851,596,10386.018862292314,22,0,1
71,140099.3499068226,657,63536.38938839645,8,1,0
28,181253.76626153546,817,88028.8198379535,10,1,0
47,124030.95335261172,677,18650.03959338282,5,0,1
80,114932.4116906105,725,74034.86752884976,11,1,0
77,48869.14409186084,836,3514.6751404708,33,0,0
65,148782.251964767,468,92694.09863968937,20,0,0
70,146413.75153482033,814,98308.79448708743,31,1,0
52,194051.2506200926,663,36063.82661301135,35,1,0
39,74034.5931750196,729,11600.31112181815,24,1,0
55,156160.1857461557,382,66199.06044815136,34,0,1
48,98131.74701557322,629,3953.6169006004275,33,0,0
31,120525.10249090429,432,48766.14184842149,18,1,0
41,166961.69400810046,756,27906.138338650766,36,1,1
67,59959.10810341561,652,47860.566341334816,16,0,0
66,81716.37311493469,643,2809.275959097341,15,1,0
49,159195.56063556747,393,6109.606123999941,15,1,0
53,122682.42475181496,681,2581.607055494851,3,0,0
49,36636.12504291264,594,62294.05513466429,29,1,0
72,97433.45602013235,497,56449.19884984564,33,0,0
32,125593.99633514295,378,24082.641855123842,4,0,0
60,183713.11696010947,850,65017.66976149811,32,1,0
75,53927.84898895496,513,88536.51843260253,8,0,0
52,165071.53430794692,458,28454.888001585252,16,1,1
20,43512.40695378644,500,83367.38698001976,11,0,1
33,63602.4188136453,321,66588.40446421597,23,0,1
22,63801.89902822215,638,4348.223874125333,11,1,1
38,177946.25526358988,541,38139.839687114014,14,0,1
78,55823.18456269768,537,51267.9643700427,15,1,1
27,161652.93085737363,448,73438.21980551742,22,0,1
36,103125.17612353158,306,29425.925267088278,17,1,0
42,199836.33820351594,532,98290.2803809353,21,1,0
21,171036.46975737897,376,68769.43431000349,30,0,1
78,153146.56420060724,788,37908.554039271694,14,0,0
46,176730.7351973952,386,10605.478868634089,20,1,0
80,134125.47066890605,521,18955.408266810184,7,0,1
36,171857.40617512958,712,49273.1682454605,39,1,0
60,67002.83252506205,501,49974.8401408783,35,1,1
19,37586.57799819349,575,77004.157717314,37,0,0
27,130867.76127560037,520,72891.48593165299,5,1,0
78,98244.27067944549,456,20926.030813263915,16,1,0
60,96759.34315263775,480,59900.70543526824,39,0,0
42,114814.61343740832,428,3041.5582735459448,35,1,0
37,85048.87008179765,542,40456.19253904901,27,1,1
65,132690.71565970924,471,76646.41881658898,22,1,1
36,25502.306122573384,802,40551.35073542948,30,0,0
40,194580.4415387174,779,83724.02774034099,10,0,0
41,186447.61856820268,569,97639.37372240287,19,0,0
28,188348.62926474804,720,61114.04766723721,31,0,0
63,85700.6292050693,462,15355.403557833904,16,1,1
51,115740.37237863796,323,38588.04358263566,37,1,0
72,191743.50855036353,796,1938.8521517691415,5,1,0
45,182422.29015696558,492,60669.86646023451,0,1,1
22,162244.00566220653,689,82335.28159640601,36,0,0
80,93319.68617256664,796,63364.06781338125,3,1,0
76,121581.06017279121,428,78822.53668916153,30,1,0
22,162724.2453589966,842,80190.48880031279,10,0,0
68,69142.1591972057,335,85250.2450455289,16,0,1
38,132760.88628106005,756,27399.714516757867,6,1,0
29,169028.17847333424,660,87255.58375922177,34,1,0
67,147341.86251192226,514,65755.30584788561,1,1,1
21,106306.51361438012,586,29682.83010285421,39,1,1
71,125229.5047199285,668,98742.17678462985,36,0,1
66,197961.59776624295,768,95068.05697943523,36,0,0
59,128357.80303649782,485,57869.657337433535,9,1,0
37,161411.19572335586,773,84477.62946155679,11,0,0
55,150788.8575879793,360,26887.954383267297,16,1,1
42,146268.3107952854,561,42187.662664478106,25,1,0
31,148946.42992052785,410,19213.204313639537,4,1,1
28,101793.7552306635,440,52490.16162029555,4,1,0
49,105348.83141326255,834,50104.141577094866,37,0,0
28,104215.29272494082,378,22068.509370195072,26,1,1
78,25985.829298269455,793,67607.36767789366,4,0,0
35,63391.759459818226,330,12661.23925701584,7,1,0
44,47821.5211969789,815,7107.453655901408,30,0,0
72,179560.1020515063,808,39105.591897576225,32,1,0
71,69494.48596153082,365,41572.65300068579,20,0,1
35,44919.67420379727,809,32654.32004612213,34,1,0
73,41558.047743959294,670,26536.71712024679,20,1,0
40,145998.17021938856,586,34538.858155943504,14,1,0
28,21094.995964692673,475,17174.181821258197,35,0,1
38,104834.79231617149,422,40941.79444415486,1,0,1
61,41396.79900767532,530,90555.73397822693,29,0,1
22,172939.40797446293,303,23218.261239674986,27,1,0
40,192521.06416144248,711,68760.65933068469,16,1,0
58,192575.83091868265,549,15036.666529386095,19,0,1
76,99553.53961041848,786,36036.75577701285,39,1,0
80,136012.66839826337,644,32796.303273980375,28,1,0
42,127946.74457193403,632,93765.91004642445,4,0,0
58,83007.00224947152,752,43370.223524379086,24,0,0
71,99931.6084556956,457,69356.12843435702,9,1,0
27,31578.265501991424,569,60643.8180881616,18,0,1
39,163225.8258808677,717,14961.97745319138,40,1,0
36,63344.63218783143,739,94014.50465203122,0,1,0
18,102894.91960454771,328,35241.05989372056,33,1,0
24,106511.73205099591,634,5431.077222581323,13,0,0
21,120928.11304723728,537,30743.926977574578,24,1,1
18,167217.79481985618,452,34227.738862350285,25,0,0
32,144538.58831307496,414,10181.787410493993,20,0,0
57,139351.34884325456,698,62377.763231614335,15,0,0
29,114814.18924488916,331,35329.656348612996,9,1,0
39,37272.035890386185,831,63284.32602676612,31,0,0
39,92361.52489715505,352,1667.315795317649,19,1,1
67,192317.03323229938,494,98222.7915000845,8,1,1
64,199198.65355188545,604,17881.119495923478,33,0,0
34,151489.66629816528,644,66273.7676837887,30,0,0
46,60952.6933534361,381,71862.64602467204,18,0,0
63,38340.31628061127,300,17989.22662500013,30,1,0
31,94657.58462831586,466,12059.515928139439,29,1,0
67,174182.94242468043,616,16105.141992636058,23,0,0
37,149935.5631811001,482,25435.00732864951,32,1,0
67,179100.60275739888,572,17654.979681297973,17,0,1
65,130839.7366455774,672,67725.94326865207,20,1,0
50,43459.10562614462,661,42662.48716888066,30,1,0
72,40663.27405966954,500,54241.367857020945,38,0,0
76,28640.41447342327,491,5686.342092106667,40,0,1
60,122074.39470323558,640,86263.6473469716,3,1,0
32,63719.522592462024,598,17886.58376741303,25,1,0
29,152189.0554438911,805,36655.08081405373,32,0,0
57,143524.98845435132,439,8118.262342948931,32,1,0
71,77259.93363349704,605,14542.520330184636,19,0,0
37,51824.29996353159,495,66914.14158759048,40,0,1
47,38432.062963280216,360,69566.11322331321,7,1,0
55,152716.74928635746,659,68019.58297790986,35,0,0
20,101079.37917666798,606,55661.54199675618,7,0,0
45,78235.384552065,779,95299.64473717875,30,0,0
73,174197.5428451362,632,51210.53891608907,21,0,0
43,126850.37898248913,382,45491.790900348205,18,0,1
47,113240.42055138519,633,25507.011005997203,19,0,0
30,153808.24969561084,816,10786.103397394649,22,1,1
30,166804.9652423519,773,55267.3380666517,23,0,0
19,143493.16797608952,693,32174.128482589982,23,0,1
54,99201.13734788349,679,52878.512935861,35,0,0
66,88273.78268099374,320,21405.78874778749,8,1,1
55,158899.6888890864,476,83979.09454858322,39,0,0
19,113223.2889152515,662,99970.02375624784,15,1,0
53,146789.49413312774,321,32917.947501944305,26,0,0
71,180271.78203449934,847,84390.43311877265,36,0,0
43,184860.31425260656,549,87425.62750284834,12,1,0
28,69988.81506330307,372,99611.30508695089,1,0,1
25,53820.19104905254,390,34929.29284801996,11,0,0
61,67031.72486063081,475,75848.09797769647,40,1,0
57,155246.9186963905,425,23652.09136055656,32,0,1
60,86610.44648830884,503,62854.80412792219,22,0,0
39,51210.070551439356,545,70779.41437781093,13,0,0
37,37709.38865125447,570,74370.94856097455,38,0,1
25,78916.37398934382,343,21510.0446898617,29,1,0
46,44504.55926309204,847,85023.83147912328,33,0,0
57,48147.250255995255,467,42676.21417886164,8,0,1
43,143099.11522032862,734,22420.58225572095,14,0,0
47,23551.77722031295,329,54710.57774881826,23,1,0
34,41159.58709257884,656,86472.35583108728,40,1,0
37,171985.78841835735,790,96741.70306803327,24,0,0
69,172084.53530328558,547,75072.57435105956,35,0,0
72,79263.82617744384,552,1556.6657408648803,31,1,1
33,35831.54150637122,681,14335.375286129658,20,0,0
63,146894.66008529707,835,8551.124657447708,38,0,0
79,84823.7037992974,718,11020.16055639459,5,0,0
60,28183.63289688665,422,38920.46064595773,24,0,0
24,48408.85663396374,593,34510.83816803415,1,1,0
33,44698.66615352438,442,12254.813145562695,30,1,0
62,126040.9418889792,810,88341.29980981066,29,1,0
76,181661.16504864104,356,61927.330056903666,14,1,0
64,162752.96599822235,341,79849.86758668844,17,0,0
73,118372.88810310142,420,37783.389496687654,31,0,0
65,95987.92968694642,642,41613.36561246922,13,1,0
44,131361.8076323957,631,32444.49984313607,17,1,0
70,99886.29337641456,755,44404.23459775062,34,0,0
40,64297.84206373687,736,61427.34897315031,21,0,0
41,142255.54196341033,640,49805.416776183905,13,0,0
80,177183.91023343778,640,83953.78361265657,37,0,0
26,87116.6595225549,715,90113.7776923726,13,0,0
52,171476.92418444064,481,47498.701483392324,33,1,0
68,97594.76836702829,563,24735.05005451629,21,0,0
37,92240.46975789667,509,94574.04952647157,15,0,1
54,25098.38435846498,822,73768.82566204134,15,1,0
59,145150.20224613388,481,64372.58151933411,15,0,1
34,165350.45452048813,743,74795.95962877362,39,0,0
64,139440.24552054098,550,8522.196457295366,37,0,0
48,47244.97125054983,437,7695.006436129579,17,1,0
72,38592.824159475764,517,16158.944605517752,22,0,0
74,123114.57529133711,753,15597.645776612711,39,0,0
25,92272.92575322834,386,42646.37701009104,17,0,1
32,97237.60102740613,592,16583.004146251056,21,0,0
48,194204.0444137414,391,85598.03878239305,39,1,1
70,150306.0808147518,507,58231.59616187456,29,0,0
47,94121.79305739621,503,37457.92773867489,17,0,0
63,23437.87037150868,485,7892.631284301442,17,0,1
37,26137.22561358865,384,59511.75179995339,40,0,0
77,143264.66521625413,455,12536.749238620507,0,1,0
56,170792.9767131975,592,74578.80478985801,14,1,1
70,147386.47331894308,832,80473.05157763833,4,0,0
72,93059.79546885057,460,54853.64953802428,26,0,0
29,25604.432827502522,685,15810.68305494489,16,1,0
66,194132.29344234135,784,78899.40965030609,40,1,0
34,197540.4911884556,802,31474.951136674063,31,0,0
59,118885.61925996836,455,23042.661132592522,37,1,1
47,32720.773645119007,442,47585.1074608241,25,0,1
46,117375.05106460403,583,92341.97789690887,1,1,1
36,180620.9246397455,334,30439.955915377843,27,0,0
63,142397.39182307845,523,90652.2715962894,22,1,1
28,149598.06158589036,692,6311.67756524296,19,0,0
51,35294.57073780487,707,9268.846796776734,35,0,1
67,39172.09466572426,687,70157.54148838946,21,1,0
24,42922.77974765935,596,19868.67348336938,10,1,0
61,182787.83005897867,622,32345.447636465913,27,1,0
75,114652.9345274864,787,14500.925117077324,21,0,0
51,162483.5173507384,338,33892.57864412229,16,1,0
76,40752.42677904804,804,28765.53939535387,30,1,0
37,186975.6869915471,802,73897.42625990938,10,0,0
67,167805.57646949784,836,70500.31543071535,35,0,0
55,60457.5460595641,615,95537.79046640817,13,1,0
41,177352.80199291164,795,72717.74683213104,34,0,0
27,67419.69669142566,416,69786.95754911711,22,1,1
49,56961.178281030174,641,69726.18501720252,28,0,0
69,67563.90862619822,539,88413.77810916943,22,0,0
32,183791.9113890697,744,30327.436554679458,35,1,0
54,184806.5573926765,786,30709.11881018662,15,1,0
37,79219.23944383438,710,74380.16716078874,38,0,0
20,146978.15331701923,597,23641.808577862615,19,1,1
54,141634.145929553,351,91289.98041064902,24,1,0
79,165181.27378347257,603,53943.39078360172,18,1,0
74,73371.7100255836,587,30712.367881190345,25,1,0
57,111824.93754387234,417,77833.89303930826,31,1,0
25,140181.31118149165,723,31919.74235765431,20,1,0
57,24726.227385783088,508,96364.5533901153,8,0,1
61,87812.97415957184,426,98315.93176277349,18,1,1
73,145259.9043821424,592,67012.82795465342,20,1,0
40,65467.11676144401,818,12249.755085272696,17,1,0
57,192386.7392611677,521,27057.67614339596,5,1,0
28,25429.04687123101,376,52026.279259389485,34,0,0
63,192455.6937657361,637,85293.29755970018,13,0,0
25,59017.49624187201,574,19303.763197260836,8,1,0
46,28787.967546566597,416,11335.9424423793,34,1,1
47,72645.32598024035,591,8373.270835714522,1,0,1
73,161530.81531224056,570,51189.788673644645,5,1,1
77,155439.56116064958,746,88585.39598987588,34,1,0
27,57591.27495610257,456,5193.565021745342,24,0,1
56,55422.224046523894,483,22019.831865359924,8,1,1
45,135664.38484481734,723,69632.44456811067,30,1,0
66,102454.8841416315,315,82760.48007922783,6,0,1
53,162612.19159956241,397,80932.55340061779,27,1,1
78,24343.900164659644,599,78721.73767471277,1,1,1
30,129874.13493690279,721,13850.180280520657,0,0,1
49,151520.96220317765,606,40326.52063610893,36,0,0
53,198809.50016516043,573,98489.72162034291,23,0,1
54,142180.70496263244,560,98899.86958722073,34,1,1
43,61732.12817899393,538,60640.3118034646,6,0,0
39,39473.515078406985,631,71217.4532673923,37,1,1
21,135365.01943593356,414,95177.0958322456,28,1,0
48,114172.95215327888,567,45542.85826287983,0,0,1
35,181846.15192010294,311,14549.818930495534,29,1,1
55,150789.4438126295,372,67225.93867609174,31,1,0
80,111753.64100767171,705,96050.12818515183,9,0,0
41,92646.10473772656,477,70023.40329276315,33,0,1
80,92787.44592274765,558,80528.79157535003,10,1,1
73,60734.77150722222,699,42852.1315930909,36,1,1
40,23118.67491602547,569,10549.852260340256,26,1,0
39,123483.9058772791,785,17719.326568621596,9,1,0
19,58234.65185417874,358,98282.82811411223,37,0,1
48,57498.84519104746,565,49825.24738243447,21,1,0
72,42568.62116176649,374,2190.038427547738,23,1,1
28,54127.18823180469,389,95581.36079238621,7,1,1
45,25722.046919924782,804,50280.211285134246,5,0,1
63,141361.66095473577,656,83790.57143089193,3,0,0
49,92251.48093628496,453,55297.356061652456,4,0,1
79,121074.42777916612,517,11068.526083801347,5,1,0
22,134652.37124374392,785,61941.38863106272,31,1,0
55,195047.22120970866,839,99742.62735564132,37,1,0
27,32287.85585399018,429,4439.040481948365,19,1,1
57,95225.18326965884,365,84337.62555398936,39,1,0
63,64261.62803476659,443,24312.59876942573,35,1,0
41,105808.14773422654,679,39992.75604850638,13,1,0
52,185685.01411049988,612,37898.24166551664,18,1,0
61,150317.1677446672,706,89980.92223264284,10,0,0
65,139150.92556638079,706,50944.132694351974,38,0,0
77,99424.25775761194,576,45270.254396608325,0,0,0
79,140800.24970739847,708,81984.48577484085,34,1,1
40,25827.567909393456,613,5841.806296189828,18,0,0
34,125522.960965381,848,9559.175194427155,32,0,0
18,119679.78126786469,548,3147.1968307526404,31,0,0
72,82395.27775337471,760,69110.30749674751,35,1,0
48,56272.54257633951,698,53035.99757083894,23,1,0
48,165359.99917987417,750,87726.19046095999,6,1,0
59,29695.180601917367,770,50354.75739428796,6,0,0
74,32541.1155962458,733,22960.13770343742,4,0,0
72,99293.91391714638,745,80709.5899373372,13,0,0
59,65459.81853354891,402,30138.06156902966,25,0,1
70,154181.43443126368,627,93633.2884330687,0,1,0
73,134154.21384581437,545,25791.964897371807,12,1,0
51,159056.26330279367,357,17604.344634158395,22,0,0
26,78442.21214080419,404,49839.075159558095,19,1,0
39,153293.40913121615,368,6000.996679054089,6,1,1
30,175214.5824847518,601,4604.761119779147,5,0,1
42,82149.4089953429,452,50105.439980290335,8,0,0
65,81181.24780913,836,22295.58119868397,27,1,0
35,181991.25270315673,334,1925.9112011229488,9,1,0
68,28962.245573787644,314,30309.634231720647,34,0,0
29,83034.09303155198,405,48259.3680308126,6,1,0
57,41361.04857292473,373,40034.58144458189,24,0,1
34,25216.506244995722,584,14411.477149881886,29,1,0
32,40316.49517642798,849,58387.80795536577,25,0,0
59,97624.24241244985,496,71322.96612361606,11,1,1
32,143652.09246100235,579,67878.37705416624,12,1,0
32,72070.83639955333,452,39982.43020704397,39,0,0
80,172941.55533220246,590,14622.018965940288,3,0,0
72,98770.813172903,441,50449.190575581546,0,1,0
56,194281.04917311383,611,89152.74373877118,5,1,0
30,191748.020499866,331,47403.56204518205,1,1,0
34,159189.72008002672,325,20372.423924417173,26,0,0
49,187832.98930639128,554,10212.277006279308,17,0,1
26,147277.2937090001,355,94448.73717178908,28,0,1
57,181204.97419841264,592,74557.93147881457,32,0,0
37,62565.26912593517,529,31983.730297347753,2,1,0
43,82175.63603182376,352,30239.88821431227,19,0,1
44,155527.4118808751,400,89626.63018553716,3,0,0
38,96421.02287718028,766,18579.25524615546,17,1,0
35,170718.9380884132,566,53968.69167599791,7,1,0
30,177974.9968857995,301,71636.92324275084,21,1,0
33,73951.30724976648,321,40242.644844603274,40,0,0
26,168221.14547412324,511,4950.331911765767,21,1,0
80,47767.56879172701,535,23548.122558232633,18,0,1
29,80155.40807663283,828,90279.005606795,27,1,0
61,113233.69120185002,687,52788.77771711588,1,0,0
55,60759.87717870059,313,81728.683402309,8,1,0
36,124268.20932353588,818,56012.86873627111,34,0,0
77,124165.11416917639,521,94416.60747551803,21,0,0
24,57242.521073163036,702,91004.27348012767,25,1,0
74,163215.4420793822,812,48805.91615902979,33,0,0
52,133696.00809406943,586,32509.12851819859,6,0,0
65,77196.89122849176,683,60565.209947215415,29,0,0
35,61793.261024652544,546,67813.88048527788,24,1,1
33,178175.02499020883,390,50337.154137762525,8,1,1
72,170433.60414043747,611,82406.03888841435,26,1,1
56,61356.921473994735,736,19149.523656703397,0,1,0
21,26408.94077297158,342,34106.7712317792,32,0,0
76,164815.86723376228,373,68951.25937927884,7,1,0
42,130791.53994770776,615,25421.70267336817,31,0,0
49,38158.76504962274,443,44544.629723679755,39,1,0
79,125724.47711940113,628,96409.62111620097,18,0,0
57,101392.88336510496,508,62961.72129597084,35,1,0
30,159419.0589452645,398,94956.66622947145,21,0,0
62,57635.271588571406,413,72521.69892160902,38,1,0
34,101568.21397490476,474,72742.01019705011,25,1,0
66,48123.940565345016,570,59593.86019533036,2,0,1
54,192354.9010059524,362,15078.650886657953,8,1,0
23,160172.86824652954,703,52451.71479774248,34,0,0
36,152610.03677025138,524,26013.953849843627,6,0,0
30,144237.19970374435,460,99868.58288077674,14,1,1
74,96200.5596439487,335,27429.232070020833,3,1,1
77,186190.83482656605,680,23837.8985026834,36,0,0
43,33125.062146860975,617,62764.43235728041,27,1,1
31,164586.63290221134,755,51583.93250874338,8,0,0
48,58741.89177903188,568,3113.938412196902,34,1,1
71,78325.03201409263,643,13823.784720254516,24,1,0
21,113497.3512141155,339,81293.25124092374,8,0,1
77,160877.90199000432,713,48885.5035596085,32,0,0
56,170936.2833776726,679,15455.506267478424,16,1,0
25,125071.80502882248,521,47059.01372073763,11,1,0
42,92546.38800824333,580,26061.759225157966,8,1,0
30,190370.43585257782,524,23135.55465012203,4,1,0
49,64373.8332510863,756,95814.80236806534,25,0,0
76,164557.02365851437,453,36840.42815891636,18,0,1
55,130168.93186066758,579,5596.679362561574,34,1,0
80,87841.10303933847,652,97062.34059109297,1,0,0
55,20246.237185436625,338,79689.11790244363,6,1,1
73,100387.87424275282,788,26186.91734985169,8,1,1
45,69809.59955761387,497,41480.291635833746,21,1,1
70,38782.39039860091,575,86366.66788491771,32,0,1
47,33528.541760855274,471,36383.93841300415,15,0,1
20,82560.49891608836,807,57173.00015865329,23,0,0
45,130656.32997331674,704,53950.83009679665,7,0,0
20,170753.47676565926,570,40728.16031425117,29,1,1
62,53041.38409051884,430,64310.6882795579,25,1,0
71,96435.91483562894,684,47855.78299288674,34,0,0
51,90552.1052255874,696,3101.818675723311,16,1,0
33,112410.92165753282,595,81623.92765714582,37,0,0
39,165725.70874571952,682,12202.42249261821,9,0,0
49,119656.13923986227,811,46944.903158244975,40,0,0
78,172397.88443041296,694,58410.17830182222,16,0,0
55,113339.31609241599,559,70845.09936513579,6,1,1
25,128692.52573262887,580,41668.856993507,1,1,0
72,98728.98364873815,655,73819.30021602262,10,1,0
25,168157.20445321407,719,14003.658387138454,2,0,1
79,186288.8971456375,491,65691.10927880713,19,0,0
74,135046.05286216622,727,82807.55383098459,12,1,0
23,167740.8408511227,647,89054.95331091262,22,1,0
31,30620.600119838055,728,58377.08309943503,16,0,0
49,183100.11526039836,691,31976.62460942869,28,1,0
52,54006.512031042424,640,17172.294659649015,38,0,0
27,66173.67691864542,846,35210.316534867045,31,0,0
20,29599.412277214324,701,54457.46294228954,34,1,0
76,193772.02105533064,346,20436.69217516449,34,1,0
29,173361.95290790775,724,95298.9756636162,33,0,1
66,184373.22873639507,816,89816.40745841803,20,1,1
76,172498.9101968027,627,4262.762291677694,15,0,0
48,106315.499489832,386,56634.21802480849,22,1,1
46,186334.7481363374,814,79141.5702344147,10,0,0
80,194505.10767689388,464,25293.80403346669,13,0,1
22,110462.05582209156,522,52865.72700688164,2,0,1
79,51612.460639190875,596,41193.19635852852,6,1,1
69,138552.05161335698,750,20458.080157589564,39,1,0
42,195578.8921736427,642,61859.00100370644,10,1,0
80,176986.4347745975,640,99375.52536527626,32,1,0
58,175126.73170626335,760,37163.43876771454,18,1,0
48,188087.24302531077,691,55685.52181818223,40,1,0
79,180911.40689945847,836,33457.613480528555,22,0,0
38,159730.69952329271,850,87817.9130634472,22,0,0
75,149289.1097891289,720,86595.66734194562,28,1,0
37,67658.09127405578,680,18698.565406849055,5,1,0
56,131841.20385712088,304,90094.938549568,38,0,1
80,113867.95190706011,303,15999.362394550644,4,1,1
39,175149.93648457841,615,10448.55600290809,31,1,0
21,108508.26322821296,377,65640.52695445166,39,1,0
30,42993.69743768404,830,39204.506481119606,25,0,0
62,20895.04735802285,654,53543.3187527252,13,1,1
80,142017.16168435974,332,65604.50741180888,17,0,1
59,118983.50968288907,438,6230.886541505503,20,1,0
67,79573.3227845207,571,30002.363938008344,24,0,1
66,50414.98700682026,495,46629.724865117845,19,1,0
37,104008.75803270238,426,27392.153570787257,23,1,0
69,38051.56504620302,648,5848.167044266574,2,0,0
30,80499.52805980576,343,9580.980749874285,21,0,1
34,88258.14312241419,543,80373.03900661961,7,0,0
71,103811.36507083318,308,91227.28916207967,28,1,1
53,103991.73524099244,378,16071.096940614438,6,1,0
50,66261.0158253699,489,25676.933771857086,5,0,0
18,173037.97668835777,385,65572.69106837589,5,0,0
32,83997.83112621421,784,95472.90583315227,11,1,0
30,61325.71560065294,570,30659.38120419384,21,0,1
34,51645.77901390624,812,85666.14899736411,25,0,0
41,78064.1110106004,319,51096.439800587264,24,1,1
75,32159.518935956185,788,95699.30526899727,18,0,0
25,25923.354136574897,429,14489.607580390937,35,1,1
67,128925.5954245162,306,97393.56742259066,34,0,0
44,131446.48448885418,609,44656.8841551213,12,0,0
62,115325.87647489214,772,95340.90065219991,24,0,0
40,157211.33514171038,401,46410.331488100404,31,0,0
63,27047.097969874038,637,53478.13127793724,29,1,1
25,188475.15947770418,618,80672.72596795477,20,0,0
25,37111.7221862709,812,72540.2215732,39,0,0
76,141324.13899084684,324,62340.728721311265,7,0,0
43,44011.386009345675,729,42281.02233536604,40,0,0
64,178382.97799540262,442,79451.39837256097,6,0,0
76,111928.39165010562,448,94874.60499564272,2,1,1
30,34812.83738323569,354,1971.278797359657,36,1,0
56,131010.34028601323,770,59196.66454881345,2,1,0
54,21639.789898796298,662,86732.1119688565,17,0,1
66,159683.992119244,508,65658.14119721018,8,1,0
45,137105.29759630223,484,80282.09652550034,23,0,0
42,58272.45488543131,364,89611.04928104955,6,1,0
78,87455.16491169686,848,75344.15056945273,32,1,0
33,21405.20500800025,411,71984.72273511185,24,0,0
72,144863.08669481688,562,96509.8432450279,33,1,0
19,78080.26475174946,375,86504.7811312657,37,0,0
71,122886.00475340945,595,81722.4090886946,20,1,1
35,192210.97302460333,477,9553.932686715738,37,0,0
80,73904.0083305653,300,24663.95843080237,39,0,0
34,198242.8191357173,447,56118.84640818386,17,0,0
47,133891.10948136196,428,71246.45039250655,38,0,0
56,63575.95993139089,812,31018.274436747215,32,0,0
30,98620.01894382639,801,10239.48319896151,27,0,0
49,153281.56202904615,448,31798.819494709525,24,1,1
67,100366.02338295463,568,77331.8888774714,13,0,1
46,32331.36212147943,404,87862.70190479593,19,1,0
63,50348.65904885762,765,91377.46118608993,38,1,0
47,162433.5942411102,580,38507.80123527063,19,0,0
35,136707.15362925106,706,37881.318911159455,6,0,0
30,122568.58591978408,657,41264.03962620731,3,1,0
60,50171.954735972235,502,38205.13747272333,30,1,0
38,170796.34016306108,580,66953.46414321376,29,0,0
47,192933.219725525,556,36474.00295106728,36,0,1
38,27359.67754832052,393,3014.049724810337,20,1,0
65,34045.73671769396,623,44463.435468099306,0,1,0
72,179250.41059662166,661,23191.054551680187,2,1,0
34,166799.4057257831,650,3851.9066406773763,12,0,0
57,131228.20199203287,361,47613.45220187077,6,0,1
36,190093.7376175048,486,21389.501360631017,5,1,1
69,136357.50403856058,841,45821.43966913367,5,1,0
32,58877.3496313106,603,28497.248674418362,33,0,0
26,151155.61826904202,735,60767.178157762886,31,1,0
69,136227.8620542147,512,99096.86130052198,15,0,1
27,197434.0463618053,705,55175.960150454826,37,0,0
61,58501.23254746252,433,65042.695772384235,7,0,0
48,127619.28854526782,518,92008.30001736892,20,1,0
70,160430.15400052204,720,38026.04135478407,10,0,0
40,81016.95608087073,618,17488.29652877272,22,0,1
69,88342.32495768278,456,28996.931010124776,5,0,0
47,179822.33089909772,487,40876.69913074037,14,1,0
50,92755.07832959865,775,64856.75044432798,10,1,0
74,132451.9133412106,461,1454.214913542382,26,0,0
69,180062.8647548286,428,85484.93826193144,14,0,0
26,57768.784956301046,603,8533.303331933215,37,1,0
71,196737.91334346903,388,90164.8597429365,3,0,0
64,146351.63611465864,461,94994.01759928498,13,1,0
18,109301.90494546006,335,99020.17661710126,9,1,0
61,97565.70158317959,526,81141.50825628088,28,1,0
52,191785.63079927082,450,15043.697068075107,11,1,1
28,57030.468955339944,346,70910.53727929345,39,0,0
51,76102.98623227305,530,21128.807770209474,19,1,0
33,75402.69599862646,838,89815.65572246,36,0,0
26,72021.14025220342,464,32343.986639879127,1,0,0
49,104336.84813882406,365,33352.80173042907,19,1,0
32,198052.26198820997,379,91847.6762955718,11,1,1
29,179981.61800891912,439,2309.8760075867513,37,1,0
50,79030.92229786751,699,20202.648996873406,29,1,0
62,96116.62083142478,429,42771.29438978205,17,1,1
31,140506.53434946766,745,70371.4351637091,9,0,0
74,23087.30252539054,328,65109.0504384288,6,1,1
74,167627.6585634166,501,67271.77564154776,4,1,0
25,178363.6503161455,536,88122.18081265574,28,0,0
25,174296.0601784161,638,12982.010817032406,34,1,0
44,87509.7896393965,698,52694.00792565827,38,0,0
79,103159.91132555746,738,72822.29122114637,11,1,0
29,22229.89794267605,588,63975.725849492286,9,0,0
18,91891.16264783914,551,45383.097873987484,36,0,0
60,102876.82802598827,399,2694.3440013442328,1,1,1
57,183255.37275232616,721,6984.774299140579,2,1,0
59,180917.78127630454,317,12775.191358529826,13,0,1
79,193897.47153582372,770,34979.54753070099,19,1,0
68,179318.89731629367,306,12647.69181404754,3,0,0
28,21476.12769697621,718,43182.14899319823,25,0,0
56,135462.95341979957,679,18685.55706797236,14,0,0
60,32282.782958547345,807,78137.4535550944,8,0,0
48,69066.97154839737,413,87277.27405450935,2,0,0
34,124095.37330470447,810,39575.10328884941,1,1,0
50,146110.487313357,768,51621.844766248236,38,0,0
49,137833.76466507715,392,95396.12791453322,40,1,1
75,28830.50613355578,791,54015.267779513415,29,1,1
46,38648.69652251937,401,99512.24836849906,36,0,0
38,43145.62632762921,792,15070.968375513406,16,1,0
38,36454.5878185444,835,86360.41563907314,2,0,1
57,52082.196188478,784,50223.09726462357,8,1,0
40,143927.8024360807,778,3248.6970137171475,7,1,0
73,169550.7052086475,466,97250.0712024955,8,0,0
23,93586.50021321385,439,96539.74207459243,16,0,0
39,144700.67115710184,393,38943.813178105826,23,1,0
67,56002.92702784877,480,95460.06503750458,7,1,0
55,195190.42729401347,303,14959.954581616028,13,1,1
54,82999.5541143713,688,68330.90397094755,15,0,0
62,172256.0431168703,571,20000.96970189562,17,0,1
68,190165.94707328966,431,25418.07639714794,23,1,1
71,175648.5133175544,811,78154.40628305794,38,0,0
25,32072.177277252005,351,38358.4503719642,26,0,1
58,137055.2883153061,589,1705.6227800334968,27,1,0
66,41616.32718287921,745,42009.60399536386,6,0,0
52,21019.34009464341,536,23578.86274266299,33,1,1
68,29321.01990975214,790,68649.66144227082,26,1,0
28,184906.8553604703,579,20250.42097562653,33,0,0
41,183523.43256687088,343,84383.09931521109,38,0,0
66,60648.389797526084,658,27442.208198708264,18,1,1
38,118471.01866375272,825,39909.79757001835,5,1,0
68,191905.08720786672,761,30505.649218912702,29,0,0
19,109407.10334541726,400,64748.411433127214,27,1,0
80,90844.00762623643,760,11015.190581413273,11,1,0
57,106984.76492803243,567,48331.83789712616,14,0,0
36,162238.83707934996,661,34111.02670629076,38,0,1
56,105909.97385598236,707,88529.65836554316,38,1,0
45,160989.9826308265,336,8267.797263864846,14,1,0
76,97705.54021536793,767,83139.81142835262,35,1,0
34,65361.02081804891,558,17600.367176461004,2,1,1
23,78765.0913673517,808,9769.18833306556,0,1,0
36,34008.22363468987,608,21029.96295417779,6,0,1
73,109528.60599366976,572,11162.645219169228,8,1,0
55,46659.966480024144,409,52577.410872010434,0,1,0
45,166078.46114025192,559,98833.28033866236,4,1,1
19,95706.30334824095,567,4398.407840501625,35,1,0
55,157700.41831851014,331,46651.70658262667,9,0,0
72,191802.87695695402,476,39220.962581678315,1,1,1
54,172906.03094838248,403,34621.035010393636,22,1,0
68,191263.46235424755,535,33854.497432902725,38,1,1
69,122228.57483673145,392,89606.26290601975,28,1,0
21,49758.398116497534,500,2878.6388706320004,18,0,0
39,188371.2717530661,334,77716.7223506337,37,0,0
43,176330.79030741876,416,26040.384701788225,19,1,1
66,175594.33839204712,757,38946.25557093991,11,0,0
60,144789.39693356934,770,42594.84137200919,10,1,1
53,132484.92719349428,698,31168.443653300597,34,0,0
75,22650.30053503967,416,10262.327321704388,6,0,1
30,154649.73243586093,661,12318.754034114043,22,0,0
69,36476.32114690503,503,30514.981284181787,16,0,0
75,66755.16849846364,445,82359.0962358378,1,1,1
49,119268.25316324063,743,14328.137625953772,4,0,0
34,101311.8652776875,596,74521.34348144714,20,0,1
58,22839.390158860275,786,29598.103213499482,12,0,0
53,168317.31052130822,530,88463.02857609719,10,0,0
72,178184.17245546676,502,43404.51906466345,23,1,0
77,142737.12982941803,661,18000.60801644018,32,1,1
63,117392.21455822804,694,98598.60056094051,26,1,1
36,192932.81100190486,547,18486.817403761248,34,1,0
75,41592.11739467455,739,57194.36230199467,17,1,0
77,152823.80965969805,695,57359.361331517284,20,0,0
52,43104.91032113561,655,37908.5316666002,3,1,0
63,88732.06380621484,700,95197.37066236397,40,0,0
57,125387.21165077617,540,84543.58167876143,31,0,1
73,152675.78429078343,640,83152.13652298597,10,0,0
76,20668.89804895712,528,97441.0416075183,2,1,1
45,66907.61954691971,842,46253.82448143537,20,0,0
18,116876.07045376766,838,10621.3917863829,13,0,0
59,115917.26224907125,828,76780.13661952959,5,0,0
35,134772.75829032753,566,38700.44536574145,28,0,0
65,74693.64455628005,428,19844.170028548313,30,1,0
57,117295.26519600842,519,48841.486978805086,27,0,1
50,54161.619938223754,381,92646.17507654916,35,0,0
80,53636.99859262198,319,17964.34488244821,27,1,1
29,123781.51341606924,626,85021.18270774445,18,1,0
25,143385.06530816137,336,42402.289219896615,2,1,1
41,41671.99400263183,681,14543.396089611057,11,0,1
33,42102.18234276021,338,84989.84809487699,35,0,0
67,121754.48446288108,408,96992.41377795143,23,0,0
21,68617.2354110562,728,29835.800867666152,11,1,0
55,90631.83840340059,363,31050.084774364816,23,1,1
61,92134.72057656402,474,39664.052320953386,0,0,0
44,52139.51467128495,331,81598.9060816199,27,1,0
26,20236.63401751276,830,2031.3024772104814,15,1,0
64,173567.3257944213,405,23171.6986220159,20,1,0
33,148700.3544015839,781,70884.0812995263,29,1,0
73,144296.9404608018,505,41158.30559806708,33,0,1
29,118370.92486039754,546,33699.26667384463,25,0,0
48,146174.5378240617,388,87356.00600129973,34,0,0
41,188423.90795857264,615,91816.0580944777,30,0,0
72,139821.27252127242,310,94850.63569745334,15,0,1
31,67716.45234694099,348,27982.502732775367,28,1,1
62,122700.80931336163,470,91338.74834437159,28,0,0
42,99618.39260591783,442,73959.5899180016,8,0,0
80,120155.4436001869,506,16267.260100369484,13,1,0
51,113169.8859343085,762,61416.73280251282,7,1,0
20,174579.55134112368,808,3607.1471113921307,1,1,0
75,137324.01860859207,500,71129.43742131566,10,1,0
41,53976.52602813871,304,73623.1847424429,1,1,1
79,31343.02019756675,510,79144.51235090474,17,1,1
71,96385.48196264244,328,18079.980358121054,4,1,0
59,22809.912006391263,489,63196.744153805565,6,1,0
26,77293.52945000041,487,18706.811797937782,22,0,0
43,86243.86449906061,449,94718.35825552841,18,1,1
37,87605.9973217863,824,67826.05857540261,18,1,0
57,196283.00437830068,665,10437.258952401518,18,0,0
27,74702.1578550443,456,19516.190770576457,39,0,1
36,67740.94916815183,379,66682.54971484504,27,0,1
20,43288.56759215742,572,48190.379119801255,10,1,1
41,111981.5904228703,817,73893.46895487697,10,0,0
22,47661.37511845172,531,28798.09109364025,8,0,1
20,130933.04829154121,459,66133.83614786061,13,1,0
75,47928.76020890292,643,18519.05663501346,33,0,0
44,123801.19719665621,588,54827.31607274228,28,0,1
33,168728.46305143271,504,95822.15956344863,20,1,1
66,27654.434033436675,604,63194.000996807656,4,0,0
32,95554.45548527707,659,5949.368132986732,32,1,0
52,102988.81409939038,699,98887.45163592606,8,0,0
29,162392.98582606023,748,16529.766635237695,2,0,0
58,104224.81375019795,405,72088.84116701341,13,0,1
70,122156.44156213764,381,53720.473867355395,17,1,1
61,162416.7656458528,641,30141.708092626075,11,0,0
43,120756.52872727232,720,18553.738057343202,22,0,0
64,84493.89443352484,348,18592.534063394854,13,0,0
51,35451.609971704806,505,85981.56843960789,15,0,1
40,151384.81331226396,517,87418.33890217892,36,0,1
48,176804.8670291879,735,47049.406640846486,19,0,0
67,194611.61666362954,621,11258.524829572414,19,1,0
37,186787.9785388823,530,88532.3452808322,14,1,0
29,163535.22358998476,786,49214.63213133382,40,1,1
40,135824.94780423108,728,44437.479863824454,24,1,0
21,160662.8262495149,583,41328.3454193244,16,1,0
40,97775.06831337222,785,37136.403212061356,11,0,0
65,127059.7186623503,575,53074.53495725082,38,1,0
72,82765.96564505334,732,60849.58143455871,6,0,0
65,78807.65869646889,484,47176.788153722635,7,1,1
18,156204.51918968608,515,89768.16818204941,23,0,1
71,101707.9008146411,396,32448.461624420233,24,1,1
42,58189.02732758526,418,58252.87382189135,20,0,0
19,56348.86914953586,664,30695.43809920454,32,0,0
47,174651.02508258805,702,75581.65235546089,9,1,0
20,141996.88898528082,696,11109.98883349533,21,1,0
75,118288.29320446085,757,19681.20068273792,18,0,0
38,92168.9724793447,617,80318.93958276813,28,1,0
42,97547.13034168264,681,19136.56192673433,2,1,0
37,30338.334955089886,441,62948.88827327927,38,0,0
66,101883.8260762117,756,97054.1017385155,3,0,0
69,163181.88391197473,800,52766.17076283061,36,0,0
39,89837.56641715801,622,19552.248187666853,30,1,0
38,89044.62545778643,567,32748.413523571115,5,0,1
79,22828.984943471805,786,82522.34956896958,27,0,0
78,102410.34726045236,459,35814.4303988774,9,1,0
50,24560.777530634034,313,72627.62454395155,11,0,1
69,122662.897041577,454,77957.65622551701,1,0,1
55,111221.00868481654,400,50617.10187727125,2,1,0
78,171201.5298063198,342,78538.12505227252,0,0,0
32,124720.50996662982,492,32373.397438393225,34,1,0
75,78216.92395799875,610,52099.80502492417,23,1,0
75,112921.58169504454,764,68969.2681332419,33,0,0
63,145947.1440349854,462,17639.24158313366,19,0,1
69,36913.4831738689,650,28088.574770836778,15,1,0
32,131793.33592467807,533,65551.62373597156,29,1,0
63,184992.73075603624,702,65880.6518631258,38,1,1
42,73843.45321362399,650,49836.96199884491,24,1,0
38,132792.5170777542,466,79762.95032142993,4,1,0
41,167839.30106304382,447,48723.435298492586,28,1,0
74,112125.15153895234,327,88250.90427595959,36,1,0
75,149236.31612366927,558,73854.4396563226,27,0,1
22,75981.8609280668,741,32154.791467030787,40,1,0
23,75090.52152652606,826,40130.14683997099,22,0,1
66,140165.12392374093,510,67100.98189121472,31,1,0
60,146973.5973152271,842,89550.80926352563,17,0,0
65,188661.74591218587,744,18692.164537647364,40,0,0
61,60470.94344923541,752,51951.690335456035,34,1,1
64,104279.16729583444,703,12759.657711113296,23,1,0
40,65092.42516950045,365,28666.06037669299,27,0,0
21,34416.588958444176,704,68912.154570031,35,0,0
44,92581.49503054778,734,8695.72888956801,20,0,0
35,87334.5345118766,527,66573.4996069959,4,1,1
38,68678.14159679382,775,90180.30097358441,25,1,0
45,73459.08040509497,767,96967.65881082816,22,1,0
52,84874.12514323006,400,22446.587901526036,32,0,1
39,197990.77390041683,722,75140.8977041797,25,1,0
57,160932.3978741104,655,92710.67442184745,21,1,0
40,32852.216195643254,438,10045.561774094163,19,1,1
20,177034.37176760632,430,41988.33724043132,1,0,1
57,133994.59875176084,848,92021.56692034444,40,0,0
67,180306.87682194365,767,21075.962327228182,17,0,0
27,81507.74368344108,779,93442.30769499634,4,1,0
42,103613.39566610938,410,53192.015037690064,31,0,1
69,181320.8703154595,452,10889.415171218014,10,0,0
66,69063.16446446266,541,45537.85435879599,20,0,1
25,184790.15772417476,578,33299.858351239556,21,0,0
72,169129.94818596845,662,28938.21189462902,2,1,0
28,196500.4293636728,707,54606.081987734695,8,0,0
78,78366.36566294535,474,48875.67638443514,1,1,1
22,62435.57240086101,434,48714.748802389106,27,0,0
75,79556.04146823107,805,9726.031379208414,33,1,0
62,191836.96327797233,593,80429.49992168653,9,0,1
70,79953.19328952947,794,48662.49222022373,18,0,0
72,121738.12759230286,718,82269.67704148554,28,1,0
54,92662.27086557256,505,82634.86951354408,1,0,0
73,91319.62600672056,617,32396.397159956276,5,0,0
76,54808.149778229934,372,1430.2840769536238,6,1,0
62,116674.3173435662,558,91213.32206835372,35,1,1
55,172892.76589409722,657,76308.77461553778,7,0,0
46,28907.302439696745,447,11617.943725523639,18,0,1
22,180060.78685941588,524,70470.97636630703,9,0,0
26,139785.1337247139,404,2982.3035982191795,32,0,0
76,131012.85450348252,655,3748.14785284915,36,0,0
65,132662.0419263186,837,53056.50072018641,37,1,0
19,73328.5704718045,560,10507.705494398315,26,0,1
18,94726.01069629179,369,96469.31572600697,28,0,0
57,163872.20106275863,746,89489.29143837599,18,0,0
77,75148.58664853213,746,65331.391093540595,17,0,0
68,104603.63772308541,556,7307.188112993015,22,0,0
47,23533.8088497776,830,33158.690522899444,0,1,0
28,152040.5035283912,418,37800.576792698346,2,0,0
45,95186.39180214902,365,48607.10374704126,9,0,1
61,114564.57832524867,544,17721.38452663877,6,1,0
29,40644.077205936555,356,58173.652636922394,25,0,0
56,198508.56118173862,343,44141.2941430131,15,0,0
43,74444.20885727229,823,94782.39937589299,38,0,0
30,134298.13908736105,723,93683.3277328967,31,1,0
76,124622.54207380378,835,56981.92157865726,11,1,0
25,161316.59670649827,694,64790.584263062985,7,1,0
80,72890.6520119529,749,14641.8503096005,7,0,0
78,156066.9220995027,556,23109.000645176988,10,0,0
78,88850.31152343219,660,90170.82501598904,32,0,1
71,94008.97385234284,679,70217.42636667777,24,0,0
45,141088.2547676186,742,19753.589531024674,16,1,0
75,161171.43891328436,833,57450.82030124906,30,1,0
47,140035.99450170062,773,93541.36379845544,18,0,0
26,181978.31370280738,456,35171.93951002846,14,1,1
56,71328.62531181212,388,19396.21717638944,34,0,1
48,182111.0117783509,501,94260.50241400073,38,0,1
75,43555.434669808164,761,46665.27066891782,1,1,0
38,138715.4574253965,780,42306.95786761388,33,1,0
73,118573.51724843195,753,27489.152779482272,24,1,0
64,109034.4692748061,769,89266.94419976728,37,0,0
51,75964.1651951921,679,84716.05992206793,3,0,0
72,110671.89415548215,700,40896.04954423865,15,1,0
48,49119.20414924658,378,4030.714709810806,31,1,0
69,86477.7699581016,850,45218.491620107816,14,1,0
42,37762.565147097936,685,18904.943641425278,13,1,1
29,122932.38796153752,642,15130.672944739237,40,1,0
18,37238.219515932855,744,39916.26757764693,14,0,1
72,48862.03590292982,351,10808.616797118091,6,0,0
39,35384.02426774664,550,95788.98618623483,6,1,1
57,88635.91519137402,628,5706.378996346899,7,1,0
54,171552.52179530272,793,40735.59311247399,18,0,0
64,183241.35049408898,649,17107.567501137797,17,0,0
18,32940.101828002415,758,69192.32083134685,16,1,0
18,134219.02535509286,797,8802.333472241611,17,0,0
74,143189.3764265732,424,55133.75184665479,18,1,1
80,116078.58963776435,503,77537.04802499182,39,0,0
59,140057.27506451827,320,95055.9236698481,12,0,0
71,62064.32877975715,661,70154.22873397185,10,1,0
59,108135.9581274229,660,10849.684005823767,6,1,0
38,90357.65282644914,415,9763.534421699962,26,0,1
32,36147.43125913359,354,73428.20680526852,36,1,0
34,132600.159150048,591,22317.611095343396,4,1,0
39,109138.73468087832,350,45276.69155469163,7,1,1
55,69531.32484246496,553,97685.48903378453,9,1,0
52,105263.34687260685,791,82170.77304198369,36,0,0
62,159553.64331155055,524,84812.74237271986,25,0,1
33,164298.3973054515,768,86216.22056807979,14,0,0
25,136914.70317488644,402,62334.98867203423,15,0,1
79,104194.61001202949,347,74649.45846238536,28,0,0
64,123634.93505669264,641,36537.13054879444,27,0,0
34,89302.76684401109,532,99846.17643071222,9,1,1
34,42780.141738962884,527,28682.59479580986,39,0,1
71,89411.70752949655,821,59410.73292704843,3,1,0
43,115459.89609253417,312,28924.10615379814,39,1,1
30,127790.12263710513,798,12095.034005447244,13,1,0
34,188444.17568983175,744,57190.99566952399,32,0,0
55,159920.02010551092,639,35981.518415747836,17,0,0
34,47358.66106004192,623,58738.707484815386,11,1,0
65,51352.79719752705,456,56309.16918983429,9,0,1
31,38089.05666315573,730,54683.4161852126,20,0,0
62,152872.7108997652,706,13206.811082606413,32,1,1
23,147102.01012853428,457,44577.89666068535,13,1,0
52,197545.3223054386,484,81388.39000048039,8,0,0
63,113964.21517958277,790,32199.206058918946,25,0,0
31,168754.68719279874,835,44939.31902391445,14,0,0
64,123759.17455570176,656,49889.32744170653,20,0,0
25,177335.60825493868,661,86410.39994658272,21,1,0
78,149783.78707449528,523,65904.37715337587,40,0,0
32,135719.12269842552,503,10920.050948894086,4,1,1
71,121722.08077694906,307,86651.9275946971,15,1,0
78,150134.69439973548,771,83374.5315727269,34,1,0
44,95537.69168078188,471,75610.95207931836,4,1,0
30,37383.78452701954,395,47139.74381356493,25,0,1
66,27197.503183611345,605,75996.99296509488,25,1,0
48,106224.2716896513,557,48395.46420163296,4,0,0
70,127872.48479962544,773,73925.72989838912,35,0,0
73,34192.82550271258,599,88130.90633228108,23,1,1
52,71642.6388041784,764,89163.61692792908,14,1,0
77,77965.79707558767,627,46003.27884455801,29,0,0
23,121303.19633748522,409,86074.92525585089,4,1,1
22,70126.84208770204,428,11044.2806702636,39,1,0
39,37216.74792008121,436,11080.122331191322,21,0,1
75,49674.21337037902,838,55278.42773988052,32,1,0
66,51310.60428875478,463,65532.617227170624,4,1,1
40,171685.08996009707,648,16146.383821861866,31,1,0
42,71177.54365609246,762,47745.8244357933,22,0,0
51,148644.51210465626,803,10341.904113776383,9,1,0
43,122210.97434107504,450,60607.84906977773,35,0,0
64,195866.97565095956,545,85654.30963853194,16,0,0
22,69108.0803984364,409,74026.25862593285,26,1,0
43,48507.14369525604,574,38450.863690497856,7,0,1
37,29366.81078502087,366,99385.58586707505,39,1,1
23,63372.73921063049,349,66630.56267014754,5,1,1
23,143132.75955477066,814,81709.59500980543,6,0,0
76,35346.48043463491,525,67300.04134188153,25,0,0
67,64046.332126938534,805,98952.21281762554,16,1,0
35,173955.50627312216,454,82314.61695455952,36,0,1
21,124931.53088561364,779,52422.89857164861,22,0,0
34,32513.877245575182,410,37321.076720921395,26,0,1
74,28582.965964957388,782,68533.3280857354,39,1,0
31,31002.117558638038,573,59431.959071893885,18,1,1
31,189537.5090265055,454,63305.70851172699,26,1,1
30,172976.85714098986,466,34958.16486209194,24,1,0
24,172089.20756337946,318,43444.11363648489,39,1,0
61,186359.01720383824,644,56251.560914174326,24,0,0
72,110945.97024516384,593,84089.05679026246,20,0,0
32,64522.040805801924,761,76527.98285852741,24,1,1
36,92242.64076293327,637,12746.931179776246,6,1,1
80,149395.53311908594,751,25309.87075191979,34,0,0
60,177685.91687382772,643,3639.1147683697154,5,1,0
64,98316.36680591438,384,1788.09622859355,39,1,0
61,116368.57196877102,688,23213.171458743935,14,0,0
52,187720.9387897256,526,80132.77385292364,23,1,0
34,39349.75467969723,585,90570.01815926432,3,1,1
52,175213.8590553423,583,39785.068223961214,6,1,0
36,48675.34680534847,408,56756.66106406118,29,1,0
37,107095.04305231165,434,70899.2075935827,16,0,1
53,59316.163159350726,590,95340.73322592092,37,1,1
52,128530.57352430875,807,91380.29149244573,29,1,1
49,120543.21590748789,328,6662.038034756612,38,0,0
75,88401.32556333534,693,25568.418477718802,8,0,0
65,175394.6326721224,326,5865.309851562532,18,1,0
61,138766.39765185077,766,62037.69967791608,12,1,0
57,149816.92249314988,312,71338.83833079126,36,0,0
41,47118.752877380335,744,31520.057823294635,18,0,0
78,178969.82203561117,523,85531.33890518824,5,0,0
78,50067.229451603314,762,45828.46229073827,11,0,0
34,60101.29355779284,320,99839.76999460424,14,0,0
24,43049.92492943848,686,1039.569566343168,2,0,1
60,99264.6574343868,625,11839.481133437108,3,0,0
67,179787.66171541574,766,30877.531050598696,36,0,0
18,65440.55352977472,821,3525.2521974176025,37,1,0
52,87275.61567613158,524,78451.60631608682,5,1,1
49,172291.95561357596,774,6224.406999257435,27,1,0
53,131206.75035660004,757,75148.9836960889,7,1,0
30,155290.95085632984,512,6204.277420165392,30,1,1
23,58520.00889850067,780,26019.999200651517,20,1,0
75,148968.17539986357,479,84286.40475019443,28,0,0
31,60969.90415551905,837,95158.4341295347,14,1,0
54,197716.51679791897,826,42038.107923390715,23,0,0
65,120779.50810281272,321,97023.95746694258,20,1,0
32,145215.06644776464,644,63061.21145209571,22,1,0
64,41312.28514547051,320,42167.67712086021,30,1,1
79,65118.07640748251,707,80477.33305282377,33,1,1
21,45153.31872158378,786,30237.523493879915,27,1,0
57,90230.72874891016,827,27313.82987466162,31,1,0
76,71144.45555697172,715,65998.22001419635,21,1,0
33,151926.00673350247,571,39658.248834841404,2,1,0
45,39567.61633306721,504,14455.884667552977,8,0,1
33,155370.68632106629,597,7629.459293700971,5,1,1
79,28226.868434945747,407,78996.41504859926,0,1,1
21,56363.210718030634,451,67915.16244843212,21,1,0
62,162553.69855362852,312,41768.02423605373,3,0,0
43,153699.79539942107,378,89726.5358819346,7,0,0
45,105738.7005053954,468,41674.81849181736,36,0,0
49,28996.888713959328,548,71319.25167507297,18,0,0
62,129780.87350047388,420,91002.41224552199,0,0,0
19,93210.33871533771,686,84230.8304121359,40,0,1
48,76975.06703563457,738,51599.37285761832,23,1,0
20,135273.91462877614,571,68383.00285222653,16,1,0
71,98590.62119631073,599,41952.91189600954,31,1,0
25,36635.79808157215,772,65072.52005711728,13,1,0
41,184871.08469222198,457,26497.69139619419,16,0,0
32,160128.75790160822,526,44039.469263185776,31,0,1
60,30148.074432299436,720,21745.028022582064,32,1,0
48,114511.4966343252,323,4780.310315275254,29,1,1
26,35007.96132175309,837,59265.44520696186,33,0,0
56,170712.1746305273,839,86578.50518972897,27,0,1
62,130342.51298935493,427,3532.2491876959593,23,0,0
19,51040.84404315232,393,20406.944332200295,13,1,1
25,23733.44170511614,720,46558.320867771574,33,0,1
24,25684.58218635571,571,66923.78486738307,0,0,0
73,111325.78497166935,783,17951.690173318755,21,1,0
61,152187.2261618193,304,6612.788068091803,32,1,0
68,41751.28124011264,456,52385.823054962035,17,1,1
56,59831.131864692354,351,82052.26159267357,38,1,0
59,78906.79013051582,542,4488.256021964358,11,0,1
78,59253.82077100754,719,35587.575585543564,9,0,0
74,90440.58128368856,724,66687.95953654019,1,1,1
33,120730.7010377137,379,13943.458604144233,1,0,0
52,143288.61468343565,653,24358.73091238292,5,0,1
47,193479.53279730113,592,54013.77173484034,19,1,1
27,187551.86054297502,415,95369.93794005759,37,1,0
55,122622.85546920462,828,29446.91920613185,27,0,0
35,152147.01016214385,779,49265.21470085032,2,1,1
67,191156.99683257702,587,40593.15544337741,36,1,1
22,35024.950017452866,776,89842.27053097793,36,0,0
70,21014.256775057245,324,8117.096539080448,24,1,1
46,25363.957471324986,730,57048.61154273566,22,0,0
56,121402.88522713349,577,84765.85021980446,12,1,1
77,157310.01655445615,616,98823.64012919659,23,0,1
51,86073.49113410623,657,70173.82425465893,2,1,1
60,118143.05145097135,575,38613.61209098593,37,1,0
79,112945.93733873664,643,41770.61090086045,27,0,0
62,37058.76048656352,730,35816.53975453363,25,0,0
40,77885.88756032882,738,60757.69688088839,19,1,0
22,23498.327932814358,761,74201.17130110685,26,0,1
47,39927.02398517196,569,82127.28879530416,0,0,0
23,166134.48012376,730,42242.717858634016,9,1,0
73,169294.42950469741,320,71954.14172364489,9,1,0
75,164350.33760811255,442,91706.03661094786,0,0,1
78,150827.35537140258,652,92161.65465061982,31,1,0
63,162796.3123519823,764,70698.87126874962,31,1,0
61,140776.82142851333,767,64053.31708844108,26,1,0
21,140570.00098693196,812,53621.08147697567,12,0,0
46,140125.12354852544,763,19136.56915003073,16,0,0
40,112527.70214207674,693,13239.33560793643,27,1,0
23,85402.502023672,357,49085.389672148645,24,0,1
49,151435.14790907988,425,16784.971464538474,35,1,0
59,73756.28244561348,760,58122.99264126427,1,0,0
35,117722.38366597146,351,64924.570299820596,31,1,0
32,98004.01163921863,568,53035.94415448403,31,0,0
57,69792.00987686621,395,4606.244538748751,5,0,0
75,195444.1856814434,572,6715.067921430885,30,0,0
49,66575.29613632751,622,12220.777283467061,8,1,0
26,75672.75147014539,432,16210.934693845564,15,0,1
54,49085.75031645228,388,98998.37876316399,24,1,1
27,168136.5125565723,304,35105.006669449125,39,1,1
37,125586.09209980808,656,29905.36399048733,27,0,0
23,130347.06616502942,642,6174.396930758678,16,1,0
65,167701.05412383762,503,63896.71867787406,30,0,1
73,81725.53855337828,770,65566.8877279968,22,0,0
76,54854.01656843848,763,18369.420268287802,30,1,0
80,55712.96551890271,796,92004.91255153669,25,1,0
20,151871.56786320667,362,80248.8611129176,3,1,1
59,130540.72780324054,538,23801.6123639433,38,1,0
28,57140.998144776,839,49099.1233607372,14,1,0
60,46111.77103527624,497,46380.69476368614,36,0,1
34,41723.7149291551,329,35503.523989889756,37,1,1
49,133003.75658654678,508,81945.83656973571,22,1,0
21,20021.356083953,362,11817.184076493948,4,1,1
80,23297.481668637873,356,42116.10974295148,40,1,0
21,90119.56441269715,732,43375.08192437248,24,0,0
34,144442.97556970923,607,47403.83485680379,29,1,0
58,145107.0877695327,765,86273.64911876424,25,1,0
36,97421.28924938431,406,22598.520149948625,2,1,0
22,144393.24918882252,600,11189.394177715003,3,1,0
49,113797.31232442259,345,62163.0378192897,17,0,1
39,195847.65502351677,376,18209.61302282667,36,1,0
73,49242.83849062995,468,8418.276499607355,10,0,1
23,128120.10818700901,428,43238.27283653429,10,1,0
52,108422.97967118066,567,22744.996654955954,35,0,0
39,55003.942038384994,718,36760.44526793038,15,0,0
18,154998.27778550662,460,26711.396930143288,24,0,1
37,69591.44358775915,357,10171.00980961816,0,1,0
39,88707.76743683749,683,56474.37308949596,25,1,0
65,87469.50252575541,809,3674.8233859090824,29,0,0
72,63956.805173830784,729,96671.15945144555,5,0,0
28,97526.95970571293,639,34791.72165176166,26,0,0
30,105202.2585669713,325,69820.59353849058,18,0,0
76,153959.90110567535,671,81225.92438219754,37,0,0
59,157712.34338786668,335,28631.374758415957,18,1,0
20,48540.07429249917,830,75125.13220189676,38,1,0
26,126699.01387895577,566,83409.66468704624,31,0,0
77,181315.6036902912,731,24890.40614734974,0,1,0
29,39581.58959922095,318,99256.9730127112,24,1,1
40,105124.52801614493,638,3048.1796013668463,12,1,0
31,155063.5620335017,439,22483.047543318567,9,1,0
50,130068.44018882178,366,78222.0548714223,17,1,1
35,38105.4181873923,829,20218.971480519533,35,0,1
66,91389.10256317504,668,70127.72646731444,21,1,0
76,111303.10967903552,560,85697.51009330746,5,1,0
58,199252.2083089291,502,95962.21299079176,26,1,1
26,52149.4236782575,709,47950.50402462669,7,1,0
40,196836.27808882025,379,97139.80317522962,23,1,0
27,87706.9611612999,412,41750.607371486185,19,1,0
36,56057.68749328784,436,22594.67592776419,21,1,1
78,94539.63478231928,488,51878.2634553878,8,1,0
64,130519.12232626708,576,65332.50118683777,39,1,0
22,58429.530903979256,402,46338.36828894443,38,0,0
64,72459.034994383,406,57130.27195271237,18,0,0
69,173818.37031235217,472,42224.50958499167,0,1,0
40,199821.7031003962,630,52951.43344810373,10,1,0
47,77271.08446971676,490,95306.9715227096,40,0,0
42,46794.22471098925,524,50483.28410109687,9,1,0
45,162770.7475989275,622,26064.783648116765,0,0,0
51,128082.02370952614,807,76115.9155297445,26,0,1
62,38072.2058076082,847,34420.861320373384,16,0,0
73,190418.86665848378,433,81804.50991131768,16,0,0
65,34048.91511198056,336,6627.35690940463,38,1,1
64,132564.1522940554,392,33885.619733760446,1,0,1
42,96308.70606084466,374,10341.630917803304,22,1,0
27,120192.30528318846,482,9446.464600337315,40,1,0
31,58378.555218826,758,66180.56635807129,9,1,0
59,143859.87186511728,708,39148.14533400714,29,0,0
74,192749.54404400114,506,87276.41525652615,34,0,1
63,102516.65732808481,544,52124.108649479385,24,0,0
75,114132.4899622809,632,30238.97889605599,16,1,0
47,63166.10070239864,824,72367.99990825728,18,1,0
72,180536.2370751946,593,62777.66236698427,17,0,1
80,194811.3929251925,572,80159.86746209113,17,1,1
58,161533.43931548978,678,64715.239357846614,34,0,1
42,117699.23038876473,325,17534.328292793107,9,0,0
31,192223.42841155353,843,67360.69372903953,22,1,0
52,47693.00996610982,390,39763.37056396522,21,1,1
69,106128.35478113932,775,46851.15999549924,8,0,0
65,116769.02721075436,487,92234.89299799713,31,0,0
51,108544.95555542782,494,36636.44058347696,25,1,0
27,164435.2916921666,833,61583.955156093034,28,1,0
52,140672.52038294554,384,36984.691607811714,18,1,1
28,42798.523865287105,376,10378.021050421383,28,1,1
28,82361.23532175086,629,45899.00886278175,34,0,0
38,81033.83270963954,682,60109.088941505535,11,0,0
38,121813.79470272716,732,41342.82591172227,7,0,0
39,72462.51517842145,676,39675.95228314025,24,0,0
62,41108.91851970391,640,82217.4728755453,26,0,0
24,137662.87981828436,476,3938.8320566575508,5,0,1
72,173186.64893630406,725,30262.954277271878,12,0,0
34,187689.4571838663,723,81363.96927234395,10,0,0
79,195064.11517870566,473,92132.48471250522,37,1,0
19,160601.0323176225,705,41817.658998242,5,1,0
29,45146.43709254239,381,88990.63007641156,4,0,1
74,173560.1283626104,320,20694.082090378237,6,1,0
59,91992.81320884531,697,22921.27971815709,18,0,0
35,151384.03648262547,629,84772.94628189555,5,0,0
71,115628.24089295045,524,90422.5163927212,24,1,0
76,169149.10405678107,701,23057.77102830408,8,0,0
28,96591.03191114395,737,6873.0948068925,19,1,1
33,31122.88593320374,571,9942.089568473486,24,0,1
66,120228.26795884475,579,26876.70270225996,7,0,0
68,50832.29984018117,522,76383.45863753269,36,1,1
35,193793.17382352607,808,51489.190951832,37,1,0
52,114853.35184858849,641,46103.29538203419,1,0,0
70,119640.58289070688,341,58829.85318543409,21,1,0
76,183307.8283066672,475,89132.08823275643,35,1,0
43,132425.3441272115,544,9952.6075770001,3,1,0
33,74491.28789414729,552,69777.68863602154,0,1,0
23,73297.0310444068,573,92752.29371988511,32,1,0
74,110284.15698316212,633,22121.6541340816,23,0,0
61,175989.4812072486,310,83939.4592802216,4,0,0
60,163051.28133253014,451,70104.44636519073,34,1,0
64,193293.30549023204,488,2432.385071241324,25,1,1
64,32939.50211339665,510,23929.55635585069,40,0,0
65,68298.69241358095,396,60978.6313286922,25,1,0
59,34437.387406470676,638,50737.63360962996,40,1,0
29,155194.25490243852,346,53265.68900015973,4,1,0
77,45350.064047069056,356,23961.112036075443,17,0,0
30,37979.53723956921,374,67825.34360015404,24,0,1
21,121100.99727792037,553,27375.418722740913,40,0,1
56,94067.24818144852,469,39554.06168136693,39,1,0
71,148718.24097724407,445,37522.675672127545,37,1,0
19,107662.77050604913,332,67530.47718986995,20,0,1
43,96560.2272692815,814,9935.023406638522,23,1,0
76,96590.08077445476,556,21348.648202978336,27,1,1
44,176937.74847179384,425,20849.209997821716,3,1,0
44,91140.61713004395,412,11734.0427374553,7,0,0
32,80011.48299853402,641,21551.902904809445,32,1,0
80,80936.31386409128,347,61098.96652441208,2,0,1
25,55388.14342668025,663,73484.64891654463,19,1,0
24,174923.9931033181,697,66370.04124994314,34,1,0
80,46393.54670496468,494,48043.62566010735,38,1,0
64,183549.93280392897,620,6191.0225385103,6,0,0
72,71024.18994398112,437,95941.69405799074,26,1,0
63,181896.82799129243,654,17639.569622911702,4,1,0
80,162347.7182266239,369,67173.71567016141,36,0,1
57,124757.75377106456,782,91376.17093272899,0,1,0
77,140504.60070534784,358,70079.93250211787,21,1,1
29,78651.93634848698,688,22586.914378706075,6,1,0
30,123361.15057897923,650,32263.83357763828,7,0,0
79,72632.52213080548,638,3990.3808340984224,29,0,0
60,92409.1065002831,735,61663.06584336924,27,0,0
34,157639.25994126406,749,61686.3051072751,25,1,0
80,63907.86148583892,676,72824.55755626156,33,1,0
78,170992.28285075678,690,2088.6326382865136,31,0,0
34,87658.91365969938,780,81966.2875936222,21,0,0
73,115790.59295411257,413,74132.3847826305,19,0,1
53,189552.8877613172,471,14947.774342884793,13,0,0
38,142626.01343363748,317,35415.03431762888,22,0,0
25,136208.74031203293,534,64213.96439751746,2,0,0
22,148089.39096890524,609,50083.89061909246,18,0,0
43,185260.04097690104,580,12394.332126224981,13,1,0
33,64732.46765987195,495,9647.192138522401,39,1,0
53,130383.41704388091,414,78364.17361170106,38,0,1
45,92070.8937890574,696,16440.744683763172,36,1,0
71,22133.952777843908,717,18037.174719113915,34,0,0
46,42554.161353099655,583,83261.389410319,0,1,0
64,78498.54114744591,627,61601.82382175849,18,1,0
29,121699.99481274483,640,60866.84520724327,14,0,0
54,178665.4598053289,520,48455.23136497066,24,1,0
47,162400.54127625911,308,57330.5064258268,0,1,1
40,119600.06103609868,381,60575.19934680929,30,1,1
33,33296.67522334417,593,96814.79724951445,36,1,0
31,71463.13227109614,674,23074.357439290347,21,0,0
27,86007.5566206039,833,22241.67955034545,19,0,0
24,131909.09333669167,714,6664.630282826252,40,1,0
62,31686.2521363714,398,66161.6810821229,4,1,0
69,115434.8398100852,681,55355.17590140393,14,0,0
77,182263.6237060473,803,12012.681180817337,1,1,0
78,146977.88522553252,746,37089.354576700534,11,0,0
54,163473.82518129615,643,18687.65732778918,6,1,0
46,142701.61670463323,724,33816.692299685295,1,1,0
20,57186.040191066604,605,95175.1527700664,7,1,0
32,39887.087611883355,447,68648.56504917236,8,0,1
53,169308.3211408836,753,1749.3409787190528,26,1,0
64,145190.7984827951,332,25998.299304628243,27,0,0
63,123511.08058694628,800,2025.7931607001242,36,0,1
69,54070.915694284275,618,71771.9813780994,14,0,0
36,128602.09375611562,492,47472.75840349236,18,0,0
30,25637.92133998876,479,99407.85048962454,29,1,0
59,41391.0441909127,817,73624.74284124316,12,0,0
38,76140.22696479641,690,52273.38132808031,5,0,0
54,99872.88993400958,820,80665.83739260538,29,0,1
44,41701.60924796006,656,70775.56147217353,0,0,0
72,41589.233094356445,763,25133.841585962728,37,1,0
69,150660.8589050544,398,53495.569207924134,24,0,0
46,122549.49317602742,447,56043.87375857301,34,0,1
37,116073.5565399797,615,45671.93816217254,25,0,0
42,101438.20912115899,481,18740.069662680835,12,0,0
23,195777.7591420215,846,23113.536114130813,18,1,0
80,28964.05092098782,602,28823.692694640198,9,0,0
53,52512.89170908394,303,2015.2597884382103,6,1,1
19,136551.39633222274,406,91777.44532478142,14,0,0
39,44545.817693223435,374,68923.5031667644,22,1,0
49,126088.56884165129,339,69272.11426266261,35,0,0
33,122197.0205865944,418,57660.73076710301,30,0,0
35,194780.93305513554,372,69241.77000794486,7,0,0
22,179009.56766882402,503,98204.39243749001,29,0,0
71,190199.60187814146,395,39130.87342581484,33,1,1
53,40448.426505316325,578,71540.03310077981,32,0,0
47,176266.71870575397,442,36593.371433375294,0,1,0
62,43236.31911109507,414,85574.59107593576,15,0,0
36,133927.792137918,775,85944.83208211347,10,0,0
40,149614.0689220404,432,90324.37611692502,26,1,1
51,48953.62966687145,467,1540.869099945956,21,0,0
30,133878.68766731716,544,30520.95305461339,39,1,1
60,29442.888724158933,576,14258.51076895801,18,0,1
79,72787.89543370943,558,45944.63359112552,5,0,1
71,185808.528908141,345,50049.514625250486,39,1,1
46,50911.60932233645,645,26334.500240135894,38,0,0
53,31748.598641058947,536,72621.20271246196,19,1,0
39,99862.07593798269,352,27707.202001707967,2,0,1
69,173111.27753490888,447,85535.2461530525,0,0,0
69,33801.028754292194,832,18588.277446036896,22,1,1
64,83996.36574147354,389,37356.29418176308,37,0,1
53,181959.47022067872,532,62601.5380840062,2,0,0
26,41267.99899000178,350,60928.171975862075,33,1,1
56,75920.33106415039,693,8724.882088509206,16,1,0
68,160115.71007642668,513,84779.60260690388,26,0,1
36,117777.97768498478,750,60208.42840954774,38,1,0
55,169819.96531404497,638,87116.09532200967,22,1,0
23,40087.17074878371,650,86895.92224455898,37,1,0
69,185699.7508483501,584,55045.95034712808,10,0,1
64,188284.12301273757,544,91167.36427383235,14,0,0
32,47956.34362640714,849,84992.37208253214,25,0,0
74,26097.583593215008,525,95854.17151161534,10,1,1
37,198171.44875200238,740,85199.34145738123,6,0,1
26,106805.2866144364,773,82299.1812491138,7,0,0
49,122973.57272637764,743,47466.68758701424,4,0,0
21,130862.85205998374,711,21991.074977414846,16,0,0
67,162140.3233004905,545,91160.1645744731,22,0,0
35,166157.83442826523,799,72532.3694581615,1,1,0
22,54906.5403775593,849,28893.038555653508,26,1,0
37,62594.61331403478,416,34758.576552808605,20,1,0
40,177829.94521034698,663,68921.77267386483,6,0,1
79,167513.16885510556,503,48303.913527013414,37,1,0
28,131171.48867971197,650,9066.773622790457,25,0,0
54,199045.84864247296,618,15003.346628820043,29,1,0
39,152333.10983923826,658,74819.2196677188,11,0,0
75,58850.6182634448,816,33528.38331970126,10,0,0
21,172395.93157988208,788,51257.29341180188,16,1,0
46,94651.8745466252,406,76895.52634709905,9,1,0
61,26507.478897432055,471,75366.3837768992,15,1,0
51,77855.8300061007,818,17534.487661840114,14,1,0
30,157439.22213068936,827,10740.992575504495,14,0,0
59,192837.11729356518,619,59524.077003543905,19,0,0
26,69704.5549345749,336,74421.65451919271,3,0,1
59,64372.93839374871,798,15754.952277545628,31,1,0
48,121450.98540769401,564,37823.5734454002,21,0,1
24,166103.1019392404,701,87157.52160079642,34,0,0
21,154374.6227889704,517,94478.09101447178,13,0,1
36,120792.60246130697,629,45952.90633401875,29,0,0
59,133650.14269060612,485,8872.077469052469,30,1,0
47,63577.81231874192,680,26511.94916403536,9,1,0
48,97863.3677006031,508,24064.022111237766,5,1,0
52,65965.81277365399,587,24657.40833356464,26,1,0
74,179195.23547203478,387,49894.28883254575,10,0,0
38,40259.811325792834,435,58739.339517465545,35,0,0
78,142353.30041414674,457,13128.449279313598,9,1,0
48,66850.97548970423,454,89046.2446463051,15,1,1
36,105603.93374932396,762,62377.40850483037,23,1,0
48,73894.3004443939,519,60127.921296532535,20,0,1
70,78184.15707070491,758,98740.62084004412,39,1,0
49,66870.74244998395,466,63186.25377181941,40,0,0
19,155502.72581517894,621,92966.95578081731,35,0,0
76,85828.85429222847,811,29339.440263619384,22,1,0
69,150744.26318853488,386,24772.819544303256,20,1,1
27,102092.5874187223,844,52135.34999562086,31,1,0
19,118504.2875780517,574,51352.285816029944,16,1,0
19,117791.74562842773,440,23421.88129890579,16,1,0
77,195653.374281846,652,70265.91003309483,20,1,0
41,86071.24202797121,304,3933.748104432635,3,0,0
34,57383.13717156756,681,69372.41678239581,22,1,0
49,184122.54926598837,633,46260.61072620671,24,1,0
33,51471.07207680318,774,69211.74357366282,31,0,0
33,170196.11225198203,329,48230.98243351038,5,0,0
63,47038.68118404664,646,97756.0445055848,13,0,0
56,138570.38016093313,792,34133.81015920866,40,1,0
70,47097.34638761649,794,98274.72076323643,37,0,0
48,186155.4474630973,687,7432.420305418561,37,0,0
60,121701.49087750961,552,68692.3167009981,40,1,0
41,79269.29104521577,329,45967.7014717063,15,1,0
18,45258.09949344708,641,82391.62492744032,31,0,0
28,86814.60250627891,586,79171.9909019828,15,1,1
72,146903.60627638613,696,80220.8081047178,18,1,0
38,89291.15910713849,808,10379.12133094945,36,1,0
21,64296.94449717993,543,82414.20428626817,20,0,0
24,123933.7006928871,520,22189.97558693233,14,1,0
43,95207.93351068153,455,3542.346122044442,25,1,0
64,49845.12248545262,682,22556.133248756727,29,0,1
67,47717.83824994222,619,48449.22536528344,39,0,0
29,147343.15823993384,672,74469.02463123178,14,0,1
48,195440.94119292617,830,22644.615602452515,12,0,0
34,61956.93275517014,514,12187.747260936865,26,1,0
50,159166.7481496682,666,64950.758247370286,22,1,0
28,35769.206441083734,413,98405.90559964174,33,1,1
45,88683.6654293927,499,60486.15990647619,33,1,1
49,111203.86750548625,324,69414.67904821875,22,1,1
18,68374.4501521583,420,56555.576930895586,19,1,0
64,115324.11497256508,302,78452.49597862188,8,1,0
45,178870.5969794938,744,97604.63760073503,19,0,0
70,189998.8332238988,553,54868.7937110143,38,1,1
59,38100.2517871489,319,42262.26066252986,13,1,0
24,68932.26811715642,503,86173.96305485252,25,0,0
19,196244.1051531905,656,97003.10603223901,26,1,0
59,68675.31387240387,427,13788.982446087228,33,0,0
41,144687.3232058194,657,58238.925581913914,28,0,1
21,65621.66489666564,591,79453.53926205375,31,1,1
61,84145.80679778688,473,53800.60111048269,40,0,0
36,54430.21782144154,654,41510.49985110192,4,1,0
43,174134.03486548612,336,65867.75229240664,3,0,0
28,178876.77748751073,609,27742.681356821482,22,0,0
57,73444.25142477767,383,35564.24055089857,20,1,0
67,168246.1683507134,809,99235.38922925312,32,1,0
60,84483.49700665713,743,64010.06810307504,40,0,0
28,37823.4961211285,719,87419.80253279638,23,0,1
62,156453.75151257322,504,80969.0827906772,15,1,0
20,127360.32480179204,787,65574.98288500839,31,1,0
29,69388.83986073507,387,84232.17916341855,18,0,1
20,65539.95329213247,551,29428.691047923527,25,1,1
59,195612.20668681784,330,64074.52843241754,2,0,1
44,175250.18736075645,720,59469.74546287411,34,1,0
66,165763.69928727765,360,62619.54047854114,38,1,0
71,43043.18755549981,525,17694.560787530747,17,0,0
19,155933.7093646869,634,28447.060959808776,6,1,0
66,58617.23981659157,410,29379.17356046137,31,0,1
33,195930.00977748333,790,60592.67009470356,23,0,0
19,29376.053833206388,571,97282.14116353882,15,0,1
77,83384.92704084385,333,95452.68756703267,23,0,1
71,97156.61134016873,511,23491.76574597996,3,1,0
47,168356.5240812058,599,31179.679063610478,31,1,0
37,157920.1072407283,672,4570.127335637544,33,0,0
55,87498.58609038613,424,40482.74339608002,18,1,0
45,121800.85282244734,402,83632.738046356,13,1,0
42,170407.12944939148,419,91659.42215962787,37,1,0
49,23275.92658718949,846,24413.15147722642,12,1,0
78,164392.05791440498,630,27313.652875395084,21,1,0
27,190441.2845615676,608,22864.131834366613,30,1,0
77,25771.61386715081,711,35660.2531898833,29,0,0
59,28204.577674072865,698,80671.18046046392,22,1,1
57,82012.52100188361,605,65038.889518561555,11,1,0
50,35798.521478181414,462,78808.1508685063,13,0,1
30,106269.69445289989,364,58720.07952719531,35,0,0
73,151167.92331616016,515,26515.57472785553,7,0,0
58,122041.86230572719,325,23571.42384104187,23,1,0
71,55357.74363309326,343,1891.0698805112293,2,0,1
59,137866.0340054644,389,78317.23155053318,13,0,1
64,143273.80625220487,432,84865.00139030705,10,1,0
54,187840.27202330265,460,77059.97736321321,37,0,0
71,46423.441527868825,679,8365.803715120583,27,1,0
33,144620.50968375022,560,76459.94108981673,22,1,0
62,184056.89939356653,682,5530.977861876661,17,1,0
39,110281.54759771416,668,11453.713504932724,19,1,0
74,85123.94237535015,410,44607.06192033406,32,1,0
37,50734.90895980848,376,48138.553883559165,1,1,1
67,176021.6395681564,508,81795.74502525093,38,1,0
60,90964.347471307,312,68273.16231205015,36,1,0
44,186478.83978818462,847,16178.697684490411,25,0,0
58,172596.4936635397,324,23388.531539651332,1,0,0
33,87795.17332349523,845,29281.84363760999,2,1,0
51,123304.57561032724,439,13243.591108030976,19,1,0
49,24891.326532905863,574,29476.84374956384,9,1,1
43,67379.85251608424,669,73131.21739843357,20,1,0
42,147849.11274246493,521,24898.745540621014,39,1,1
19,142023.97025232803,336,83700.60505897825,8,0,0
29,83606.50271751519,428,47482.18251739557,1,0,1
57,165549.44574370218,615,32970.6403631945,27,1,0
26,62450.4893419768,622,41829.392350338436,2,0,0
29,103028.69596740889,732,71240.17731875565,15,0,0
43,105055.51435596214,517,52162.477621353035,3,1,0
26,81347.01839660309,547,1720.5877335307473,22,1,1
27,191839.8982025301,410,92310.06081192243,29,1,0
49,145403.12603271822,446,7533.604297183319,37,0,0
74,117055.88035891428,643,93923.51353262419,12,1,0
51,111892.71680995674,808,3787.129538385412,5,1,0
65,48673.296644797374,804,77326.9541607874,9,1,0
37,86993.64147225769,433,53932.79611014554,16,0,1
56,141099.19665123933,763,51066.8918798065,7,0,0
77,186422.63954361205,490,8205.071751856449,8,1,1
19,166963.53069053093,462,24635.756023453712,33,1,0
18,74070.16471279481,755,77977.184389454,16,0,0
68,98112.192624188,360,89234.72316232692,21,0,0
77,34925.15372830302,304,53382.749424244976,2,1,1
53,38391.01814640454,336,35980.996239896944,40,1,1
41,104641.46965976871,759,6934.377598356872,39,0,0
71,115439.49322707803,516,68535.6740805677,28,0,1
44,67524.8772254445,438,28566.21445794198,38,0,0
19,135700.88405346943,398,6446.357784222533,26,0,1
48,146608.5234044248,563,66919.3211807636,38,0,0
74,73840.9036901524,523,49086.25955984208,39,1,0
31,156516.45062735752,310,2184.2528204706696,36,1,1
19,57008.885427044006,626,11981.47987152836,2,1,0
46,117965.24790960329,649,70220.99099534847,18,0,0
32,164770.59684119117,678,7303.4619735130655,33,1,0
29,116661.63542285997,530,86730.34341945604,13,1,1
54,183433.28933378911,440,31821.301464573335,20,1,0
45,30530.22191743445,348,9777.980573206038,1,1,0
37,125896.49218846492,750,76215.98043863848,9,0,0
78,121115.98145799022,790,52918.29621084935,16,1,0
56,138863.59913768322,504,31357.363205550464,1,0,1
41,170013.23096245536,708,41203.73582525753,26,1,0
38,150653.5551809111,706,3119.8271648777627,0,0,0
27,162250.89236711152,350,66607.15521640347,35,1,1
63,71987.01062917187,474,37211.59520738101,32,1,1
31,89749.52814241363,560,71689.71940308485,21,0,1
54,132819.85532832146,779,63188.94344930217,34,0,0
35,119623.06494648835,522,65474.16440506405,33,0,0
41,192998.69749469656,568,79496.3783894388,17,0,0
31,53630.209988195485,617,63484.64975924885,35,1,0
51,83230.10704120551,684,42453.866994947355,2,1,0
75,123095.94199127387,518,39602.828611728924,15,0,0
29,176233.47858850737,353,12838.628569720726,10,1,0
39,187282.7344443785,499,78164.89790246793,9,1,1
73,80486.53954896773,638,76349.73573370755,20,1,0
23,32079.523074743294,604,25383.53834146682,24,0,0
53,95891.54562599333,544,86405.50935711632,34,1,0
62,90981.94578203128,507,59311.322521272195,5,1,1
53,197567.67222734413,810,48389.99739706216,7,0,0
39,97591.0239723421,558,2732.133860924091,33,0,1
31,75030.1398745813,679,38891.37740056731,40,1,0
80,85767.92741628812,462,64426.40605533064,0,1,0
33,91446.7305122865,640,9885.035931149961,2,0,0
78,167877.26879539088,829,46497.16357986728,37,1,0
53,34582.68070962755,333,99350.15918479802,26,0,0
73,76971.2687975048,622,71937.32508369768,12,1,0
42,193937.32854327792,480,55140.217862658836,18,0,0
49,47558.45086378399,646,53770.25560896859,18,0,0
50,153668.23787586618,491,5332.743143561248,5,1,1
62,84150.83021569227,545,95774.12930338568,13,0,0
53,124721.39471501457,544,92889.58836821925,4,1,1
37,37918.64693159877,432,68558.06635686921,35,1,1
35,75154.10012371038,496,10802.153318473447,8,1,1
55,110155.68949895988,646,21575.555778194383,22,1,0
20,61706.11847165451,348,19207.044051682937,31,1,0
40,117536.58974956739,363,52438.27002502067,28,0,1
49,59556.67653128894,403,21572.58357569657,27,1,1
62,137018.09947709972,512,69884.25559287562,39,1,1
76,182783.78124505657,816,54977.758710969516,10,1,0
33,35387.954723282855,418,2748.1595272228933,18,0,1
76,58990.88643969554,541,74661.6664665295,0,0,0
22,171996.14490685938,579,19694.044928740903,8,0,0
21,133679.62737955234,723,82663.62684838701,1,0,0
38,34167.60508566174,662,36149.49827517492,3,1,0
57,107543.02071970917,605,34523.348318182005,28,1,0
68,57756.532702040306,785,2169.916242042843,3,0,1
31,55837.35093261255,613,98785.1693093787,0,0,0
56,189316.16180489428,812,61588.42957801452,27,0,0
48,157077.47865369963,466,42850.28645241308,17,0,0
31,145321.50683434587,693,10565.519041672565,12,1,0
23,63007.18707401455,362,70215.65835095066,39,0,0
29,41343.217947371086,571,28990.316529201948,5,1,1
33,176749.871831363,336,98839.80101917736,38,1,0
34,21058.322481641168,315,95104.18855578298,21,0,1
62,89857.35626618353,642,73794.37120147607,29,1,0
40,69970.25053304003,645,97136.12109801393,26,1,0
31,122667.71606278825,838,11457.75238292252,7,0,0
78,65091.51845945025,532,28711.620693117973,27,1,0
24,76016.96467909543,715,26071.08559032673,1,0,1
63,173007.17389877484,566,8129.253187470947,19,0,1
49,128573.98821281338,625,97250.43319917412,10,0,0
32,46222.85491928631,742,6937.434578042492,13,1,0
61,150764.87782924966,375,85812.20149543864,23,1,0
34,57342.65626637811,546,77047.98103310708,12,0,0
58,97940.88742024642,612,38210.84165967449,7,0,0
71,136389.30263107282,642,2861.9289003500994,20,1,0
64,68947.3167423477,481,1603.494593205082,21,1,0
61,89139.2266416426,698,21195.3902286984,8,0,0
51,152146.92751474716,540,49893.781423345514,10,1,0
22,188823.9716163818,591,46333.08784032998,15,1,1
62,115264.11025270514,353,58943.965079927824,8,1,1
44,21794.774880192093,444,77423.97165641545,2,1,1
69,80923.47522352949,655,38358.106871160366,35,1,0
40,91754.1802721962,776,16876.005855422423,12,0,0
57,81051.25160040392,321,80204.84276601397,0,0,0
76,98528.39500080129,630,33936.37745178987,10,0,0
31,133879.92568731194,591,29401.30788154172,23,0,0
32,41803.04485959557,535,76666.8918044943,4,0,0
60,69073.491596151,328,93479.8043702313,1,0,1
50,111376.65548317242,459,91581.16691906493,16,1,0
70,76803.19547239551,829,14606.80015986068,16,1,0
48,198395.3608643647,849,50812.65719346066,19,0,0
52,97657.66406674788,400,10194.158089089167,14,1,1
34,176563.84764659894,589,96136.61993173357,3,0,0
45,181371.7704104956,676,22307.5607018071,10,0,0
36,170481.259950023,472,20545.527901811696,22,0,0
63,28441.683370130206,642,88999.68162764146,0,1,0
71,190594.41169040327,490,96817.20495707453,3,1,0
79,43173.661183971846,738,70065.5936702304,37,1,0
40,26192.652988573012,642,12979.498336223263,1,1,0
49,94586.52942318036,424,49099.70544352671,26,0,0
57,55034.125896414094,659,81843.90431209878,33,1,0
30,53155.37533938251,802,57675.24118711628,12,1,0
76,71807.5304077071,472,14126.890618105132,17,1,0
37,64713.008944433874,693,18016.887200819554,10,0,0
52,143263.17238702756,760,86550.0259076457,4,0,0
22,53619.91519449261,419,53175.88720506086,28,1,0
26,117761.29493550654,572,70877.84060290453,24,1,1
46,197556.77830583535,657,37933.19009707341,13,1,0
23,97828.83577213199,685,53716.07270896531,40,0,1
80,135537.15958317858,618,97733.21089838148,37,1,0
42,194486.90199137726,560,33640.60065984567,40,0,1
48,44775.019647445566,580,67804.06422331918,36,0,0
39,95349.2616727489,628,18078.050162327745,10,1,0
19,173034.63203514574,423,13052.248640772998,31,0,0
62,187815.02289407837,775,78580.37101464394,5,1,0
22,128222.49043260292,577,84566.71278872939,5,1,0
77,45815.70845724021,392,67162.85783959214,21,1,0
44,182264.88511057792,846,16661.387916903033,2,1,1
42,51400.38191436966,427,24818.20859861132,18,0,1
25,83518.01269978133,831,91206.39510141606,33,1,1
72,87591.43599720711,466,29581.700831175873,40,1,1
18,100512.47717707304,535,82067.19110351463,40,0,1
37,162229.84686757092,331,29307.791602129757,6,0,0
61,164385.98805844723,530,94006.79436302002,15,1,1
40,149537.91319006056,490,91530.8383708633,37,0,1
49,23983.16139588469,807,5283.054189250008,8,1,0
28,121672.11839908728,756,77270.98469987344,12,1,0
56,154548.732058652,554,17776.7142632063,33,1,0
64,100032.5432110777,578,22311.890964731767,36,0,0
71,190088.48816577136,355,46524.67602081611,5,1,0
41,168285.89393846318,405,58055.49682519556,37,0,0
28,134867.91178762953,491,33254.172178078705,3,0,0
46,31236.53306285241,577,57962.95318986671,4,1,0
71,137422.32456496486,843,17895.178762772524,5,1,0
43,184084.3282253994,474,3211.4277837226705,12,1,0
33,88300.16963857126,384,57551.21444781455,23,0,0
52,170863.854608965,515,52224.11073626957,27,0,0
37,76369.00571519222,313,69275.74244351657,12,1,1
63,122618.5924785145,336,65332.38413481463,17,0,0
20,136716.39530674083,326,89851.15164316159,6,0,1
18,142039.10676060108,369,46487.393395993044,3,0,0
80,178858.87660358267,453,1828.5779946012603,30,1,1
75,62232.00806113077,737,63434.615478088555,23,1,0
70,67226.52535201545,570,67838.11053071862,21,0,0
64,146727.37879593263,840,52628.003950201004,20,0,0
18,51894.88624712686,373,69241.18215388035,25,1,0
34,103568.67289351286,448,33034.79751037912,29,0,0
19,23606.189133898726,805,15732.022015916838,34,0,0
46,45376.28065822054,309,66790.81273168426,22,1,0
37,142192.34930519504,801,25273.45649233734,39,1,0
23,154543.0886267157,361,46175.27501913628,29,1,0
25,40757.42598281783,687,49670.65033055322,18,0,0
46,60987.71907401546,531,48242.75549637046,31,1,0
65,37802.8003766692,827,60246.46522431563,18,0,1
68,98014.31190652102,849,3915.9171836600267,21,1,0
50,42700.89273403399,744,98978.56699807872,3,1,0
20,98713.2830900402,620,71914.73691991856,11,1,0
77,151777.6860442037,382,43113.39039807751,14,1,1
52,143009.95396581513,733,19941.672998734186,14,1,0
22,70482.88763333214,316,8937.554921892272,9,1,1
44,141277.25886444782,668,67546.85164198607,18,0,0
61,186988.18356192386,554,32378.60588089727,7,1,0
29,82554.3896752848,755,23718.367366736933,30,0,0
37,79241.44766556918,832,38615.48432412101,8,1,0
62,122858.95726676314,691,59699.3856929633,28,0,0
37,64190.325984944924,619,67498.81645171612,6,0,0
26,137284.20703644535,519,64871.836866098485,7,0,0
56,169807.11872104657,713,86463.29276570538,40,1,0
21,102677.33091775376,331,22656.98567594141,16,0,0
68,142311.31848710883,315,64037.870156516416,14,1,0
71,137339.37629893917,708,11010.323242423316,15,0,1
36,26959.801132566114,472,55245.534300018604,6,1,1
55,53014.93313163975,478,58811.88184647745,18,0,0
44,180835.40032726337,796,22407.492594483192,37,0,1
62,189000.5865257035,403,39777.619869132446,24,1,0
60,160479.13518401192,616,82892.09606879644,11,0,0
30,185824.66669898503,480,15692.49632154338,31,0,1
30,75106.75716534347,431,44016.11356396818,9,0,0
77,64587.97492022846,454,93340.57404993374,23,0,0
74,89174.0337608936,658,50906.78384226049,3,1,0
39,29961.559739081513,534,72788.23747149542,36,0,1
45,165776.891427439,464,82859.73791599955,38,1,1
69,197151.5873207139,726,21173.66310970375,3,1,0
64,168325.27263858975,787,22603.506317760304,35,0,0
70,119895.56027345866,512,76100.55415373997,36,0,1
62,73150.75468693097,456,75577.36707946369,24,1,0
39,55585.61993784451,374,6958.148743322287,40,0,0
60,85531.31692339879,734,32927.32582880147,29,0,0
36,140054.51531867712,477,40454.71669893536,0,1,1
25,100471.07999734825,611,83074.99994364422,28,1,0
69,188130.7676152075,426,42764.36328754401,15,0,1
25,173759.66173383183,676,92666.96014992113,36,0,0
59,38432.11087332181,644,99664.16993692337,36,0,0
43,43674.5402994278,524,78291.89040374062,6,0,1
65,141723.05335401994,316,66972.28226715849,39,1,1
68,61538.310196463775,796,39797.819432725155,32,1,0
43,162385.37786211522,772,7636.905159151304,21,0,0
40,126444.46561874356,610,57740.73688321692,26,1,0
60,61369.494992003,436,36808.785648855104,28,1,1
30,106163.62354650641,774,35738.909507402015,15,1,0
45,93093.732626066,516,69083.21601823413,20,0,0
26,177168.68465409285,495,46900.296501066936,10,1,0
37,25789.24549586905,500,75457.29063237355,20,0,0
73,181251.90028402218,665,40419.14904585254,8,1,1
36,137374.8829183538,827,15935.475163169702,26,1,0
65,152756.87375870819,699,46673.40509283441,38,0,0
56,20469.34341067407,824,95150.23891821096,21,0,1
68,133083.09812670184,513,80350.93828253927,14,0,1
29,125927.50946798468,640,21369.176252263307,22,0,0
32,116697.00014953397,628,39738.749662849325,28,0,0
48,161456.0342070593,418,92851.41742683324,38,0,0
72,120056.79735137094,724,13246.206813930085,15,0,0
31,174277.49412077435,672,26141.07394462866,2,1,0
28,61873.66755373491,478,26960.04194131774,15,1,0
43,165076.86601490597,731,57522.35469053636,7,1,1
59,52276.29910846503,701,41662.59865142095,25,0,0
44,166361.20255441638,693,8907.196725633688,8,1,0
28,189283.43338914218,378,63288.96400313148,34,0,0
55,80424.94561586913,723,10808.708587494872,6,1,0
51,115379.53651643399,417,61035.078265928736,7,0,1
60,138499.22412616658,667,51193.82964237655,34,0,0
36,34304.89985380903,405,49873.197411805944,38,0,1
23,108934.52927674164,404,7682.128284623752,35,1,0
63,84905.2957858844,602,64282.82424147005,5,1,1
69,177042.01362523547,447,43700.70560034375,6,1,0
55,177802.31336749872,449,41699.50610628297,11,0,1
66,146140.31711850263,555,60048.688245435136,38,1,0
59,138030.40542664967,381,61018.557934708195,0,1,0
45,152063.92266965422,315,2488.2962804368644,24,1,0
18,85877.64218050527,492,13397.364219117459,11,1,0
52,92813.46441511258,373,24415.30386362734,26,0,1
57,119666.85011996696,576,68119.75600125192,22,0,0
25,188845.06292560414,360,58097.37157593114,18,0,0
76,150319.97734152127,835,76005.28410609062,20,1,0
69,119178.0640093202,834,74320.17274884184,20,0,0
71,158674.34268140863,642,85465.10405140893,23,0,0
64,86760.25620291651,694,38304.67126596898,12,0,0
73,151484.00620598672,557,35161.322752146974,35,1,0
24,93921.72469088605,497,83270.52490229286,14,0,1
28,70339.0532626975,352,24522.55185285127,0,1,0
56,129750.32855401265,570,46656.06499368709,33,0,0
78,143637.96073703322,500,20238.23955020272,30,1,0
21,102672.84101232156,695,91470.23347178215,31,0,1
42,121790.13164399027,677,41372.498296565915,35,1,0
29,144931.89347407222,834,22036.202924852005,28,1,1
43,158187.8092803517,387,69509.32566632229,9,1,0
55,181202.86623495372,697,25219.823142837384,20,1,1
63,83817.95712757907,481,94406.85671385212,35,1,0
29,191265.90551346683,582,37394.08446613173,23,0,0
60,134710.36582215576,832,66799.43049808187,26,1,0
68,161786.3388858106,489,35179.24818458393,20,0,1
70,145958.42782665888,504,80917.3127163539,17,1,1
54,57002.910562713194,343,89795.3513612548,3,0,1
63,32858.9089415891,599,79003.91758206383,17,0,1
70,150731.56352326163,578,85001.40285402448,8,0,1
41,111989.48020302376,684,11086.201965825961,29,1,1
33,146398.40631349845,610,92482.40302627358,34,0,0
74,105831.70470478275,827,62805.772158652755,29,1,0
30,76202.21367497073,573,87052.53568445377,38,1,0
42,71303.22366672229,781,68759.23965435613,5,0,0
78,151495.78355659897,750,20982.91918582733,13,1,0
71,69820.41466383944,831,61345.955062921974,28,0,0
71,148641.83676657575,830,10003.677732590957,31,1,0
74,89112.82273712814,824,69876.5799915977,13,0,0
69,158761.71277738444,316,41491.1129669767,19,1,0
71,45705.78664088053,329,16021.584136920686,8,0,0
21,56896.3897767822,769,97943.75177097299,11,1,0
28,143464.08902962942,603,90207.35799685743,13,1,0
49,120841.60163568727,392,89460.82762692212,22,0,0
66,56698.10167188786,461,79093.21032887303,33,1,0
24,182508.8621108279,627,69506.13138920824,15,1,0
63,69669.94653427633,553,65852.86854893228,17,1,1
75,95792.85167485409,739,11503.289932681671,40,1,0
28,56411.82953705683,843,90156.05729652697,39,0,0
45,89844.97130147256,419,88231.71123415642,32,1,1
71,108496.41502006535,813,75037.41002596049,4,0,0
58,73144.46981232543,848,92804.18094843713,38,0,0
40,158436.861175367,396,55755.2616884012,9,1,1
62,90907.93615632447,669,45316.591137037976,21,1,0
40,151311.79999257808,716,96826.79281446159,32,0,0
67,57272.99157024381,556,46948.98759196795,30,0,1
45,87866.38942277218,427,64491.11966564861,5,1,1
60,21450.49200119633,658,37933.15253898546,35,1,0
64,156554.7651044681,455,63996.29637595306,2,1,0
74,132659.59597948715,356,72289.80056694309,3,0,0
43,167208.1984856821,375,62840.89700356649,26,0,0
42,102009.94185848838,457,51941.73118040358,37,1,0
71,163953.31586831104,384,30710.968964898053,24,0,0
46,136564.8579687761,621,64740.72193748611,36,1,0
36,20650.32785616296,608,90934.46063087492,26,0,0
50,65664.97311593214,829,1684.3465257970686,40,0,0
53,108900.44339712465,583,14258.973715539347,35,0,0
31,131363.72294815484,341,12857.542691485714,35,1,0
31,31806.355639634687,433,92397.32498639256,6,0,0
52,146914.3870730825,703,66612.02120729885,29,0,1
47,117836.49757650678,792,95227.0225405449,28,1,0
45,114640.27522729142,521,58698.514048030396,39,1,1
34,72568.20045762471,528,46711.55681876612,40,0,1
20,127068.15790830384,751,79441.94826962188,4,0,1
33,24948.72013371944,605,16933.28448004723,5,1,1
63,31646.059490717926,418,38752.473515414815,6,1,0
47,152096.61569831148,623,47161.14981288815,38,0,0
69,77940.4416561135,458,30547.3810566997,31,1,0
46,82454.07361240708,538,37757.27562843937,14,1,0
62,57509.33658616133,695,8732.413505517408,12,1,0
32,100211.72457798778,619,20600.37535550624,17,1,0
63,29358.817654034057,488,34214.17531276191,9,0,1
73,74065.38024280046,608,79793.1528900803,39,1,1
42,114882.30591998555,548,19067.238129443525,10,1,0
68,103813.74588064467,837,35317.39702443824,39,1,0
55,199940.5357621461,805,7427.108531496583,39,0,0
59,89977.63738104381,693,56153.33013783399,1,1,0
76,89659.8306657756,705,61513.83792595185,26,0,0
64,110644.71993460285,480,86686.12988275453,7,1,0
70,54254.559848821365,320,82092.48385169444,37,0,0
71,177734.79613264842,454,29252.417513704168,15,0,0
69,123008.20199560073,493,14558.415229796114,23,1,1
75,54579.37505589604,523,16452.235038829967,22,0,0
55,162819.48644698382,698,96927.43036100401,13,1,0
40,26179.790805713586,579,67649.35558672839,26,0,1
42,196861.55610537692,309,5214.507992520691,9,0,0
59,175726.88025884685,675,14541.146249464364,27,0,0
24,124335.10199612357,771,49094.20644499462,24,1,0
39,40033.21929627197,451,21575.05162501886,1,0,0
34,58749.09919214086,423,80562.23951500187,32,0,1
35,70298.33065644137,723,57748.49463936713,34,0,0
66,63385.71282264998,822,61650.58857114054,40,1,0
58,109553.60188162023,812,46819.72925687197,12,1,0
27,190020.8666480866,470,26350.214767205234,4,0,0
27,99951.0652582059,424,59350.957707052105,4,0,0
74,139081.62227121298,474,71980.03456991244,21,1,1
24,143944.97707618817,803,37723.859685386524,33,1,1
65,176884.5305458069,684,50989.4194311657,0,0,0
78,26087.831762873466,405,84128.71307673129,16,1,1
67,92779.41068255759,827,15719.494420423569,8,1,0
55,161252.32053549789,337,54977.21750813594,9,1,1
44,166676.06269378032,694,35492.85352109359,14,0,1
69,186919.870731322,776,70576.68106350582,28,0,0
50,146502.9847672404,766,2862.214073077071,24,0,0
18,64127.71029885383,804,67376.85668051569,20,0,0
61,111019.83375518807,614,11186.875667602553,16,0,0
70,25822.15182540156,584,7412.007546372142,26,1,0
77,136447.10139768443,763,72737.70679490268,27,1,0
51,119773.1380715762,563,64393.87313750327,22,0,0
21,140030.53053703276,728,89598.65715837321,38,1,0
34,187425.2996097672,664,52445.84062426387,35,1,0
21,143709.79010967768,480,53472.41812718954,2,1,1
60,77680.98746745702,543,70994.7657220785,32,1,0
71,55772.599496628216,612,33016.36005897187,6,0,0
43,173834.51722735786,375,4654.333086771323,4,1,0
21,54979.7857892769,561,23774.536746186728,25,0,1
18,49089.724507165505,530,24563.327777740295,16,1,1
24,57190.174522575646,679,34230.22617754119,16,1,0
47,111591.35266349123,608,94402.81057100583,2,1,0
67,42353.73976870223,687,80679.43706765164,2,0,0
26,188861.2995074064,624,93659.66827531402,33,0,0
78,193925.66730321612,755,99862.34942118704,7,1,0
52,195284.3335909398,811,43944.12140461741,5,1,1
25,27042.464867549563,642,23480.258351350156,36,1,0
78,190315.55476640572,815,56440.41196426966,21,0,1
41,199534.68787113653,741,88232.30698086375,32,0,0
36,189637.23968218768,848,47107.45424044324,6,0,0
53,140769.0030372871,561,51034.5309546531,39,1,1
67,146221.42743353016,762,14309.471486854844,18,1,0
69,42005.52917722058,526,42625.093764208345,9,0,1
76,177373.47387349326,822,39312.48617104923,22,0,0
60,30735.12523317887,488,35817.16178367951,1,0,0
44,77191.49839117516,508,88842.56832249578,20,1,0
49,198407.29612667367,312,6870.841888020961,23,1,0
31,96019.01823853915,461,97242.57110683735,12,1,0
74,43608.12031374657,792,1816.4357020404668,4,0,0
35,194473.03916883442,734,94613.80738103109,17,0,0
45,197145.1364675125,304,55256.70278101581,10,1,1
77,53667.68334296859,501,70542.07919561147,36,1,0
46,175664.68557323076,715,19526.152119817198,31,1,0
33,90276.19871490051,311,65766.9423626441,27,1,0
52,88646.3236076086,696,88313.80918424553,21,1,1
64,67285.57374144229,640,14808.533843531508,27,1,1
76,28047.84941988137,672,13581.079615055705,0,0,0
76,68241.61706334024,677,31093.8130057978,5,0,0
48,29679.84295994936,524,17010.863355064415,10,0,0
21,186386.96834479342,481,11953.938961241363,32,0,0
54,139109.72103069111,596,68153.58456254388,15,1,0
34,179592.07700295048,606,22168.83477733659,12,0,0
56,149112.32266470272,730,67034.47504079663,20,0,0
65,43631.63679487507,417,86330.99348446581,38,0,1
63,189304.67661235362,651,65550.45434988705,23,1,1
43,181980.74965389806,345,12817.33992162469,26,0,0
65,82653.69402218642,526,57784.17983069706,36,0,0
56,40076.00126330177,655,39969.239736943535,2,1,0
58,146747.85514199728,593,34993.72273552698,11,1,1
21,151105.03449261005,539,32534.615394353386,6,1,0
47,181429.2280713273,647,93013.79015814491,19,0,0
47,29478.036701194385,440,74508.23821109506,14,0,1
39,45506.69084492693,503,14251.030168449206,0,1,0
28,127684.78271825281,568,48124.542493513916,9,0,1
19,131443.67915661487,612,32504.084450138038,13,0,0
61,26049.73921670113,717,97815.89294204986,14,0,0
29,91447.76919109852,436,97824.86832236378,33,0,1
47,125149.11162968884,650,32633.91295897046,24,1,0
53,152824.0399673121,460,35859.198498400016,30,0,0
35,76907.12452009914,472,60342.00650651801,9,1,0
43,107102.62874393146,429,48451.39441842251,36,0,0
70,166529.87701616166,378,22096.9863436857,5,1,1
80,191701.1115015933,356,66380.80453187253,5,0,1
24,61456.64157017219,699,34078.735743648605,27,0,1
78,65547.59704758132,662,65717.93333488458,37,0,0
18,189167.27373809757,634,38984.47071045217,13,1,0
80,91264.00713728304,433,70320.7794917709,12,0,1
75,149302.69841373368,313,67112.1476180754,12,1,1
43,130207.74117137771,582,51372.462836179075,9,0,1
40,71405.78236293013,720,70769.25908037226,15,0,0
43,137641.19995244447,426,46635.60194696951,38,0,1
62,138001.86217225518,517,12497.691665362167,34,1,0
23,126639.77337363372,788,19028.51908039811,14,1,0
23,37938.94847291232,559,25353.320282395674,22,1,0
61,199130.9280273268,517,7259.663894343962,36,0,0
25,92074.96301074894,788,71426.74084243634,7,0,0
41,134885.177371458,742,37371.63245633022,25,0,0
39,179437.10494027147,398,10258.806336372732,21,1,1
36,96191.92791557054,481,82175.85395183245,4,1,1
54,159306.51022499875,468,68681.77416189392,33,0,0
35,194928.39644229307,532,45770.19947564239,26,0,0
48,84608.25684554869,392,25495.10817418069,18,1,0
79,92948.5226418926,771,16022.843485491829,34,1,0
54,183003.69061938237,815,46379.04498375114,19,0,0
47,48735.71620673294,384,88639.32855804567,37,1,0
74,25147.07090469962,818,19651.137003925025,12,1,0
59,183600.02087284013,680,57297.26367015731,17,1,0
50,167886.48334116445,706,96206.91352700334,17,1,0
27,195064.94585923976,531,64074.54090169668,0,1,0
54,30482.800887922087,550,44556.508285430966,31,0,1
29,48111.919479377706,384,71920.92432095193,24,0,0
71,38956.26063616559,618,82633.21398285194,20,1,0
47,143014.90381286765,492,59461.11349079737,26,0,0
44,129081.81327448577,599,87311.40354030627,10,1,0
56,84680.33588970674,657,51944.58417819803,0,0,1
26,30336.226292404102,752,83172.8712184194,18,0,0
71,135139.15712837735,805,95249.90480016383,31,0,0
38,122621.68732071019,364,50623.10323532819,7,1,0
29,40322.57799091083,521,60895.169842947194,18,0,1
72,183603.74680526854,765,61337.28675203366,15,0,0
46,55810.9477409583,371,78362.05149623076,34,1,1
50,153831.64738589415,773,82473.61817756486,1,0,1
60,179313.6552577307,318,3695.702304400012,11,0,0
79,124305.49832486753,821,73602.59684494839,28,1,0
70,64432.80295368524,714,78597.70921839353,9,0,0
32,75664.73317252545,663,70342.51450636545,21,1,0
19,179434.5560693898,827,71655.87027298652,33,1,0
69,73686.28814776723,379,5098.883059242676,20,1,0
56,154314.28699711477,489,44761.8275329417,36,1,0
70,198229.73820597297,447,81999.78532245233,4,0,1
61,199967.009485282,742,93466.70698821526,5,1,0
71,116026.35468847965,564,23717.32413662154,31,0,0
35,168780.0434214976,808,58340.29909492671,2,1,0
20,198244.97622581592,600,80628.69371550779,9,1,0
24,87441.1201715568,765,75488.35664305938,4,0,0
60,65433.72531265506,664,62270.12158102783,23,1,1
35,40562.00405159297,698,2850.427637938022,19,1,0
61,45361.934853162704,792,72664.69817104502,36,1,0
55,173640.1454517194,841,77551.00782460268,30,1,0
54,125970.15625527332,779,72562.10115593787,16,0,0
75,177267.65157064746,467,76815.10698750571,23,1,0
50,162101.91602579033,390,43660.57437520717,17,0,1
61,141274.0334086432,599,99381.4624466137,25,1,0
76,129676.19454323493,473,77307.90467139323,6,1,1
48,28701.00275205673,672,58289.32052271857,13,0,0
75,177009.5352805746,323,93484.93570491577,40,0,1
28,95211.57110234856,500,90911.63560634381,1,0,0
21,120761.63427285056,306,81642.13946809222,29,1,0
76,23951.63033786373,305,56805.796979392864,16,1,1
35,188493.23033530166,460,53183.00089552464,19,0,1
21,182493.28299656027,547,33542.08526547755,9,1,1
66,117790.045385259,465,25836.91993129089,23,1,1
51,123916.09397030434,727,51723.59218053357,11,0,1
46,146903.09823262796,444,58200.39440948541,26,0,1
41,67645.08135850701,810,25208.11671442571,14,0,0
39,59944.812088394465,842,92337.5231216944,8,1,0
19,141324.13038829388,808,56170.125676697535,17,0,1
61,38796.04030860347,519,53124.02721283251,6,0,1
80,101731.16085020854,375,44128.20044824788,27,1,0
23,108696.8763198362,618,6749.058275969193,35,0,0
59,88640.65584473024,337,88357.73211152508,2,1,0
42,53348.27162559224,813,32382.42841785995,15,0,0
72,83956.92757856385,545,64603.57311236115,35,0,0
74,80760.305640881,439,61135.9223380335,3,1,0
38,109867.82143677506,557,58864.195713068155,34,0,0
72,141442.55148413347,680,53045.50799914682,8,0,0
76,194282.3222347107,777,18962.54350970148,11,0,0
33,45949.38683137908,484,28779.968363748587,9,1,1
48,177143.07978939472,602,52894.61905575971,1,1,0
31,71152.04007024723,793,79144.90270809567,18,0,1
56,126447.09860025301,463,43766.908094391445,12,1,1
45,118412.65063709626,502,21188.33275156695,32,1,1
49,120250.71535308733,707,9706.498055737171,0,1,0
45,150204.55010938633,509,66638.08934590839,27,1,1
68,88703.89503481927,400,42910.65709149529,39,0,0
72,77437.99338263401,745,13411.718369641547,5,0,0
66,173510.22317338592,667,67772.22111871139,2,0,0
26,59617.10724936865,538,21550.294354582944,24,0,0
75,52444.28671600575,590,51392.588782064035,15,1,1
62,22809.338597946957,671,31312.609532609185,3,0,0
39,57904.000765253615,730,93237.31637896603,7,0,0
49,113335.65799700751,579,23600.518560845394,38,0,0
22,116931.59714254044,766,42571.93363266082,15,0,0
40,65795.68841519617,615,95989.86608597258,37,0,0
22,33009.350607415974,376,32553.792813893226,22,0,0
59,154035.34334213712,450,64814.72313808901,5,1,0
70,156435.56274121394,695,32355.977326926197,15,1,0
49,199610.55133248106,795,11956.82293260765,15,0,0
76,182005.32269624918,596,63127.17603574499,22,0,1
27,186691.17161317565,706,91687.1219932487,15,0,0
76,163676.68863390954,586,45803.902056175095,35,1,1
56,130790.51360884984,792,62991.47772655424,11,1,0
75,43138.272368811886,835,61280.942912405684,36,0,0
32,132016.393542058,755,42093.88056015972,8,0,0
24,30072.054874632795,791,61874.76723770832,17,1,0
46,179353.84002881462,308,26672.490357478247,8,0,1
76,106727.84037455554,431,38425.75255570216,20,0,1
64,145545.10975564405,376,44789.56677987514,0,1,0
20,29403.85946527352,430,86536.85967268558,22,1,1
36,116164.71612610857,711,35484.956588492234,4,1,0
27,74227.41161360525,389,63878.56776346681,18,0,1
45,71294.28783270423,797,22126.97990447097,34,1,0
46,90138.06464657285,653,26004.403176338747,32,1,0
32,20115.102954896283,570,65194.45867053779,17,0,1
52,103998.95870963123,691,76468.68280929376,39,1,0
23,107582.0030494289,731,46749.60047610186,13,1,0
29,175363.56485103155,771,34174.86998099888,19,1,0
64,100734.60941884684,607,91116.88403729498,12,0,0
55,85440.13289618111,807,14444.97368985523,15,0,0
30,199054.4692452434,354,72350.70952728536,40,1,0
46,122818.39842844933,336,69326.90422496319,30,0,1
36,105070.3775541451,354,69334.27111005162,38,0,1
20,109268.4502187083,823,93606.62399792891,34,0,0
25,165652.6335515849,762,73090.83979709842,19,1,0
25,81321.74641462896,777,30854.953751548826,0,0,1
72,90048.8832834702,510,35987.51319899862,39,0,1
75,156057.20468074377,525,39719.986346789534,12,0,1
37,33137.0731304785,306,4050.0587357125,6,1,0
64,175730.44846578655,839,91437.52122541744,21,0,0
21,97436.48536423458,511,8281.707782615584,6,0,1
68,124632.73559101671,488,70279.63392764969,19,0,1
38,156345.7086667703,374,73285.93947948786,36,0,1
20,67889.34603908207,413,84527.79001242343,35,1,0
62,180256.5574977172,450,55782.86330395673,3,0,0
25,196260.49500618994,735,72801.17796179715,5,1,0
40,108969.38505310242,383,30969.569522129153,2,0,1
33,188648.7257058812,511,74812.8170803662,2,1,1
30,20203.152054856895,760,34998.1579889267,2,0,1
20,180962.8093343951,476,90381.00936424291,35,1,0
65,75988.157555235,611,17174.798968871895,8,1,0
26,76069.17645096834,458,32259.9737567214,15,1,0
77,61055.99565858909,485,50378.17570395793,15,0,0
31,77062.50220716234,770,77809.20515766168,11,1,0
30,58427.22506575432,608,75131.11140520016,37,0,0
70,183056.4391357949,545,21860.970558125846,19,1,1
74,181824.27089840596,683,15279.333964567839,30,0,0
24,38398.03668571205,341,31092.99082511573,29,0,0
32,45714.51719596864,584,48891.66101591435,20,1,0
24,175163.35502191997,599,54361.49943774931,2,0,1
55,91808.79875709428,735,43484.621504572635,20,0,0
51,50468.90192107009,668,66645.92154815269,27,1,0
58,111920.4924385821,785,43328.33541612653,27,0,0
39,95000.2489856171,735,94686.57198394067,4,0,1
41,59449.07967283374,727,26835.91595017206,6,0,0
66,149735.3992899742,480,63109.83994633938,4,1,0
54,133632.07621989155,639,61526.415927353046,8,0,0
61,37939.0904399793,790,28875.89746634612,20,1,0
18,186569.60857856166,794,41757.074826888704,19,1,0
27,120524.59383141244,462,37181.88832455711,37,1,1
60,65036.80767143753,755,18077.406942028443,39,1,1
33,57132.52671302543,391,48252.22605052285,36,0,0
63,44470.63664699628,404,39279.5630491623,16,0,0
25,96434.73315026313,738,18653.418646648777,27,0,1
73,44397.382356350616,797,45538.12449635839,30,0,0
66,94846.95426714071,627,42762.55285761518,32,0,0
42,46778.67708214118,840,14005.202088286513,31,1,0
67,138225.35387430008,808,13987.566649883074,31,1,0
29,161343.56390354448,550,65103.23060472404,22,1,1
42,118914.09455409656,490,70951.49966699329,20,0,0
34,142410.2374738815,346,94176.86157098158,24,1,1
77,188908.17267513098,550,9613.464355648883,32,0,0
43,134906.8753227094,363,12668.287745447096,2,0,1
63,85548.47567309887,619,6129.99471832319,5,0,0
65,100906.42856148479,823,53690.614644936075,27,1,0
31,174894.54069296666,591,62651.91481522742,1,1,0
58,43529.65741101735,328,40948.82174128361,31,1,1
53,78632.6640410779,736,79992.31987515214,25,1,0
74,123910.41241468715,346,68983.24416437621,4,1,1
40,141750.1224935182,716,98598.20167373914,10,0,0
60,157429.83357770694,750,14651.603346668186,9,1,0
23,77277.2232792957,373,6773.250769907634,14,1,0
64,46254.644121647056,352,28205.566851369396,17,1,0
22,191871.05774178077,532,2885.9693363675606,13,0,1
60,33750.599083767105,499,93328.53135878475,27,1,1
42,37244.96404163938,848,31091.214210129365,29,1,0
35,109089.6575423544,396,55690.58653017443,12,0,0
79,167468.78506584768,348,32488.89365499545,19,1,0
30,159410.7391439588,821,25335.053576893522,1,0,0
60,188785.86791493653,339,16084.10767351312,24,0,1
31,45488.46361033791,452,32716.226112584423,11,1,0
45,87630.90627123849,405,61926.474110389485,24,1,1
35,70785.58316990781,510,97190.49876906525,3,1,0
76,174956.62223984094,501,56251.11199634779,11,0,0
77,107903.83165061606,732,53738.19754380151,6,1,0
80,24832.628194819943,446,4491.03879240954,37,0,0
74,147433.59323091139,798,84169.80255110159,39,0,0
45,89965.65760878846,581,5439.2961247597505,31,1,0
68,115606.41740678222,609,90716.99513624444,5,1,0
73,180881.73686179964,350,54328.500810315076,26,0,1
44,66212.7994339061,794,17678.19391816951,34,1,0
49,63247.64161019188,708,45719.03180863941,20,0,0
64,67374.65075241608,572,99503.46358763664,19,1,0
26,80859.43842674649,757,31203.20235236521,18,1,0
57,39323.715436297935,419,27676.51708630929,32,1,1
49,145499.53894554608,345,12682.583609208086,3,1,0
37,57331.76920924458,542,60117.09253029304,18,0,1
45,186706.23450870544,610,9833.47290238233,27,0,0
50,58823.536503776726,630,76834.79831660364,21,0,0
21,66015.56527557952,310,92003.12791872525,23,0,1
63,73463.64118594694,723,93255.24001033444,29,0,0
74,158336.85746205488,347,11683.70903486634,28,0,0
51,96969.16773956537,676,56267.99713794391,9,1,0
65,167480.23232551134,307,10613.875635314495,31,1,1
20,161273.66822404193,825,57629.59800694543,8,0,0
43,187308.27609814398,669,81683.07793574853,24,0,0
25,156188.74791872984,739,54241.226068025186,15,0,0
23,29344.01054043131,783,87333.32878456144,14,0,0
33,170710.6292658305,572,80365.76113008839,17,0,0
41,188853.067406974,430,28378.28664405291,22,0,0
65,198864.0546589404,820,63380.12600536172,2,1,0
56,42548.166943843724,413,1733.8005211370116,6,1,0
47,130389.18847877622,831,40208.149676561574,38,0,0
62,55902.55985914869,798,24558.056610645224,10,0,1
30,67251.73536426782,638,93774.51824840513,23,1,0
22,154205.18088011444,320,41133.512160592836,34,1,1
42,195980.18918583085,332,65752.37841382559,24,1,0
37,127073.99026334412,432,73466.17931808712,27,1,0
71,173105.20456800453,325,77548.04132946924,11,1,0
35,21599.084689189025,663,73841.74400973535,22,0,0
64,26593.695172931468,391,29627.34103778574,16,1,1
35,127410.3807186554,844,68920.70197619298,40,1,0
19,90016.95828807904,537,55351.93874396605,36,1,1
27,180156.4066951677,317,60139.89381495436,17,1,1
72,74356.74435543208,573,1080.6471135667323,8,1,1
62,97769.18495072854,588,26567.5024943328,34,1,1
67,115023.65560968228,326,93137.6859748499,35,1,0
64,69146.98991952455,733,29717.532247266852,17,1,0
80,183529.076141593,407,44363.53670271461,19,1,1
29,103616.04523845749,623,19480.724237378363,20,1,0
64,96348.00964142305,830,14721.652638465286,19,1,0
30,172955.54880817985,403,21658.227895231805,5,0,0
67,76156.11229662172,631,55811.08555783032,8,1,0
64,167143.76201197298,661,91983.8364876207,28,1,0
74,42009.1134898429,588,33293.718809722835,28,0,0
72,52901.936005681935,743,33017.38726858913,12,1,0
28,191151.49991091224,336,56849.918101799965,35,1,0
36,171640.54834538745,647,36317.52905162039,26,1,1
52,89821.80226215313,342,91131.18875041482,5,0,0
56,134922.16076906532,425,38406.956221583925,38,0,0
70,189734.63409757204,308,49553.78299942724,31,0,1
43,58134.60251553517,825,53805.53911307068,27,1,0
63,30621.884640140117,430,78424.71171791665,0,0,1
31,116744.25161095495,624,56826.68800207348,30,1,0
71,45667.438159446785,483,24676.354914585085,29,0,1
62,53717.43668804753,581,13274.733456010363,17,1,1
61,180477.0541516843,352,93839.68012220743,28,0,1
41,21332.62255608044,832,80354.73646927164,37,0,1
58,167027.60476349635,676,3273.5558186026583,22,1,0
18,113051.13974040937,594,82331.36944803121,21,1,0
68,120672.98977615406,507,59469.1815965721,1,1,1
60,140918.23288214524,776,52370.529268459395,4,1,1
72,97660.09861544186,368,2210.6887233323323,14,1,0
39,40810.13987463465,736,78305.54158205709,31,0,0
40,38507.640284868285,600,20608.43640988376,5,1,1
73,155785.19585310965,326,73070.14010621383,13,1,0
71,59786.32578811128,405,2570.9564892159096,23,1,1
36,25058.303051175957,310,79839.01131695243,20,0,1
35,196330.5000378094,515,3280.9073671490155,13,1,0
29,196470.4734849248,620,24353.397503179385,11,0,0
72,88065.44072188037,759,27559.54303875863,3,1,0
45,24594.292020280376,825,16593.35517258571,20,1,0
45,150907.63854669494,459,48624.76142334154,16,1,0
77,169582.17088742045,763,29085.10800205418,28,0,0
76,42502.46422084575,821,99335.50959699841,15,1,0
50,44382.55068366253,572,58416.910543178456,17,1,0
36,168000.31994542232,540,57081.30468036981,37,0,0
45,185943.32996874227,466,22866.093380539067,40,1,0
76,162335.87060134692,626,41460.25443277622,10,0,0
69,56134.09085051532,828,13273.82144164,31,1,1
78,94073.81949815976,572,76490.39597278825,27,1,1
79,128151.63665586454,675,33784.76536919422,15,0,0
66,48852.82528774916,674,75444.61750592782,33,1,0
54,57908.4486738515,633,37797.903993018066,29,1,0
43,70919.4929723399,302,98886.96677136971,37,1,0
52,111712.38865235056,542,17941.04060320756,21,0,0
51,111944.87969195856,350,1150.8654944497982,4,1,0
80,166573.01348255947,649,59887.72859646018,8,1,0
52,155541.8361237726,473,95342.36680869598,12,0,0
57,184472.42151978955,415,65058.351435691955,38,1,0
33,169922.31010842737,660,9486.628752069915,22,1,0
55,65697.95869501785,654,54507.55786415632,26,1,1
30,79633.41847471998,375,91039.20667763501,31,0,0
79,110076.18385385608,380,1644.1007201212606,30,1,0
40,22568.804221456026,528,17524.30907094208,32,1,0
77,182702.36113106986,371,81641.59405415902,25,0,0
71,27981.95826122106,702,89496.8035511708,17,0,0
39,78039.42874699453,517,71008.90146595881,11,0,0
33,122451.4624153532,751,99164.45620034226,2,1,0
45,113211.44994923584,666,9931.377029070363,4,0,0
65,137802.78070865746,611,55021.97506781947,13,1,0
52,114953.63155295762,597,68814.47754211104,11,1,0
77,61220.25662654619,323,70561.8273165397,3,0,0
62,56194.073802896935,409,79554.97691907409,15,1,0
63,183304.47243358975,351,91844.97846483893,10,0,0
25,67514.01261240666,589,36802.50311609435,35,0,1
61,70575.90209831242,743,5253.375887955948,37,0,0
72,94331.52129806203,766,36881.74953361487,1,0,0
72,45098.89888699531,558,67489.86157533625,12,1,0
39,111309.11199618327,623,22132.152646030707,7,1,0
38,139705.71710638364,637,81187.32220431232,20,1,0
43,161480.08857392604,721,22756.68131456025,25,0,0
57,148061.76353556124,558,1996.2768356371603,37,0,0
38,46574.47353444746,364,51299.99664813435,34,1,0
42,102092.0860947663,462,72919.69556895838,14,0,0
58,26945.516145472116,463,35615.878713146565,39,1,1
18,23203.63940977087,338,75140.68415414188,29,0,0
23,99223.4752892841,619,44402.029077979816,1,0,0
40,65532.889002373224,659,17999.747113366808,15,1,0
68,143004.9430772053,568,9965.280986096537,12,1,1
40,150363.34162641427,623,71348.1293258274,0,1,0
60,181172.670420486,625,39185.7639726849,27,0,0
60,156922.85243702697,556,91364.60302445326,0,1,0
40,28683.942164577507,499,54485.25079882102,39,1,0
49,86892.14186439819,737,35494.809403849555,33,0,0
47,69144.20331538198,403,35550.10177198259,12,0,1
30,89503.84096888902,671,14012.348580812266,1,0,0
60,48813.61861436628,463,59785.12620532651,3,0,0
35,37586.738664306824,412,58634.54640562189,24,0,1
40,113777.21765151211,848,80199.37550171286,33,1,0
32,149668.635955951,405,20918.499284240534,12,0,0
50,146343.9623477497,663,29788.174605106913,35,1,0
38,101169.9779917209,320,10626.558940462588,31,0,0
74,114010.2175320103,428,30238.878024621765,20,0,0
56,112939.17005155544,782,43382.10945968567,25,0,0
40,144482.6679982501,498,96438.81218944439,14,0,0
44,28626.531672084333,820,65653.53428461641,28,1,0
62,147781.29959682032,719,78504.51904814036,25,1,0
61,124796.16213631174,525,33225.47863682853,20,1,0
35,55659.56864088336,508,15306.76846800155,11,0,0
41,28830.59367432761,544,26415.27424941965,11,1,0
68,39535.00230041992,587,26390.301408932788,4,1,1
64,114444.44145546854,365,58728.41750104929,25,1,0
57,156513.5354164309,452,34805.64211304784,31,1,1
68,80238.31168241022,790,85882.4875689946,1,1,0
59,88242.3039269399,734,98865.9074044133,7,0,0
24,188146.35470830023,517,34986.542121081395,26,0,1
67,58342.35512586368,728,70800.96709501406,36,0,0
65,38674.896423563296,801,66091.17161011651,7,0,0
37,81813.82048400323,520,20251.786285495866,23,1,0
44,154265.98150860926,734,91882.85088724276,12,1,0
23,132693.91239010374,579,20744.81613165172,28,1,0
44,94843.17908652246,391,73958.75603530018,12,1,0
26,193655.4559097295,823,35413.354585156936,22,0,0
70,152299.3588930232,438,37341.07513388816,14,1,0
62,31135.05638899288,322,46089.45623600707,23,1,1
74,154033.6598937287,716,86586.28982745882,22,1,0
48,24326.940063054502,647,14884.94220961,9,1,0
38,137058.19816113298,536,6402.388205640637,37,0,1
43,57886.91053267857,482,40802.04107246436,4,1,0
57,145359.59762676037,807,6502.924815066721,4,0,0
65,75760.3219966033,497,69072.48742268661,30,0,0
62,177141.13543200167,422,76272.18242769412,39,1,1
30,80644.49058646288,845,85616.52708057263,0,0,0
66,131545.25397277344,680,74640.3823028761,1,0,0
40,71466.96073771789,814,91718.78797557524,28,1,0
37,185099.87812559208,305,75081.81114959899,6,1,0
54,160579.27658507103,603,93671.48834796176,28,0,0
71,63794.51774202856,491,20117.968626726954,8,1,1
70,190783.40826055873,675,50486.45015390529,35,1,0
45,84288.36612372109,824,99399.12937078596,6,0,0
34,137335.69058009377,335,68476.24007172884,27,0,1
45,153713.58160059134,369,87985.47068093647,9,0,1
58,24122.389063684215,588,4008.985589452668,15,1,1
19,192614.12230830433,404,87304.0319582753,9,0,1
42,81999.43509572568,612,70073.61022263767,38,1,0
75,54160.20081762036,354,17904.787964783354,25,0,0
67,173127.40251112965,406,3542.4146859360612,33,0,1
58,146521.8709082146,606,26732.731234439638,33,0,0
23,35613.789072203464,335,91661.56254028426,39,0,0
28,41068.024647818514,432,67145.16093132836,13,1,0
74,148734.53671765683,324,92027.4413240491,17,0,0
78,33460.98607263512,336,45168.92746693169,0,1,1
55,185091.5783223317,318,93726.08242828886,16,1,1
23,153477.22465057397,334,46833.02172905556,21,1,1
62,80388.597074058,662,21221.217717415115,36,0,0
28,85328.98026056089,717,15987.952954260285,15,1,0
31,111169.29731673826,729,99387.36949046938,6,1,0
19,84974.49445673723,817,34052.40348598252,14,0,0
57,161024.33925889683,766,16845.24950644118,20,0,0
20,195452.64993829082,498,1832.4346581844638,1,0,0
72,125213.87277887475,845,29271.387086432616,24,0,0
70,100286.7189801552,510,89022.49821665137,8,1,0
52,60099.34524827909,800,53866.922747052864,19,0,0
50,137618.01546460402,540,63611.07010097054,9,0,1
41,143403.83512677148,469,92316.71928516276,20,0,1
36,143334.30926258548,593,51771.151892595895,3,0,0
35,24857.306456328617,614,83989.70473940884,29,0,0
66,181841.97811888476,426,33059.494529559015,33,1,1
69,80859.18141725179,767,97733.08442128077,29,1,0
78,153949.83724668963,666,8802.573477732787,13,0,0
41,156765.24327805758,320,72758.1230258132,21,0,1
62,137099.8961862031,615,66396.06238926915,0,1,1
52,91075.97416597258,389,19975.479079230878,7,0,0
79,129509.1590269746,703,39495.55588580706,10,1,0
18,27235.76442641778,817,31970.082560923634,0,1,0
53,157141.24259382312,750,10354.793964917042,4,1,1
42,37925.95669910101,449,58894.01427213328,9,1,0
62,91415.1666439283,745,99373.31471095138,38,0,0
66,38651.381779693984,379,56399.225964285535,12,0,1
77,170673.400247437,316,54980.73078105684,20,0,1
79,119054.43081847265,437,4991.057028100283,35,0,0
60,144371.92163046903,807,14782.802113005353,32,0,0
51,142864.79057167034,373,51808.68982112384,27,1,0
42,171489.1216985308,373,98532.67785422306,8,1,1
33,43862.49260212424,349,87784.16581072404,10,0,0
51,138751.06527287915,309,34680.70301594358,39,1,0
46,123524.12979265834,402,54757.421168584624,28,1,1
36,25561.482062836767,687,55717.52000315953,6,1,1
40,56256.12358810446,684,68850.70066345614,26,1,0
36,68162.87744807974,598,69090.42208267472,21,0,0
42,33060.14757724991,638,79189.4563502114,30,0,0
33,83849.56506178426,688,3472.1314591285563,29,1,0
71,24896.451568785626,773,94424.33887310713,27,1,0
68,119573.02860639132,441,7936.142552935413,19,0,0
26,58070.17290436171,469,48139.85103621706,14,0,0
18,71660.55899165575,312,92038.34835954523,14,0,1
59,183884.89271083113,748,49279.2140938769,11,0,0
36,110507.03284223458,473,7300.046589078566,16,1,1
50,68422.50762399485,431,23694.76196138198,22,1,1
51,127723.11648465192,839,58288.00878147385,5,1,1
33,56300.85827614921,568,9698.300171997938,15,0,0
61,33391.22343755328,550,42944.11517071235,26,1,1
57,23763.14379204836,669,33580.233352949086,22,0,0
72,191275.22816772613,825,81705.55515459972,0,1,0
35,150429.94834576093,805,11903.061895209472,6,1,0
51,163990.66669262882,477,68597.04656571984,38,0,1
42,196565.19107218974,846,41252.318016715006,39,0,0
78,187693.1666144191,558,59187.31736676053,39,1,0
62,152644.37575475287,559,21347.64542013393,38,1,1
23,144917.67256747748,434,61360.66479140092,17,1,1
38,80632.9994483678,760,67723.79501419516,35,0,0
75,38723.10532311838,788,7952.924901446705,21,0,0
23,123270.05870616368,380,82610.08249071076,1,0,1
49,123725.5931159466,666,86264.15717593589,25,0,0
58,191402.71137483392,358,7291.851512596676,31,1,0
65,99662.74519910768,373,60715.561321631285,22,0,0
60,144345.3723750923,538,59807.13820025047,39,1,1
56,123494.71293140991,428,2233.3827749758884,17,0,1
48,51816.84123818887,711,34892.294981639185,18,1,0
59,126571.57539588501,614,96923.65248866101,23,0,0
27,117221.00768530762,673,55989.62447460555,3,1,0
47,108903.078903684,736,93387.968471409,1,0,1
74,112416.12805672546,437,67888.81895186102,29,1,0
69,49517.83495259669,754,3810.6613041043665,37,0,0
35,103425.99162152021,308,8693.606606790814,30,1,1
77,129017.58892788742,531,72495.71658137487,39,0,0
41,108100.85576339709,696,55902.21124653292,15,0,1
69,107963.51512270652,617,13588.014795387695,32,1,0
78,33953.18776273744,806,61792.205157008015,2,1,0
26,54339.34736300954,821,81218.44869625142,17,0,0
48,77775.08469959012,386,75545.26058312859,9,0,1
32,95482.45890666319,617,25370.08354317463,1,0,1
21,126908.73989454877,632,26561.301698948348,29,0,1
80,175402.11881415092,659,96815.94270510925,29,0,1
57,48649.65285595771,540,88853.0754131189,24,0,0
26,22715.845437925087,355,32515.394128656328,23,0,0
62,100862.68353966484,409,82581.39447723184,34,1,0
26,97778.52153409306,348,17012.114443521998,9,1,1
43,119342.21932913103,315,20487.269031329877,29,1,0
21,169979.9188468701,372,18938.40933068919,25,1,1
34,164424.89917684603,501,9684.356726338001,34,0,0
33,38007.79119740202,392,85613.13349997418,23,0,1
32,188119.16600180126,332,58301.88292225295,19,0,0
52,39874.59104140005,718,26636.65315689992,38,0,0
74,134222.6915361625,502,85016.84824003182,39,0,1
69,141033.13284720364,850,80462.0291798892,34,0,0
22,142377.94770015587,611,10994.200294647804,38,1,0
72,67763.21090157036,768,64769.79799976222,9,0,0
22,79462.11651769855,693,72461.52655105128,26,0,0
37,118761.83752689144,510,71866.90636161042,14,0,1
32,55925.74924401771,455,72591.12807753982,14,0,1
35,23655.88421000322,621,17776.320779254696,36,0,0
64,121186.00181154361,734,32193.558972608167,34,0,0
19,103750.1429621613,339,84573.67234194178,2,0,0
46,138211.61712022318,339,89940.7832725274,28,1,0
30,46406.10365005879,752,28639.699769922157,3,1,0
21,171366.48102617325,489,3278.9321015974915,15,1,0
59,46319.86792289491,314,86116.92776944471,4,1,0
62,180441.84887840424,423,38332.091944683176,20,0,1
27,100913.81106722655,579,33616.8920400337,39,1,1
78,118964.94668708506,347,35352.96828917394,20,1,1
48,181384.64047351797,488,42153.94597279651,1,0,0
58,73984.34872587206,603,38448.395543837185,13,1,0
25,52728.859323407276,404,57076.659014222474,4,0,0
20,100235.29174750166,668,8815.08757132083,6,1,0
65,63986.10113498721,800,97182.479236543,10,1,0
80,115011.90407725707,759,93708.65241274396,34,1,0
63,69546.41559997696,546,93506.25801493443,29,0,0
26,175608.11640718224,563,88048.48478410943,0,0,1
47,129318.42660639067,505,66372.30391599124,15,1,0
70,20043.32055372241,806,22889.747712094806,0,1,0
28,164985.27224236846,829,5898.865227490857,21,0,1
52,79438.22061070627,663,10832.785413394895,12,0,0
54,77637.43714789228,639,33075.25754609495,26,1,0
78,88951.30618420412,706,50884.41952408276,14,1,0
59,133447.25505513453,752,99332.0540472946,16,1,0
30,99570.92787096013,449,44108.90568766532,8,1,1
53,133154.39838254644,492,52939.9629586463,4,0,0
73,46420.529894442625,446,69820.56747161997,22,1,1
30,194629.60361433544,705,18892.66307433183,10,0,0
29,151329.1316750955,482,93349.87315466332,23,0,0
54,65037.27929210894,405,53374.425978430685,7,0,0
27,150350.58345345967,535,28349.378214575092,33,0,1
77,123504.58212709508,478,93575.7896475452,30,0,0
73,39654.01935263263,731,62919.61123733606,21,0,1
26,52075.35682186269,700,48885.28339367183,13,0,0
69,27435.465545863666,824,58435.43508611664,4,0,0
24,165662.8529014426,839,75081.91967161743,16,0,1
19,119306.8554671423,622,16299.26236560238,17,1,0
71,77014.75675703815,560,86618.2126396193,18,0,0
73,42742.08236507601,698,95991.17421952308,6,1,1
77,107128.25767286825,636,57132.96552325738,25,0,0
40,114547.04240922898,599,68544.81383296222,24,0,1
56,146350.73017649096,418,86123.51460377783,17,1,0
57,194588.69788047645,712,38106.25251023355,14,0,0
56,98290.19547332745,683,99290.34769335744,28,0,0
38,93086.15718698647,779,68369.63556138286,0,1,0
40,86587.40082622204,604,42975.87113744023,3,1,0
46,168846.303614035,495,68056.45952516109,8,0,0
31,48137.09985186282,632,52646.323218830206,35,0,0
43,81886.3226543161,319,12052.515582298152,31,1,1
68,150494.74487757037,732,79790.66517216252,23,0,0
22,22825.088361640366,725,56873.18244504028,36,0,0
72,72088.53024902503,528,79788.71022951498,17,0,0
48,135460.48929584777,823,16336.282096379115,14,1,0
42,53471.37764014485,516,54297.358523276795,19,0,1
48,74487.90244236882,674,76895.80294907837,39,1,0
67,107488.11340698125,335,98842.15219148903,1,0,0
37,95964.24187454369,327,88555.33036214061,24,0,1
61,39084.8941919682,671,86570.61307900329,12,0,0
72,188882.35800601385,385,25498.5536764934,26,1,1
34,27972.689704776698,487,83960.4755691957,12,1,1
62,154953.69615610724,604,17758.846476753344,27,1,0
19,32856.09879640835,721,20612.65879029492,14,0,1
42,104113.24454451428,379,11901.557630603731,28,0,0
30,51574.03249797398,485,85902.05654066493,20,1,0
75,45397.60335720655,304,11717.19514868055,30,1,1
56,42661.63577751051,796,14673.036494755994,22,1,0
45,101501.59460516162,808,25342.827858156197,36,0,0
59,112787.28368971261,301,57693.57850294346,2,0,0
72,44009.20883771118,516,88137.83834473991,34,1,1
23,196291.2314479231,836,42404.58737030124,13,0,0
20,66397.85963520016,556,55082.308969986734,1,0,0
75,102591.44112850097,752,17482.450595768045,12,1,0
52,58928.520368343445,723,27328.63973388137,1,0,1
35,108906.0761809182,623,14258.650486091718,11,1,0
28,156082.98484373276,798,41581.96564184188,26,1,0
71,113798.36257300914,496,59443.230209141046,33,1,1
37,71416.79672924994,803,29117.93347331196,39,1,0
22,64711.389572108856,571,84753.58970190446,4,1,1
36,156608.19312086963,317,98142.5967496568,24,0,1
39,41282.871630727386,406,12895.33037914352,10,1,0
76,86593.96899305651,828,2768.1455455170903,12,1,0
77,47266.88899769937,424,79187.91383208359,27,0,1
36,66435.64927300674,782,19873.625102531143,20,0,0
79,47482.98184729139,303,35961.512673425044,25,1,0
64,179619.0515376368,650,40028.89060930522,26,1,0
79,151742.75582234573,650,91743.3395011935,25,1,0
33,120966.90428796705,527,66224.98336085003,14,1,1
41,60396.54004919596,315,5020.339539986183,5,0,0
58,111840.82889585508,724,2466.2138307013056,3,1,0
21,113749.97716056302,763,20757.241655497735,3,1,0
32,126272.67061770312,545,32499.022146398427,29,1,1
42,30815.32830009166,476,48967.8595745733,12,1,1
61,195122.35481540713,842,83946.10181857669,8,0,1
72,103779.01470805817,808,32166.957847441186,13,0,0
52,186775.7193378386,532,38277.18470789387,27,1,0
72,21765.460648515746,337,33604.4550709561,39,1,1
31,64560.5112143556,790,1887.5682672576559,2,1,1
66,38719.20265640041,743,95564.95237269386,40,0,1
36,158530.9119238589,319,14760.592529510905,28,1,0
55,77622.50892704801,410,29479.080342121455,32,0,0
53,171288.65151483446,786,13801.026907547739,14,0,0
24,169829.36582885426,388,49563.77245951554,38,1,0
47,140203.0627051826,618,93284.4453793074,14,0,0
36,139840.72463791588,417,10969.37104492314,6,0,0
66,146028.7445731643,733,44648.79543526111,11,1,0
42,141277.4902333594,538,3215.109731386266,38,1,1
33,89643.50438318284,371,77318.92391722866,6,0,0
64,142908.97602233826,698,64481.38821188807,40,0,0
71,181533.25445462455,703,70270.16770700787,5,0,0
57,79863.22853779225,550,47761.29972867754,25,1,0
68,190080.02471869165,494,90855.66992608417,8,0,1
25,22444.685821778552,521,41546.18763638834,23,1,0
35,82834.85688774269,481,51894.422403920624,29,0,0
45,43777.712311173236,555,69833.63300479231,15,1,0
33,42791.56922810426,387,52535.50346845054,26,0,1
69,166777.3089220823,791,19744.229143716468,32,0,0
36,185306.29665502213,635,32389.99118644629,22,1,1
59,159996.48576193742,837,10137.15234574172,18,1,0
34,195790.82941866078,706,43828.73622451248,35,0,0
80,58939.214629928734,588,61329.81721554647,18,0,0
62,45343.984197744285,661,12734.464482644924,21,0,0
30,113726.68076713044,740,63428.125025542766,32,0,1
24,169226.77065367124,329,89394.34183545882,9,1,1
44,27171.036350850747,847,34434.64956556644,31,0,1
27,199201.81897997877,522,22981.276525663165,14,1,0
51,128404.2672569581,423,89407.6003203484,38,1,1
53,196209.52619264793,514,69502.57835385732,7,1,0
42,85714.69398207986,417,11434.09193759883,24,1,0
23,102444.28769604607,526,41403.083254111516,17,1,0
41,155425.05963153057,743,67734.87037570032,14,1,0
35,162686.08110103736,848,57864.00362257002,25,0,0
40,61945.94960304325,736,62236.164815637436,40,0,0
23,187364.19553539008,311,57146.38222341868,20,1,0
46,176136.16193025114,421,80008.07516518413,21,0,1
79,23276.95455857574,846,32722.268722900884,33,1,0
42,43142.259053932954,788,71137.77244203693,36,1,0
72,109297.47915327213,550,99116.86480693414,36,1,1
34,102971.99254037288,781,39605.92692033685,13,0,0
63,147510.35390627035,849,79313.78314092451,3,0,0
41,36148.047689546125,579,25364.814476480933,23,0,1
28,136073.95520548278,636,28907.774516120884,1,1,0
43,130946.58760422483,467,93551.52354417076,0,0,1
80,62051.527726047985,627,3567.89726862019,1,1,0
68,117630.91356831191,545,22525.307141222096,12,1,0
79,59997.297259276755,600,48809.14908338831,26,0,0
51,46446.144878109146,499,40782.914548714456,16,1,1
45,123164.28823773269,799,63287.8033922681,16,1,0
20,195945.37009410266,312,20079.48298567781,4,1,0
28,62648.002850914105,665,7984.1534324846025,23,1,1
55,83960.50688392734,396,37564.006382670945,7,1,1
78,66183.18067820842,370,52911.16897227391,8,0,0
31,67962.76789636904,656,56638.181871406225,17,1,0
68,92754.58415360251,843,60547.85883070421,15,1,0
43,146333.99191711162,549,55317.53758039394,31,0,1
65,26984.814325570125,553,25329.445126147573,39,0,0
38,192282.35522340084,481,76690.42386093117,38,1,1
71,28330.37830806455,465,9690.245912200458,40,0,1
73,178625.57275002074,303,20637.034075666113,31,1,1
56,180988.05777715982,762,74198.4228928923,1,0,0
47,114408.0537664742,444,28692.88727641992,37,0,1
76,44659.42915141414,464,49853.87071933111,3,0,1
25,121726.2747002499,643,33392.57634470033,4,1,0
68,133153.78878251294,404,51191.13994998432,36,0,0
37,174396.61240528003,847,35318.92419478914,36,0,0
65,119161.16763852254,613,99426.59100069899,25,0,0
49,93927.69126260089,468,36390.28134645652,8,1,1
39,170892.4148937405,819,63077.8923223669,14,0,0
76,196571.32352347142,735,88945.97854743687,23,0,0
24,136118.576928428,811,64155.56444211029,23,0,0
26,177389.66671450573,708,57019.86825585125,34,0,0
62,127772.32030923155,735,57353.71602086462,40,0,0
18,144161.83845385502,614,50149.610381415165,24,0,0
46,143870.08115880538,841,80950.45973904105,25,0,0
80,146861.65763124777,362,5991.983757776814,22,1,0
25,77782.41990715405,331,88627.86088500344,5,1,0
73,123619.05132890822,510,59042.929804318635,40,0,1
71,126944.40511528317,762,85038.44890431908,26,1,0
21,76712.89280838176,379,2028.8775518766458,18,0,0
52,82973.42618665946,642,87058.36399220015,30,0,1
76,157204.41770300866,531,12893.61439815342,37,0,1
20,124890.29131110484,428,72400.58263284752,31,1,1
71,46858.00663337034,318,42235.61789589653,1,1,0
62,170774.657962917,656,68426.16671869451,17,1,0
57,178960.57167337756,718,63190.784030059054,27,0,0
24,103905.40663240655,380,17176.258159656943,6,1,1
44,57603.33776412685,417,51946.76268030763,22,1,0
18,190569.16917288295,793,28445.816846259535,35,0,0
44,178808.52161352374,791,56483.24744195323,23,0,0
33,63988.71434153093,524,74062.32502223155,27,0,0
55,37206.872534485534,718,9044.583043601953,24,0,0
24,99317.64935883922,436,52060.479929571506,38,0,0
61,141751.45756887313,525,62145.352255463586,3,0,0
40,51569.94533958993,633,30241.37790612417,18,0,0
58,112378.27851771464,528,95347.3447968047,3,0,0
76,96574.788969053,622,52509.97972517612,12,1,1
28,180299.2067785038,407,19069.191894747342,0,1,1
59,97321.99390528315,744,11671.03791812912,33,0,0
70,116079.75087230677,306,54624.29536737119,6,1,1
50,191951.51528032802,427,38148.59973156597,24,0,0
67,73944.51785742163,652,20062.16267907008,22,1,0
80,72018.36774954945,566,4039.1501917916835,29,1,0
53,163927.1143895677,513,57093.40792375012,6,1,1
54,69957.01750591435,546,60261.42344653253,16,0,1
58,169735.8566131769,673,15038.45751696538,32,0,0
76,37196.40968509609,720,60572.06692726013,1,0,0
80,40027.02451570431,340,95245.30271605225,37,0,1
34,182238.20734929893,647,97851.2653889842,12,0,0
52,117346.21084683835,442,88960.8007191435,31,0,1
65,149386.568004963,440,80900.77950273831,21,1,0
22,60552.000535257976,406,21727.415834619795,8,1,0
65,49929.38630877949,332,16487.083067097083,16,0,1
49,170291.76720187522,499,45049.81262625009,17,0,0
20,84552.21326418479,418,62343.54338053669,39,1,1
69,101905.871441959,528,85217.18971682942,39,1,1
64,25034.941509564618,484,23964.341072543353,26,1,1
79,89458.53215473396,514,48485.142151512926,10,0,0
52,158678.80546249612,429,65096.58395372774,27,0,0
69,167829.53191151048,571,45113.7915989075,7,1,0
31,145775.86199885752,307,45965.17403084914,17,1,0
80,144592.35203787358,702,23286.598941799628,12,1,0
65,111123.06798748842,668,98679.42958619652,32,1,0
78,116899.27926676815,836,48044.13505733689,14,1,0
78,153673.71442636583,352,53741.4525951437,21,1,1
48,64514.323788990114,546,22637.369837396076,37,1,0
48,61673.07228429008,636,51899.53511485004,29,0,0
34,190986.46830452984,580,26279.606294896366,5,0,1
77,24984.179616579568,332,21031.28888696318,33,1,0
41,45103.78345973267,847,28296.50284335051,18,1,0
69,122659.83671622464,642,1273.2052020228177,32,1,0
40,152810.27096570274,538,57444.96008816671,13,1,0
35,116820.39493730212,791,39360.52054676148,40,1,0
67,83911.51930967915,476,89970.2129001991,18,0,1
71,196035.70148353415,343,5030.0101876395975,39,1,0
31,146693.48332391225,603,5276.829784719261,14,1,0
67,169650.35139207423,568,88701.47821394577,9,1,1
32,27244.43735387673,699,13537.819578229783,1,1,1
32,62465.61988520906,730,1213.8503082761786,1,0,1
23,87350.79684648442,720,18712.47250758836,20,0,0
44,52868.25165481005,430,82563.74133466282,11,0,0
32,33121.8690876465,709,80468.69419325012,9,0,1
67,60516.49962704244,524,34673.08887350165,11,0,0
53,116054.41362266766,442,67135.06080872535,38,0,0
72,145234.14470420696,839,51217.721026246945,1,0,0
25,159323.76613371458,424,90568.7639947447,0,1,1
32,27728.507876189073,511,6585.924066324809,1,0,0
20,97037.51099826641,727,81504.73374492655,22,0,0
79,41998.08504536612,736,17889.268273318547,27,0,0
64,97616.06956004094,537,39770.46884574417,16,0,1
30,98115.65284165311,627,20003.75799204182,39,0,0
58,109678.10360820386,418,70558.82654981976,20,0,0
51,180709.5127273831,345,68154.29179557251,33,1,0
41,164917.1904723361,383,55241.862568203665,8,1,0
57,134609.75212455052,651,70118.14064356187,16,1,0
49,179373.31812803555,312,64316.91327986271,31,1,1
78,142124.3509708322,471,77867.76351274253,4,1,0
49,167393.89293735352,533,24701.258477764324,13,0,1
47,121480.09417714279,480,43462.348879131336,24,1,1
69,114539.28529356212,350,16011.026406068642,21,0,0
66,150337.50369902927,694,43529.76285779921,4,1,0
30,23544.076155635194,728,70467.48339061378,37,1,0
18,144267.96289365622,573,69447.7249176508,8,1,1
51,188213.27931278563,506,71233.26342619934,30,1,0
79,148509.57436881575,447,31567.985335791294,40,1,0
32,26622.87037349933,599,66559.18340530146,20,1,0
61,88019.41533909031,752,37379.165639304876,35,0,0
31,165724.6344088315,848,94504.71256439993,0,1,0
74,192549.5390079956,682,34993.27022215354,21,1,0
46,86629.40401454791,833,60698.805170394415,22,1,0
51,171414.93005784345,532,75264.42570502542,22,1,0
35,175485.77755427232,428,90734.33547360777,14,0,0
71,42191.551878689,536,44354.93174193718,0,0,1
24,172241.92400936372,784,36688.025712618524,5,1,0
46,78364.9812149507,540,43572.78935634231,39,1,0
72,126782.78988177511,522,33045.938803428304,34,0,0
48,117013.18148415578,398,65738.5245166641,16,1,1
78,139349.6954725017,572,93338.95963684982,22,1,0
42,153283.63717005146,698,13481.029642447309,19,1,1
55,99358.59757134442,816,56531.284412245535,27,0,0
31,179895.94798684382,729,89867.22381067277,36,0,0
25,165709.71588108104,822,10911.339920945737,17,0,0
44,161375.79667661476,647,49892.6756658618,6,0,0
71,102484.43154817252,850,86657.72999018416,19,1,1
19,26763.11945202983,750,90144.76895949616,23,0,0
34,108606.15314821,341,51920.86395413873,15,1,0
54,181720.19614595294,393,3470.236562304028,12,0,1
31,54281.028009353395,785,11458.278664354346,27,0,1
42,196866.6449619058,816,59084.95777888214,6,1,0
73,165384.31160237084,449,13262.00204016815,14,1,0
47,147769.36261077167,798,15792.359914215807,22,0,0
46,141888.79242601775,670,77439.59268042928,22,0,1
37,125664.65874807727,784,75318.51379897454,30,1,0
38,149720.65818484378,682,84434.50318312172,4,0,0
78,95943.00011947769,491,11467.77851410446,26,0,0
70,172151.85944362334,520,20616.343228584952,9,0,1
39,145342.27209715056,346,83463.18155600641,6,0,0
52,158825.56022831882,426,72387.67326108142,31,1,1
54,162647.73598987632,306,80789.65665497597,22,1,0
33,36572.60822760245,415,98984.8218158843,8,0,1
67,30015.339083792827,665,86578.72900941451,28,0,0
75,164177.45632725244,345,52525.86183412627,26,1,0
66,66689.12378688432,692,31766.050294928486,37,1,0
60,124754.56535212656,322,57397.98207089541,20,0,0
34,99867.95393941752,430,64220.06847321079,5,1,0
33,23967.056660174163,426,34195.901984702476,25,0,1
75,27250.626469928866,744,77322.76671098317,19,0,0
72,168882.54361018323,608,10182.625473130787,14,1,0
19,129381.9610679703,732,78159.89221748928,37,1,0
21,114291.75417263208,772,4167.8533495128995,19,0,0
38,189983.37502491503,347,50298.64001142753,14,0,0
56,51160.704667192076,381,86282.20988484337,28,0,1
51,66434.75113858373,408,9563.032128118359,5,0,0
47,156213.0340824129,562,52256.1547129228,15,1,0
23,159542.3410324273,330,16779.752457170318,0,1,1
34,92881.4953590496,657,89586.75925603259,5,1,0
56,191176.11823587678,779,83402.2071763294,15,1,0
42,188885.8239887307,488,93457.80708605528,32,0,0
22,22233.748710828717,304,87623.25181147926,6,0,0
22,51019.022421330505,585,73918.77767673308,9,1,1
37,167639.49950309683,693,19304.03036326178,7,0,0
33,80339.0032686815,754,30947.758951221167,20,0,0
68,37183.28216596911,725,50188.66067249273,25,1,0
58,161299.85139624504,326,59300.78136995764,36,0,0
54,101825.0310035377,426,78436.15613600778,17,0,0
57,108633.94160876694,434,23469.003190519034,3,0,0
26,53546.48998691083,834,13699.462020549363,19,1,0
22,138961.109709007,630,48778.406888769976,39,0,0
59,119223.43726207118,691,16626.299676419138,18,1,0
74,57201.12880203364,307,69679.94343062765,32,1,1
19,81259.67151905721,560,57987.458119080016,22,0,0
26,127438.27172051097,498,74369.6719048696,8,1,0
60,186477.00597801383,685,7280.219405855733,37,1,0
53,185667.7430578685,771,96505.05848397619,17,0,0
39,71823.06279154694,478,1000.5481308980613,1,1,0
39,152411.77599677927,749,33218.79908633995,16,0,0
39,159593.4344942857,539,68283.84454325774,15,1,1
51,165588.15799690306,823,5469.06531234977,23,1,0
72,122737.2112552664,482,9251.608554403088,30,0,1
46,21891.439657925803,657,8591.46228559381,0,1,0
55,157101.73138032475,675,58569.46294537695,27,0,0
76,39187.54096928301,837,89696.60618881528,32,0,0
63,41036.84951967233,381,55988.26079351394,36,1,0
50,129012.46447630749,657,60753.56387568749,38,0,1
35,197033.69378455429,484,35254.16346959095,3,0,0
24,63657.10518784397,587,2855.3747068976954,0,1,0
18,136245.95840921736,361,3139.857057370421,32,1,1
80,74657.65623276817,806,88942.68668161023,9,0,0
50,181770.70044989535,761,11154.671433245025,2,0,0
18,126833.04058049552,329,99979.14780944693,36,0,0
41,57345.91897816476,330,17277.838539616532,20,0,0
21,67183.58908017709,592,67788.80995156376,8,0,0
21,97846.53147526177,472,94946.59174590967,39,0,1
78,41967.84116536629,427,36866.638486560594,23,1,1
35,34172.006287426695,385,73708.88568605094,7,0,0
44,142411.0512346321,614,35734.80770079118,23,0,0
60,93289.71117604166,327,31189.16461938309,23,1,0
76,150720.64253664986,421,20978.604174968452,9,0,1
49,39810.47607877187,550,82272.55578298759,34,1,0
50,129775.79862219722,702,26481.31929730564,3,1,0
45,99795.22280655328,742,29032.658127679904,8,0,0
59,30439.757802265143,571,99898.00447767897,10,0,1
58,118064.35608967584,412,33403.733109086665,12,0,0
72,34904.76944861824,693,42854.67439437284,26,1,0
53,168989.55460238145,318,99015.49031970865,29,1,0
77,133752.3437702052,764,37560.734196325204,38,1,0
23,120254.15607688071,490,37249.04871635083,11,0,0
79,44024.420804538626,792,82943.73215517217,18,1,0
33,71742.28043073494,462,31881.106480281516,39,1,1
51,108717.66148435388,594,24144.824260598307,3,0,0
40,133991.03245514387,372,42897.815262356904,33,1,0
67,52981.529373588004,608,70363.43925704308,22,1,0
59,21595.930064052212,601,5281.0594729472705,25,1,1
41,82056.8337084732,607,38017.68669463811,6,1,0
73,106916.86182012384,423,35278.245292638196,17,0,0
66,53198.03100742455,560,25237.01637894122,3,1,0
30,108589.79105393705,494,65774.44625453015,7,1,1
73,80927.45454246836,650,29709.017960954057,21,0,0
35,101916.1398991534,788,61066.4243417923,25,1,0
71,82542.39510414691,499,50929.34730400807,12,0,1
30,133124.21296162403,807,22501.79721176396,16,0,0
66,27721.461978842905,745,27390.03964717598,35,1,0
54,50762.95218996924,379,17889.405277349826,40,1,0
60,97895.15643997992,768,6606.292270244827,14,1,0
56,84133.40879933421,741,62299.65784738625,17,0,0
78,90493.75207168706,571,67606.08069751911,26,1,1
59,164676.92507848635,642,17433.999367258322,5,1,0
34,179539.69848452584,423,61923.84608392126,33,0,1
32,64760.38102956261,522,98226.38926570023,40,1,1
35,170550.390851535,789,8365.80739884439,4,0,1
40,102582.1757522644,596,49546.71637738751,11,0,0
71,69287.71147151975,418,73570.78315074152,28,0,0
68,197382.0927808421,375,5554.910585142963,36,1,0
47,168464.32245815013,557,78049.07590576395,11,0,1
75,198965.5974355765,831,97971.6124721957,24,1,0
51,50274.341197085836,650,9760.298489742565,33,1,0
75,45891.68131061456,576,82400.7606411266,10,1,1
21,110608.03152996306,554,38479.57290669733,22,0,0
20,134955.8768062197,563,15267.504040967167,23,0,0
24,50790.8166560033,328,49826.12771043843,17,0,0
73,174877.52025593768,766,8080.3548423403545,9,0,0
35,115762.4261594054,334,52688.03940855124,4,1,0
59,93969.52997971655,593,2916.3220124009113,30,0,1
24,128369.66112686813,502,73132.5327256003,24,0,0
57,134291.66833501204,367,49308.99889534727,16,0,0
23,27700.990577082943,430,46435.026432582876,27,0,0
39,199980.68000690886,410,20422.95788046628,0,1,1
75,85505.5238248056,823,36765.05242368181,1,1,0
18,31077.676443781314,587,19005.073809744965,39,0,1
21,173418.17145959273,342,73803.61995303819,1,1,1
63,198743.3622582162,593,20703.5046438697,26,0,1
66,166944.53165889625,584,62058.579378119786,7,0,1
69,173338.84817477223,318,28681.14260570746,26,0,1
67,132668.32055950118,806,66041.23739640939,36,0,0
60,186018.60407976792,846,54505.04093321289,16,1,1
46,26432.93931094416,347,42920.42453361928,3,0,0
38,158010.29533175618,518,67627.08250763667,37,0,0
43,140727.8411001336,487,42156.485089214686,30,1,0
31,28925.2946943204,330,82315.68965492825,4,0,1
26,117915.24421576629,558,73230.24736529133,24,0,0
76,112710.86223641652,643,54523.26045679503,27,1,0
64,144476.1605138558,607,87829.0075760137,18,1,0
29,33955.654089651056,370,83057.3203253375,36,1,1
59,164950.18135911415,606,53652.10006742943,22,1,0
68,45092.619562070846,398,7776.321676378953,35,0,1
73,95359.63042313707,320,57033.63886772516,12,0,1
68,178631.84135029447,305,36170.441966468265,16,0,1
23,120895.68898918935,530,54471.18133756968,29,0,1
37,88326.36447585217,381,65065.91558926174,22,1,0
41,28676.403568250622,516,64839.01891021333,2,1,0
44,141009.2330963099,634,67678.88030828214,12,0,0
55,197578.4177552211,758,68247.59387945647,31,1,0
25,184123.35177650893,386,11818.860452636913,34,1,0
18,149113.29396321703,814,19979.52071527207,1,0,1
71,38952.71448607011,812,63423.559449692744,2,0,1
66,63099.216812070954,777,41409.06648437263,28,1,0
66,53632.823501591665,797,76522.31288527058,9,1,0
41,83983.09524601616,748,13366.018944020383,19,1,0
64,62393.10100247639,559,19960.776447633394,33,0,1
24,63999.10027490478,836,56287.999601210824,14,0,0
36,131011.38836757302,499,50574.05390752197,39,1,0
39,77366.47807304902,762,27373.318243692305,0,1,0
80,141889.31776504515,393,41425.98110701069,25,0,0
74,190620.1386463125,651,4463.146527608655,31,1,0
72,134926.024990383,407,4666.772691443039,1,1,0
77,155298.20189786682,654,10397.773279662293,31,1,0
52,155284.47475091083,768,58102.45286685549,40,1,0
79,79526.50191187598,394,86507.9250467022,28,0,0
47,22692.43902681839,390,26762.105636697932,19,0,1
46,29908.6333389586,343,4360.043142618604,22,1,1
39,70770.84515922051,755,71154.08310317894,11,0,0
28,144117.77305836766,683,85679.87166150159,9,0,0
37,183202.96495669265,322,14679.105741047071,18,1,1
79,192583.6871943343,322,39189.021898099614,9,0,1
46,24652.75949121322,533,16714.947218430272,18,1,1
68,198215.7042138988,610,11529.385630327155,25,1,0
58,78049.49930420487,716,65168.685308963075,23,0,0
59,171732.12108232075,632,96786.111141635,8,1,0
51,52453.182925420464,402,68138.39693645547,28,0,0
18,31321.686369234652,799,98496.65161795421,28,1,1
48,88103.97633128376,782,44005.13233095885,36,1,0
47,174606.56993552475,488,89889.10909390866,27,1,1
65,59748.48485800689,759,21303.338241964157,2,0,0
35,47712.31863533159,488,12672.532334068517,22,1,0
72,183764.7792110343,650,70549.48504033119,3,0,0
75,188900.6964718626,413,37769.42475540094,13,1,1
34,22258.675854003606,403,32451.07267196306,37,1,1
55,150938.4327347867,807,67456.77722176815,12,1,0
31,75657.39257527879,644,34014.92013517932,27,1,0
40,87446.78659409413,320,57683.259052603615,38,1,0
42,104438.53549126818,686,30646.05551986913,19,0,0
32,96822.3746314135,508,78592.00123291388,27,1,0
63,112695.28129677894,782,31926.445709036223,31,1,0
73,124825.10883320293,772,53964.4203051258,13,0,0
39,103807.19087082637,692,3294.432286004162,12,1,0
20,146281.43728811317,815,79381.34755248089,10,0,0
73,149348.29931158555,487,62413.439707375626,37,0,1
72,99264.65553671512,645,20031.46963229667,38,0,0
36,45643.36665567954,651,22321.964233011488,14,0,1
74,135315.0058376221,840,26986.79893197738,8,0,0
61,159132.2082231276,346,58076.48035496062,2,0,0
51,134859.71381671095,376,55283.31697620927,4,0,1
52,125849.85785242681,642,28112.508244547047,27,0,0
67,61294.158422229135,490,69712.16690572337,14,0,0
78,136124.6673474665,842,89015.07542743938,2,0,0
18,80274.11862371815,335,5308.032287700308,34,0,0
69,185520.5953063913,723,42302.467144445465,6,0,0
38,137669.61669679655,650,59758.49173593618,29,1,0
46,70072.3418074945,487,59057.085150162944,23,1,1
23,105126.84368550743,826,2933.9993519615655,30,1,0
54,172384.629659308,633,21846.040519011898,13,0,0
18,80383.51121287655,782,7121.241409900032,15,0,0
68,114579.3026274286,515,57327.542182443474,3,1,0
18,142340.59518527405,457,64893.59887927725,2,0,1
44,155815.2809888135,540,16814.47417892428,34,0,1
38,51300.59151165407,595,33968.10081486519,8,1,0
70,121727.41484191203,761,33650.57059422608,3,0,1
33,184195.98208931624,344,82160.43082738855,18,1,1
61,194304.7606717449,794,20271.2810483842,23,1,0
76,138106.1076606845,474,55283.09801124019,10,0,1
78,197058.94474879742,645,78510.61573758755,14,0,0
71,122732.34481570535,355,83128.24109680773,35,0,0
57,99668.905360568,640,66990.04333418857,30,1,0
43,119285.74261068426,407,30653.247473926407,7,0,1
33,40828.23096743398,513,82481.61090805677,1,0,1
45,92308.8655433698,798,74474.43668291254,2,0,0
18,102512.90954549516,696,70742.44424909765,2,1,0
53,172753.00376977606,849,7666.2044896157095,20,0,0
27,156556.7466936405,796,5283.223184503405,11,0,0
60,128256.78534046414,472,69841.16447245637,13,1,1
34,82509.90227772859,404,94534.68532215913,22,0,0
74,53666.225424678276,778,77598.66887823892,12,0,0
76,82597.70376463301,698,83316.08108287517,15,1,0
40,142364.73277264374,733,54953.24580412925,16,0,0
24,67346.80383530597,493,31154.02826471932,17,0,1
61,96839.60522764987,765,68095.95277992154,12,0,0
70,89618.64227870277,640,71485.11667377656,25,1,0
24,157806.21148239085,358,67860.43919770668,39,1,1
61,179081.671206826,837,94724.19661521273,38,1,0
32,145886.77222597584,777,37350.72429319109,30,1,0
51,81488.40696794615,402,4926.096356622566,39,0,1
63,97971.8688156597,832,90935.99092298353,16,1,0
62,45803.027729669855,621,16889.41276655405,31,0,0
21,50257.54059798978,848,70034.51559935581,0,0,0
31,49572.6621547727,313,87447.23953749576,34,0,0
31,43505.544361035834,755,31703.998403448877,35,0,1
33,52324.621131643435,520,83211.10884463773,18,1,0
24,56483.876464104374,690,33873.75450087297,27,0,0
49,40132.26988357393,472,79631.53489538873,1,1,1
36,135246.92993916088,380,7913.1564343988475,28,1,0
19,198272.27622479593,635,65869.05686842185,28,1,0
27,178253.6140374061,524,68036.66997730081,18,0,0
67,28208.490288695517,334,49651.157178014684,27,1,1
78,96150.58565541045,487,69021.99552240837,33,0,0
34,174675.904261899,523,92395.18338483026,30,0,0
54,44241.46723855936,793,73651.62767185457,36,1,0
29,172576.12639736768,610,96168.30686948133,18,0,0
23,126686.11481082188,820,45412.619071355104,31,1,0
39,187633.73946730013,839,53300.78243869176,28,0,0
49,177687.04056759653,668,27110.131026532974,8,0,0
58,141866.17797056914,774,98574.56511228597,6,0,0
37,138408.07877708517,330,6458.536780965966,11,0,1
18,58369.55643054347,531,36503.42134406422,30,1,0
71,41015.534088441535,796,30472.019312092674,17,1,1
64,94770.8173943837,474,39264.659599677485,27,1,0
70,53584.407108762454,597,91854.0681914667,20,0,1
75,38435.00918199661,664,37435.74953278297,8,0,0
23,74418.81198912083,385,91780.68861730005,33,0,0
36,174888.18970339673,388,42910.54730465706,33,1,0
35,23086.66772330502,353,85622.10815280062,23,1,1
23,72674.78270999162,660,52653.25975156621,15,1,0
62,96329.39333860861,775,31823.931499403177,27,1,0
50,111902.55493075158,528,45485.630097820846,34,1,0
40,52683.951508938066,833,43013.72681884214,5,0,0
40,193559.6359708456,672,26731.49214646954,37,1,0
43,124197.1478429941,768,29674.23426919877,40,0,0
30,113979.89847026793,719,19458.93820979439,10,1,0
24,21588.06600746141,831,34264.055163553225,3,0,0
32,107428.76829128127,699,62816.174521667934,13,0,0
61,170780.71330193314,483,39269.25870225349,12,1,0
44,59536.01774922368,389,71519.99788170293,14,0,1
43,83217.36230955433,682,98710.83879910737,7,0,0
50,23702.8636437852,668,38333.00686896402,23,0,1
32,195846.95256208314,373,46801.28219487208,10,0,0
53,31997.323483047345,568,17246.90553786166,34,0,0
62,181679.8023037225,314,39829.31329215229,24,0,0
72,76337.78855248184,628,72956.41262827726,22,0,0
44,125760.15235745814,691,22523.07517450382,6,0,0
74,142276.7971938806,733,19023.350816867693,4,0,0
22,45349.25013760061,643,38261.11249126998,31,1,1
78,99876.68800046039,494,82046.29908605541,27,1,1
19,78583.89804439562,335,62742.06178143686,2,0,0
72,30188.44380898376,504,95800.35838107404,29,1,0
75,169974.85779077254,356,90549.50305783493,4,0,0
50,28130.19616954599,409,15962.58248550099,32,1,0
33,137586.432707096,795,5212.7246861142485,19,1,0
40,76533.92775557245,524,40510.37868528066,29,1,0
55,54583.278896335985,685,52685.86840304532,21,1,0
72,140075.48924039816,363,52041.49090665273,21,1,0
33,123416.78861471705,651,14276.619509334476,37,0,0
31,76746.12632746938,762,13356.925783306428,28,0,0
46,112332.93468666305,619,5639.214822141164,20,0,0
43,64322.678217117704,656,85235.13267948464,17,0,0
52,175465.3626204846,392,94826.6696687497,10,0,0
32,76487.38045888909,599,12452.817001579195,9,0,0
20,64127.545319275654,793,22099.114486362047,34,1,0
40,155330.0679907372,688,9896.425588756123,25,0,0
46,23166.64783890468,733,87872.71494294266,3,0,0
51,68242.11177549355,401,95912.16462008786,9,1,1
50,87571.13971721116,677,26917.861095368116,38,1,1
58,178802.83312244873,637,31054.799163602118,15,1,0
58,191079.52445870196,791,36904.29875688102,40,1,0
40,148966.03404451098,359,50743.9121786924,29,0,0
24,108655.72058173876,808,68563.63688584775,2,0,0
20,135311.87883038394,691,50934.66774220779,33,1,0
75,94520.18930263995,418,95149.15658594787,24,0,1
49,73788.64973276021,770,10889.452393628368,37,0,0
48,191123.85226513311,627,80061.94571523124,35,0,0
35,40770.24122178629,320,34113.82599053363,3,1,0
60,82350.84224901962,396,38377.22112056821,9,1,0
24,181836.01279290675,812,71174.11492731232,12,1,0
58,150165.45750573504,649,93008.33387756352,5,0,0
18,25238.261238135787,431,71903.8770768041,6,1,1
78,24157.94121636448,845,77810.19696256027,27,1,0
31,112972.24327242344,331,75327.1449737211,36,1,0
69,107165.5501214039,558,32776.881992388764,14,0,0
49,99738.47695813728,775,75936.11288504253,29,1,0
23,74421.87713102161,332,78667.55526176037,39,1,0
56,197594.96956645502,687,53806.631744400765,9,0,0
27,68957.71813700866,755,54138.867628014814,11,0,0
24,108207.23715930115,443,76212.3595031859,16,0,0
43,92880.75742815193,523,81886.05536021634,29,0,1
51,50644.89667311357,516,34382.34876103637,0,0,1
47,56471.38744255014,455,80354.65953995378,35,1,0
53,185294.49356175913,819,81606.6916608657,39,1,0
38,174490.35011407192,335,24178.438450939357,23,1,0
79,55827.97504766343,308,71978.12378635489,37,0,0
77,177619.27230371244,339,19466.85826177968,20,0,0
34,57653.503414551655,768,10211.862185824793,31,0,1
50,132778.33791458549,478,57879.758192972535,17,0,0
27,34630.49419772488,800,90956.5676795565,12,0,0
68,178466.53272664128,672,4510.443329050561,36,1,0
80,29270.053903784057,367,82823.66212189724,20,1,0
64,119889.7200652046,723,51140.64985964716,17,1,0
59,160348.0745324693,814,86228.64942340176,39,0,0
68,41030.25255392262,663,84504.21658193364,25,1,0
29,92806.44815003393,750,87653.39367681257,4,0,0
73,27551.027268209018,815,77118.52152586066,4,0,0
33,142895.46392119266,628,84456.2431001525,30,1,0
58,75340.92709304334,669,18426.49551291916,27,0,0
49,120691.1440349246,686,31081.461738619222,12,1,1
32,187891.8086756651,846,25006.130909922344,10,0,0
79,75054.45943907162,413,74500.40206907799,0,0,1
44,28752.944894349985,337,16210.668817346457,23,1,1
45,141612.99818576605,844,19040.55124740107,12,0,0
34,161631.40421255014,676,88017.5073514723,17,1,0
63,192416.3407779637,698,70882.33709837098,23,1,0
76,48404.15786461985,502,87662.6178139896,28,1,1
67,90585.18652090697,501,14796.17056780836,27,1,1
75,171945.28280458547,399,40499.06005156893,37,1,0
19,165236.8507883983,697,29031.965837555446,21,1,0
80,132463.22732009523,749,1958.4274426853008,19,1,0
53,68486.3381364849,417,29167.773083431977,10,1,1
67,71126.35231713997,720,38578.74194581006,19,1,0
24,42320.53903234566,542,10129.744087028475,40,0,1
30,185933.66128146375,840,57082.268224855165,12,0,0
32,51127.672635100156,526,38934.09358479068,23,0,0
42,123119.58821238315,800,5599.704565476999,23,1,0
40,125183.25505678033,512,70693.9076219297,16,0,1
77,86528.9794151484,412,73198.70355026925,4,0,1
39,83453.32298098193,672,83612.67285397406,29,0,0
80,140345.91534049035,598,49068.51938683128,13,1,1
43,89893.60003073703,318,96897.22093611647,14,0,1
50,65920.77080084012,310,91492.35030871318,8,1,0
28,91843.70643200557,307,55583.81088491303,13,0,1
27,165379.17397979827,452,45050.2411758723,9,1,0
42,193966.1219236134,849,1300.4083623893625,21,1,0
54,134471.04148169205,434,71388.45864218414,30,0,1
65,160778.22058713916,672,56930.49590091941,12,1,0
60,115908.47503626984,760,93816.87040312198,16,1,1
70,132468.1655768188,534,59828.98039888317,0,0,1
55,197855.59821258078,554,99292.75329538026,13,0,0
58,98915.39564634407,627,85528.10791446576,38,1,0
62,31925.845451755988,661,95406.19564568036,34,1,0
41,192261.24520748385,673,33438.61435721886,0,0,0
57,162751.10976263857,508,15784.263481959379,26,1,0
63,91695.86621544283,566,79890.33926571741,21,0,0
73,196831.10965209838,805,78833.51319394412,33,1,0
50,82196.43506275272,720,21933.445001150758,8,1,0
34,86981.63528144517,607,76709.72075935637,35,0,0
41,129751.64357418574,436,58615.36244609921,31,0,0
54,69382.52950796421,718,11842.989345265625,37,1,0
74,145742.8673235319,494,50676.57615945066,19,1,0
19,47513.05471109107,394,93182.66208302916,26,0,0
49,39444.55748446763,789,51139.296999077655,2,1,0
74,116278.041361548,557,79081.19996579374,10,0,1
77,119988.8628309922,324,3862.088677553698,23,0,0
79,39197.91253334431,531,73080.05987339678,28,0,0
41,193551.7270036072,631,94736.90122761024,4,0,0
26,123191.59836927507,520,50453.25070440065,32,0,1
21,47186.2986494467,596,34433.281389533055,7,0,1
34,76059.65437981382,502,65018.399983802825,18,1,0
34,164042.15850796926,642,91709.86029422871,3,0,0
70,114181.67501579573,504,18500.19540280095,40,1,1
67,53866.70273838001,376,40965.726792248264,34,1,1
65,38512.814971124855,849,16472.737817202276,29,0,0
47,97539.39420274727,341,50168.768989769385,4,0,0
57,80734.64756355816,754,54501.77929002535,39,1,1
75,138065.12344675523,481,94476.15785744436,37,1,0
28,186544.45765120976,494,41839.00022299511,2,0,0
38,64591.45143934858,687,57128.70474043013,15,1,0
38,173942.10799091213,440,88640.99483136108,7,1,0
35,185683.1561201361,326,32819.095017439715,4,0,1
72,182360.46790458227,614,67742.2230277914,37,0,0
46,191373.91939017837,620,75959.02303338755,34,1,0
41,171579.55198326954,747,33722.29523401393,7,1,0
27,126827.48097140063,592,17269.777367533803,35,0,1
62,93772.29776784354,535,50788.044648325056,24,0,0
34,108503.80148607882,756,36323.37128319686,7,0,0
35,177070.19147796533,366,27379.78074742918,20,1,0
59,74251.70793509284,475,97368.70975871639,8,1,0
65,48667.10498139699,809,50713.148851451784,31,0,1
37,45347.459264083125,390,85791.29169049895,12,1,1
54,168859.02978290006,465,20336.423643792557,22,1,1
62,157067.4235394176,737,94004.83372501393,7,1,0
35,109576.16138834147,350,79648.71202233316,34,0,0
34,69476.85705658756,565,81060.52346272509,27,1,1
26,141970.37159767005,820,39586.722644396934,14,0,0
31,26917.957537844566,386,49078.06231469094,28,1,0
66,122281.00681999905,351,59742.07826396933,3,0,0
46,91716.53037310345,478,79186.78808430141,33,0,0
48,196014.73408615432,577,85056.61845398332,36,0,0
21,111360.84483989468,538,8726.48562584151,23,1,1
35,119408.19544104821,638,90502.17636578427,20,0,0
76,148225.27941970745,371,93812.16859792183,1,1,1
37,107216.9266026164,673,59695.85303132177,6,1,0
73,60422.35146981526,816,19488.31071223569,10,1,0
73,116710.01237872064,537,82023.06843764546,11,1,1
64,189968.39676032966,765,55310.173840410294,3,1,0
60,93783.97787032493,420,81902.44891792157,34,0,1
61,142335.37189994115,712,81666.00453234234,39,0,0
26,196046.1539994233,342,9586.202252893452,25,1,0
30,169386.0163370283,803,61095.12140869575,17,0,0
32,138626.14395499826,496,48831.28562760341,36,1,1
44,152479.3678994926,371,94665.82752995225,15,0,1
32,188566.98464307352,390,30367.487900614236,11,1,0
45,192755.3787920642,848,21394.010512901576,40,0,1
54,194414.26345795926,790,89811.59874589632,39,1,0
72,132615.49307645397,682,15722.841321110369,36,1,0
36,89248.09697574258,765,68965.42641372171,18,0,0
43,43967.56321213399,453,30701.961570339277,14,1,0
69,89398.64024127253,469,57216.729794250285,21,0,1
43,189731.98185241144,571,62005.72385128485,19,0,1
42,180163.47450663013,409,42319.55891383871,12,0,0
43,114258.73917131816,450,97521.53304347247,22,0,0
43,116661.31158690633,730,14051.483640412935,30,1,0
63,75605.66292709451,750,39748.50981463894,25,1,0
45,101811.42021268666,322,43609.137360557266,31,1,0
66,148600.72890909112,666,63473.64795062197,20,1,0
35,92437.53061660254,538,41318.71606125739,16,1,1
49,53837.09697368609,733,10606.56512584416,28,0,0
70,117354.724188514,426,94795.5698199018,28,0,1
20,60560.644061779036,840,42191.82908222988,21,1,0
19,195371.760082268,497,34924.69899449019,18,1,1
50,90261.18452215174,781,45225.49029322647,13,0,1
59,183739.6948896409,478,22442.97253076332,38,1,1
36,60599.719388652375,822,10921.946782196439,22,1,1
34,54057.62095503976,736,15709.269431777395,40,0,0
61,131042.20322715273,613,17498.827873352402,1,1,1
50,160288.23409459772,318,20569.670383373617,31,0,0
29,122017.62149342764,459,42576.06101039304,37,0,0
66,61363.22304894669,421,62766.0276353712,32,0,0
73,26820.98531911929,371,63259.89596464652,6,1,0
80,131291.98781438093,354,1009.659386630759,33,1,0
20,43586.70056579869,759,92174.80902294158,3,1,0
60,81771.74966581962,468,82461.87087269984,22,1,0
66,141641.25566082168,448,96429.86590416795,19,0,0
72,37644.21930492774,325,36638.648128289096,21,1,1
43,42905.26636111204,547,66815.1283922503,28,1,0
52,31099.917315332743,526,17634.054176353613,40,1,1
25,199294.24320322878,783,81886.26969481327,36,0,1
69,89673.81834828462,309,16975.40457248252,2,0,1
53,183043.1301922342,394,33272.58437996721,21,0,0
70,72845.41491637078,420,49592.65073875135,19,0,0
71,155576.46172528923,425,59858.63521642229,24,1,1
24,59431.9909362282,848,56403.669404386426,33,0,0
63,109698.44773668505,368,11107.505159289729,28,0,1
63,168430.83307324033,596,42745.92428352125,9,1,1
53,166940.19180111488,800,92368.01715637643,38,0,0
33,162970.5291252814,344,87364.48424743331,36,0,0
41,168272.1943469395,681,59487.56880220934,39,1,0
78,58065.010635058265,326,57660.13296990654,19,0,1
71,106798.92906086956,796,12055.843082283689,37,1,0
79,107276.86542748855,435,20825.685778720035,22,0,0
18,180290.44772262426,348,26011.33451780551,10,1,1
66,73440.5292918972,806,49331.37712385676,7,1,0
42,187669.26081002867,420,73404.24876147616,28,1,0
27,101143.23253509782,516,46611.81020482156,35,0,0
71,140561.66057193538,825,13480.043141902377,24,1,0
33,68398.96021028019,342,44495.53882412667,38,1,0
33,93853.65922963532,395,17100.69212113995,33,0,1
75,147764.16777244527,326,75363.58781759556,31,1,1
25,112294.48553318168,541,17483.585180053324,40,1,0
46,187527.4421039001,786,48770.864964901215,22,1,0
56,152682.49386154595,539,69647.94666344821,20,1,0
45,121592.52659190798,603,23591.60833057565,18,0,0
23,179600.55619739747,366,8526.980656095317,24,1,1
33,139800.14998197398,580,56766.64813140012,22,1,1
37,136517.68521567783,491,6366.063686934859,18,1,0
33,64346.83996657291,418,59189.095653848635,4,0,0
24,91074.25379507797,451,75596.35522103394,18,0,0
58,142994.65746872386,691,33602.28317555835,34,1,0
31,180522.5080669684,530,49346.59149898852,11,1,1
60,76798.54525608473,650,92947.4219842697,38,0,1
43,58787.411949737245,828,47639.77755337969,24,1,0
43,126865.27618685404,470,99658.8520779455,4,0,0
31,32095.477658488362,431,16543.238724409617,11,1,0
24,148617.50626100093,656,71184.45634584563,26,0,0
50,146564.93779174655,341,65609.24122152815,3,1,1
43,83893.88557750791,604,87358.17653910638,18,1,0
74,180681.9776020823,305,10151.877987063532,23,0,1
62,110392.60547704295,628,28740.452558679855,27,1,0
37,136237.69112472865,469,14085.74335027319,32,0,0
80,57724.12674890081,637,93376.41710492023,34,1,0
20,95121.26032880001,368,43236.89713988046,15,1,0
69,175235.15724855827,838,91096.51870797185,11,0,0
21,58329.1185738217,806,30146.292441523445,15,0,0
78,90303.38796664438,785,13510.442034803536,10,0,0
43,77253.77799706339,742,30357.190025615622,27,1,0
28,47199.83327566042,350,60120.26157347685,22,1,0
19,72149.2252629564,448,84678.0265866745,16,1,0
31,61899.01104353901,391,39153.67862927469,18,1,0
61,186246.85348303893,667,91566.05726609494,10,1,0
47,153394.18481770327,375,25178.973908114942,3,1,1
66,76898.28472090838,385,69660.52804307292,9,0,0
29,157401.02958368775,526,73835.62169774495,18,1,1
43,23985.191546096852,662,28122.329013730985,35,0,0
61,114774.44793880518,323,3670.0179517522165,38,1,1
50,65060.22147224116,327,37158.49686302479,40,0,0
30,40577.97292553255,420,5474.418583307472,21,0,1
31,179076.53510092795,789,90174.6237648156,1,1,0
41,55881.29616726306,644,95399.00103047173,32,0,0
79,168030.39673033083,330,73802.61167865405,39,1,0
51,94380.08194851883,526,72941.77394606954,26,0,1
61,22572.338607326063,549,24848.374271761328,18,0,1
43,151855.90927418455,349,8318.63207925038,3,0,0
38,127344.75647948623,688,80408.35895023074,18,0,0
45,81950.93897020747,587,56357.03122378339,24,0,0
65,70678.26810672741,774,68481.12554793032,5,0,1
53,33264.42542667825,305,78184.46574053678,12,0,1
57,189456.607070349,711,41533.992626274616,21,1,0
19,108917.27924457542,623,15310.112407853452,3,1,0
59,35394.41316369944,698,79708.64313692665,1,1,0
26,176362.3491940047,581,45922.798283612334,2,1,0
40,70189.971107207,490,82865.49885473732,29,0,0
32,56648.48883223787,799,44332.215529241264,3,0,0
30,70568.73890159937,733,22484.6244372733,28,1,0
40,121622.86254928003,362,17929.49664872445,32,1,0
34,33330.16720946657,752,74648.25389935762,12,0,1
79,106716.24364208175,792,57914.023156605675,38,1,0
65,181233.82012237626,741,41055.68714600396,31,0,0
77,53870.887252302295,606,49719.55886294187,27,1,0
19,79613.97898740388,425,55414.22192336745,36,0,0
37,91301.9537092975,564,24702.227740753806,27,1,0
37,125519.72807490414,306,38438.392390071225,26,1,0
76,185465.76437473606,712,29948.73504586377,24,1,0
63,91017.05748363658,505,39453.9608278171,29,0,1
20,32447.511321997452,478,50555.65913827258,5,1,1
72,82631.15505757864,767,18162.396366382225,29,1,0
29,54215.37426797206,795,39957.991202239915,8,0,0
57,137319.40618743858,742,39163.949887385425,5,0,0
19,25267.179650119793,527,29314.37786738401,28,1,1
53,72547.39479315322,445,99851.13615544276,22,0,1
31,118131.23130187158,595,8289.123390434846,5,0,0
33,69920.15708891978,540,64652.16278928784,21,0,1
36,119179.15100214575,586,18269.422047107128,1,1,0
51,40648.217993692975,325,84112.87493923305,30,0,1
61,189704.98783813204,751,91505.45706492079,5,1,0
78,72363.2253193796,405,40746.32027828693,4,0,0
63,186140.15109017902,539,82524.36649265025,19,1,0
23,78650.37911074617,717,25741.035485655982,11,0,1
30,160731.2344111378,631,14866.782225596895,37,0,0
53,64313.72434302553,341,32271.948373858486,37,1,0
39,140558.40243012822,334,34825.727375213675,7,1,0
35,78268.91848809809,646,40338.39693377232,32,1,0
29,111648.64325773859,683,37922.93525382406,38,1,0
69,141286.54623746252,812,41703.30083219989,39,1,0
76,125998.85093653291,587,71293.30321470786,30,1,1
71,123730.50679106497,332,25312.433153707785,2,1,1
47,31822.55041837111,394,2838.983980747047,18,1,0
70,64833.82979088653,504,49478.37458674589,7,0,0
68,122931.07217417749,329,45380.833176281536,29,1,0
57,23297.097298830507,565,6946.4339944996145,30,1,1
24,65115.96592087634,322,14246.338748639959,28,1,1
49,61253.34309761541,338,51482.16857380449,5,0,0
65,64974.099828950195,472,24240.32524193835,1,1,0
36,116409.70992199767,712,87882.23112000326,22,0,0
23,124752.86372345463,713,18155.95615949002,29,0,0
37,183619.63898710604,508,2992.1405530031097,37,0,1
44,89485.58882471945,321,45308.81316971497,38,0,0
70,186784.20508576266,304,98630.14795021729,8,0,0
60,137351.78209715063,513,63753.380104341166,6,0,0
54,184278.87126210003,438,36048.94240493052,14,0,0
65,170024.9783024087,616,2669.933135317974,14,0,0
24,143764.83981338376,455,49009.89553448045,20,1,1
76,84099.0619134127,723,21440.134211704593,13,0,0
22,63399.88058333933,799,65127.654459217956,10,0,1
28,60030.4583921658,390,58717.84087939883,10,1,1
32,191391.29074213063,341,27256.163763331308,19,1,1
20,192543.29176328445,594,7819.3906876484925,12,1,1
75,150469.6472343756,636,75746.90060599313,29,1,1
22,179083.27713376592,300,58960.945364701285,39,1,1
40,185419.30935423088,408,84370.49870135421,38,1,0
70,112080.11537347619,424,26720.20154803491,19,1,0
54,133230.744312531,363,65633.3444132608,37,1,1
26,95375.80962563862,505,12749.369552339811,7,1,1
32,95328.33757134737,714,29889.180883767527,36,0,0
20,26917.20535603063,543,65997.37207585959,32,1,0
46,98087.862887265,515,82732.54920933452,25,0,1
23,141228.166072373,827,32771.62467259134,38,1,0
34,95956.7898991828,679,80086.50209909362,7,1,0
43,177033.74183785217,378,68097.49356705497,17,0,1
38,79861.33143326327,714,35518.80237925238,38,0,0
25,43882.768380952904,752,87763.29683669949,13,1,0
38,166080.56433123068,448,51413.67753750768,17,0,0
74,141310.62529914657,337,65176.43543206214,20,0,0
28,63527.50681770473,456,50067.502848444536,22,0,1
55,116561.22608760194,632,45819.27608858603,3,1,0
25,92333.42094688264,587,84949.79400664679,9,0,1
59,188994.7597584184,411,30175.73708882395,10,0,0
41,129319.77636571322,390,4626.293014008743,19,0,1
78,48510.06701365848,348,88098.48171095115,18,1,1
52,110386.72147465733,460,82677.37135206712,0,1,0
72,175260.22985429314,815,37289.48698239166,30,0,0
31,140869.40060584308,701,19359.66273181591,1,0,0
72,171641.37369775813,619,67877.83066179862,40,0,0
31,65071.87649581525,663,8797.329459928285,4,1,0
27,179903.24786855755,741,42951.72079834204,33,0,0
29,156010.03972835097,774,9500.369832463084,3,0,0
55,151204.47597885417,611,60193.05785754752,26,0,0
61,82377.39255743439,831,3693.6299971533676,38,0,0
72,179778.45147689508,519,63294.59918779685,2,0,0
63,134836.28793077898,796,67647.35175565026,25,0,0
51,173331.10583530445,642,49227.30298788996,40,1,0
58,84974.86207752893,393,18325.725600463575,0,1,1
27,46217.37639158417,432,11037.999924093518,15,1,0
75,79820.69243965801,800,32015.94246556332,34,0,0
34,101947.58252753285,471,47055.46128040123,18,1,0
34,116013.32752618863,308,64578.6233676396,15,1,1
20,111945.65882807675,620,1123.7626243314626,32,0,0
79,118289.8266385816,397,71395.32800430096,30,0,0
48,171507.03774013056,468,71558.48128040237,21,0,1
68,50618.22431387058,610,45009.242842757485,19,0,0
18,76889.23313039675,642,34997.238129047226,5,1,0
29,179949.52827838124,729,84388.5479023655,34,0,0
56,120882.47682049945,799,78674.16072109157,38,1,0
21,125010.17666652298,584,98344.33276325467,2,0,0
59,106051.25803051141,559,37821.14972855625,31,0,0
30,118815.43429750504,794,90776.42788085275,12,1,0
51,55654.351500818215,654,9652.786703402277,13,1,0
59,118436.04189526309,513,41735.14055883437,40,1,1
38,199491.16302400103,499,47072.037756117235,7,1,0
39,121888.56312635317,535,44646.55730414236,18,1,1
74,27992.44380908546,435,62884.72065468125,13,0,0
21,163358.41598311876,721,17850.576044978723,10,0,0
35,91365.57717020977,640,86778.76500089894,34,1,0
22,47661.706730281134,641,55624.63783542429,35,0,0
36,175253.56512080444,829,90516.74525331317,2,0,0
19,55635.18599629417,687,1260.5327581269898,24,0,0
29,185738.130174536,303,63368.82324570665,12,0,1
34,99523.36827966898,698,41833.326838628454,15,1,0
27,153702.350254946,721,51004.80711319629,27,0,0
51,118459.25306093368,710,74636.64656724824,26,1,0
23,66192.82470474101,512,23488.023085332272,9,1,0
25,140796.23140926537,347,21285.044086224414,17,1,1
78,192424.25916022662,486,70597.77395597716,7,1,0
68,158534.65402245426,801,52615.21013547383,6,1,0
28,128723.23938353207,830,24130.270708107346,21,1,0
80,198313.0594878542,774,48917.84483227212,37,0,0
74,67758.80012168325,341,46496.282171938794,8,0,0
80,31221.46782370053,560,69452.99831411584,39,1,1
29,25783.555900867592,347,1263.449258308661,38,1,1
26,147923.8183205837,745,59089.266311376814,28,1,0
19,169441.8256521507,520,60962.13690071527,36,1,0
25,134318.0967472148,642,74805.50358160406,28,1,0
75,182904.78753977572,537,89033.81613750946,27,1,0
28,145635.6885211857,454,44578.78991405719,20,0,0
77,86771.8363536237,355,34909.50220657956,32,0,0
70,52626.49249337869,686,11129.717373617344,25,0,1
53,186436.54614064813,614,34346.748644430074,37,0,0
27,38647.48699954631,337,7779.981779996363,14,0,0
38,117737.91267435298,640,80479.20032880403,1,1,0
37,76521.4265492321,530,80893.60863673782,11,0,0
65,68854.70135354105,751,42306.528072183035,32,1,0
25,136250.27334504135,641,26704.482153772595,14,0,0
53,61622.64873038652,752,12683.987469774906,0,0,0
46,184945.71921363124,556,85272.4794361628,32,1,0
59,93087.90363784235,733,87872.03256015513,3,1,0
29,141927.56241134222,508,27362.67184439159,27,0,0
78,150996.02911914524,500,62554.294298308596,13,0,1
31,142929.50503255945,436,26606.712814248476,11,1,1
65,182612.04336074422,693,23287.5360872143,5,0,0
71,61603.55544907966,335,3099.5970125101135,19,1,1
67,35489.81804349821,514,58138.78234102019,20,0,0
38,29983.825507708883,326,15844.212775370162,15,1,1
39,178011.94708550448,317,2224.747103826263,11,1,0
38,195191.6689890528,436,11380.265269344913,19,1,1
61,74454.77741684829,329,32063.149967193567,32,0,1
67,144832.50624349446,372,67247.15582105945,1,1,1
47,21604.301150914802,422,21059.68227988039,33,0,1
56,53953.6718208778,527,88871.46569063551,25,0,0
37,144069.3888430906,637,29560.352627912052,32,0,0
41,31859.68507674191,572,33791.402652941346,29,1,1
40,104331.80898556841,736,22579.740815245754,0,0,0
24,139264.98758731078,338,26126.728370112,7,1,1
26,157872.47083499312,725,8339.376340761039,0,1,1
18,101686.86447038669,614,30182.28729290276,9,0,0
43,133451.12710934173,808,86102.12850046168,31,1,0
55,117123.61332117103,456,69154.02959816573,39,1,0
55,29415.0389749978,556,87651.55218269603,1,1,0
71,153704.84370677237,755,11381.042423556306,30,0,0
78,51025.144859367494,346,46106.04645337375,3,1,1
61,25724.99562209144,631,23696.23242503139,11,1,0
39,101210.22493190701,309,72400.34346505866,30,0,0
61,175814.76571067184,443,97053.54464786316,40,1,0
27,47149.298778985154,730,81720.5884259785,22,1,0
72,22314.356141055498,451,4492.53850834963,32,1,1
79,39796.26243777508,786,32349.30976977918,7,0,1
75,85458.6405796892,435,3829.3893546018317,15,1,1
23,124430.93659843468,325,4976.529726167568,14,1,1
34,54742.18411746066,306,8872.015112276975,40,0,1
68,164353.5209040627,314,28356.365968085625,39,1,0
67,155593.48169883474,731,31116.073996174982,25,1,0
55,145255.45098776586,699,40644.89781025393,13,1,0
41,107744.56549679792,506,41088.17835216332,11,1,0
68,85739.05192411736,515,77369.49217247491,26,0,0
27,87605.59177366593,801,14998.921114311077,30,0,0
73,110552.696292032,758,16616.32096462151,3,0,0
25,33916.64363887782,558,63032.31611555116,29,1,0
38,142814.983316071,628,57602.47306705717,3,1,0
73,83271.35792167438,753,16246.46584272913,30,1,0
23,60456.580028963945,674,85374.178258538,33,1,0
38,70098.87268975501,763,33576.88199601954,3,0,0
